歌名,源文件,目标文件
人间惊鸿客,/Users/dong/Music/15/人间惊鸿客 (15键).txt,/Users/dong/Desktop/Learn/muios/public/人间惊鸿客 (15键).txt
夏恋,/Users/dong/Music/15/夏恋 (15键).txt,/Users/dong/Desktop/Learn/muios/public/夏恋 (15键).txt
最浪漫的事,/Users/dong/Music/15/最浪漫的事 (15键).txt,/Users/dong/Desktop/Learn/muios/public/最浪漫的事 (15键).txt
Nameof-Love,/Users/dong/Music/15/Name of love (15键).txt,/Users/dong/Desktop/Learn/muios/public/Name of love (15键).txt
Nameof-Love,/Users/dong/Music/15/Name.of.love (15键).txt,/Users/dong/Desktop/Learn/muios/public/Name.of.love (15键).txt
解药,/Users/dong/Music/15/解药 (15键).txt,/Users/dong/Desktop/Learn/muios/public/解药 (15键).txt
其实我不快乐钟嘉欣,/Users/dong/Music/15/其实我不快乐钟嘉欣 (15键).txt,/Users/dong/Desktop/Learn/muios/public/其实我不快乐钟嘉欣 (15键).txt
春泥,/Users/dong/Music/15/春泥    by小社 (15键).txt,/Users/dong/Desktop/Learn/muios/public/春泥    by小社 (15键).txt
春泥,/Users/dong/Music/15/春泥 (15键).txt,/Users/dong/Desktop/Learn/muios/public/春泥 (15键).txt
夜航星,/Users/dong/Music/15/夜航星 (15键).txt,/Users/dong/Desktop/Learn/muios/public/夜航星 (15键).txt
儿童节快乐,/Users/dong/Music/15/儿童节快乐 (15键).txt,/Users/dong/Desktop/Learn/muios/public/儿童节快乐 (15键).txt
Maria,/Users/dong/Music/15/Maria (15键).txt,/Users/dong/Desktop/Learn/muios/public/Maria (15键).txt
崩坏Regression,/Users/dong/Music/15/崩坏Regression (15键).txt,/Users/dong/Desktop/Learn/muios/public/崩坏Regression (15键).txt
爱在西元前,/Users/dong/Music/15/爱在西元前 (15键).txt,/Users/dong/Desktop/Learn/muios/public/爱在西元前 (15键).txt
尽管我们手中空无一物,/Users/dong/Music/15/尽管我们手中空无一物 (15键).txt,/Users/dong/Desktop/Learn/muios/public/尽管我们手中空无一物 (15键).txt
MarsAnd-Venus-微风山谷-班得瑞,/Users/dong/Music/15/MarsAnd-Venus--微风山谷-班得瑞 (15键).txt,/Users/dong/Desktop/Learn/muios/public/MarsAnd-Venus--微风山谷-班得瑞 (15键).txt
无感(前奏-杂),/Users/dong/Music/15/无感（前奏—杂） (15键).txt,/Users/dong/Desktop/Learn/muios/public/无感（前奏—杂） (15键).txt
错季,/Users/dong/Music/15/错季 (15键).txt,/Users/dong/Desktop/Learn/muios/public/错季 (15键).txt
Viva la vida,/Users/dong/Music/15/Viva.la.vida (15键).txt,/Users/dong/Desktop/Learn/muios/public/Viva.la.vida (15键).txt
Viva la vida,/Users/dong/Music/15/VivaLaVida (15键).txt,/Users/dong/Desktop/Learn/muios/public/VivaLaVida (15键).txt
一生所爱,/Users/dong/Music/15/一生所爱 (15键).txt,/Users/dong/Desktop/Learn/muios/public/一生所爱 (15键).txt
背叛,/Users/dong/Music/15/背叛 (15键).txt,/Users/dong/Desktop/Learn/muios/public/背叛 (15键).txt
一生所爱西游降魔主题曲,/Users/dong/Music/15/一生所爱西游降魔主题曲 (15键).txt,/Users/dong/Desktop/Learn/muios/public/一生所爱西游降魔主题曲 (15键).txt
赤い風船とメリーゴーランド savffy,/Users/dong/Music/15/赤い風船とメリーゴーランド_savffy (15键).txt,/Users/dong/Desktop/Learn/muios/public/赤い風船とメリーゴーランド_savffy (15键).txt
赤い風船とメリーゴーランド savffy,/Users/dong/Music/15/赤い風船とメリーゴーランド.savffy (15键).txt,/Users/dong/Desktop/Learn/muios/public/赤い風船とメリーゴーランド.savffy (15键).txt
国歌,/Users/dong/Music/15/国歌 (15键).txt,/Users/dong/Desktop/Learn/muios/public/国歌 (15键).txt
阿牛,/Users/dong/Music/15/阿牛 (15键).txt,/Users/dong/Desktop/Learn/muios/public/阿牛 (15键).txt
阿牛,/Users/dong/Music/15/阿牛    by小社 (15键).txt,/Users/dong/Desktop/Learn/muios/public/阿牛    by小社 (15键).txt
blue suger,/Users/dong/Music/15/blue.suger (15键).txt,/Users/dong/Desktop/Learn/muios/public/blue.suger (15键).txt
Therightpath,/Users/dong/Music/15/Therightpath (15键).txt,/Users/dong/Desktop/Learn/muios/public/Therightpath (15键).txt
Therightpath,/Users/dong/Music/15/The_Right_Path (15键).txt,/Users/dong/Desktop/Learn/muios/public/The_Right_Path (15键).txt
Therightpath,/Users/dong/Music/15/The right path (15键).txt,/Users/dong/Desktop/Learn/muios/public/The right path (15键).txt
一个像夏天一个像秋天,/Users/dong/Music/15/一个像夏天一个像秋天 (15键).txt,/Users/dong/Desktop/Learn/muios/public/一个像夏天一个像秋天 (15键).txt
这就是爱吗?,/Users/dong/Music/15/这就是爱吗？ (15键).txt,/Users/dong/Desktop/Learn/muios/public/这就是爱吗？ (15键).txt
这就是爱吗?,/Users/dong/Music/15/这就是爱吗 (15键).txt,/Users/dong/Desktop/Learn/muios/public/这就是爱吗 (15键).txt
夜は眠れるかい?,/Users/dong/Music/15/夜は眠れるかい (15键).txt,/Users/dong/Desktop/Learn/muios/public/夜は眠れるかい (15键).txt
夜は眠れるかい?,/Users/dong/Music/15/夜は眠れるかい？ (15键).txt,/Users/dong/Desktop/Learn/muios/public/夜は眠れるかい？ (15键).txt
sincerely,/Users/dong/Music/15/sincerely (15键).txt,/Users/dong/Desktop/Learn/muios/public/sincerely (15键).txt
TakeMe-Hand,/Users/dong/Music/15/Take me hand (15键).txt,/Users/dong/Desktop/Learn/muios/public/Take me hand (15键).txt
TakeMe-Hand,/Users/dong/Music/15/Take.me.hand (15键).txt,/Users/dong/Desktop/Learn/muios/public/Take.me.hand (15键).txt
TakeMe-Hand,/Users/dong/Music/15/Takemehand. (15键).txt,/Users/dong/Desktop/Learn/muios/public/Takemehand. (15键).txt
TakeMe-Hand,/Users/dong/Music/15/takemehand (15键).txt,/Users/dong/Desktop/Learn/muios/public/takemehand (15键).txt
TakeMe-Hand,/Users/dong/Music/15/Take  me  hand (15键).txt,/Users/dong/Desktop/Learn/muios/public/Take  me  hand (15键).txt
夜的钢琴曲27-石进,/Users/dong/Music/15/夜的钢琴曲27-石进 (15键).txt,/Users/dong/Desktop/Learn/muios/public/夜的钢琴曲27-石进 (15键).txt
双子不安的双子勇敢了几次是谁教会你孤独的方式,/Users/dong/Music/15/双子不安的双子勇敢了几次是谁教会你孤独的方式 (15键).txt,/Users/dong/Desktop/Learn/muios/public/双子不安的双子勇敢了几次是谁教会你孤独的方式 (15键).txt
富婆之歌,/Users/dong/Music/15/富婆之歌 (15键).txt,/Users/dong/Desktop/Learn/muios/public/富婆之歌 (15键).txt
尘埃,/Users/dong/Music/15/尘埃 (15键).txt,/Users/dong/Desktop/Learn/muios/public/尘埃 (15键).txt
请问您今天要来点兔子吗令人怀念的安逸,/Users/dong/Music/15/请问您今天要来点兔子吗令人怀念的安逸 (15键).txt,/Users/dong/Desktop/Learn/muios/public/请问您今天要来点兔子吗令人怀念的安逸 (15键).txt
美丽拍档国产凌凌漆插曲,/Users/dong/Music/15/美丽拍档国产凌凌漆插曲 (15键).txt,/Users/dong/Desktop/Learn/muios/public/美丽拍档国产凌凌漆插曲 (15键).txt
BeautifulChristina-Aguilera,/Users/dong/Music/15/BeautifulChristina-Aguilera (15键).txt,/Users/dong/Desktop/Learn/muios/public/BeautifulChristina-Aguilera (15键).txt
最终鬼畜妹芙兰朵露(完整!),/Users/dong/Music/15/最终鬼畜妹芙兰朵露（完整！） (15键).txt,/Users/dong/Desktop/Learn/muios/public/最终鬼畜妹芙兰朵露（完整！） (15键).txt
we don‘t talk anymore,/Users/dong/Music/15/we.don‘t.talk.anymore (15键).txt,/Users/dong/Desktop/Learn/muios/public/we.don‘t.talk.anymore (15键).txt
we don‘t talk anymore,/Users/dong/Music/15/we don‘t talk anymore (15键).txt,/Users/dong/Desktop/Learn/muios/public/we don‘t talk anymore (15键).txt
we don‘t talk anymore,/Users/dong/Music/15/wedon'ttalkanymore (15键).txt,/Users/dong/Desktop/Learn/muios/public/wedon'ttalkanymore (15键).txt
we don‘t talk anymore,/Users/dong/Music/15/wedon´ttalkanymore (15键).txt,/Users/dong/Desktop/Learn/muios/public/wedon´ttalkanymore (15键).txt
秦淮景杨,/Users/dong/Music/15/秦淮景杨 (15键).txt,/Users/dong/Desktop/Learn/muios/public/秦淮景杨 (15键).txt
那年我们变成了光,/Users/dong/Music/15/那年我们变成了光 (15键).txt,/Users/dong/Desktop/Learn/muios/public/那年我们变成了光 (15键).txt
向日葵家的轮舞曲,/Users/dong/Music/15/向日葵家的轮舞曲 (15键).txt,/Users/dong/Desktop/Learn/muios/public/向日葵家的轮舞曲 (15键).txt
如果一切没有发生过从天儿降插曲,/Users/dong/Music/15/如果一切没有发生过从天儿降插曲 (15键).txt,/Users/dong/Desktop/Learn/muios/public/如果一切没有发生过从天儿降插曲 (15键).txt
夜航星-不才(我的三体-章北海传ed),/Users/dong/Music/15/夜航星-不才（我的三体-章北海传ed） (15键).txt,/Users/dong/Desktop/Learn/muios/public/夜航星-不才（我的三体-章北海传ed） (15键).txt
无所谓杨坤,/Users/dong/Music/15/无所谓杨坤 (15键).txt,/Users/dong/Desktop/Learn/muios/public/无所谓杨坤 (15键).txt
Linusand-Lucy-Vince-Guaraldi,/Users/dong/Music/15/Linusand-Lucy-Vince-Guaraldi (15键).txt,/Users/dong/Desktop/Learn/muios/public/Linusand-Lucy-Vince-Guaraldi (15键).txt
花田错王力宏,/Users/dong/Music/15/花田错王力宏 (15键).txt,/Users/dong/Desktop/Learn/muios/public/花田错王力宏 (15键).txt
单身情歌林志炫,/Users/dong/Music/15/单身情歌林志炫 (15键).txt,/Users/dong/Desktop/Learn/muios/public/单身情歌林志炫 (15键).txt
mopemope小蓝花,/Users/dong/Music/15/mopemope小蓝花 (15键).txt,/Users/dong/Desktop/Learn/muios/public/mopemope小蓝花 (15键).txt
美丽的姑娘哈萨克族民歌,/Users/dong/Music/15/美丽的姑娘哈萨克族民歌 (15键).txt,/Users/dong/Desktop/Learn/muios/public/美丽的姑娘哈萨克族民歌 (15键).txt
大鱼周深,/Users/dong/Music/15/大鱼周深 (15键).txt,/Users/dong/Desktop/Learn/muios/public/大鱼周深 (15键).txt
玛依拉朱逢博,/Users/dong/Music/15/玛依拉朱逢博 (15键).txt,/Users/dong/Desktop/Learn/muios/public/玛依拉朱逢博 (15键).txt
SexyLove,/Users/dong/Music/15/sexylove (15键).txt,/Users/dong/Desktop/Learn/muios/public/sexylove (15键).txt
起风了(求晚夜微雨问海棠),/Users/dong/Music/15/起风了（求晚夜微雨问海棠） (15键).txt,/Users/dong/Desktop/Learn/muios/public/起风了（求晚夜微雨问海棠） (15键).txt
TalkKhalid,/Users/dong/Music/15/TalkKhalid (15键).txt,/Users/dong/Desktop/Learn/muios/public/TalkKhalid (15键).txt
LoveLana-Del-Rey,/Users/dong/Music/15/LoveLana-Del-Rey (15键).txt,/Users/dong/Desktop/Learn/muios/public/LoveLana-Del-Rey (15键).txt
逢他逢我,/Users/dong/Music/15/逢他逢我 (15键).txt,/Users/dong/Desktop/Learn/muios/public/逢他逢我 (15键).txt
雪语,/Users/dong/Music/15/雪语 (15键).txt,/Users/dong/Desktop/Learn/muios/public/雪语 (15键).txt
最后的旅行,/Users/dong/Music/15/最后的旅行 (15键).txt,/Users/dong/Desktop/Learn/muios/public/最后的旅行 (15键).txt
穿越时空的思恋,/Users/dong/Music/15/穿越时空的思恋 (15键).txt,/Users/dong/Desktop/Learn/muios/public/穿越时空的思恋 (15键).txt
葬花,/Users/dong/Music/15/葬花 (15键).txt,/Users/dong/Desktop/Learn/muios/public/葬花 (15键).txt
葬花,/Users/dong/Music/15/《葬花》 (15键).txt,/Users/dong/Desktop/Learn/muios/public/《葬花》 (15键).txt
魔法城堡TFBOYS,/Users/dong/Music/15/魔法城堡TFBOYS (15键).txt,/Users/dong/Desktop/Learn/muios/public/魔法城堡TFBOYS (15键).txt
Pink Blood,/Users/dong/Music/15/Pink Blood (15键).txt,/Users/dong/Desktop/Learn/muios/public/Pink Blood (15键).txt
Pink Blood,/Users/dong/Music/15/Pink.Blood (15键).txt,/Users/dong/Desktop/Learn/muios/public/Pink.Blood (15键).txt
东北民谣,/Users/dong/Music/15/东北民谣 (15键).txt,/Users/dong/Desktop/Learn/muios/public/东北民谣 (15键).txt
再次重逢的世界,/Users/dong/Music/15/再次重逢的世界 (15键).txt,/Users/dong/Desktop/Learn/muios/public/再次重逢的世界 (15键).txt
everytime we touch,/Users/dong/Music/15/everytime.we.touch (15键).txt,/Users/dong/Desktop/Learn/muios/public/everytime.we.touch (15键).txt
恋爱循环Renai Circulation 烛子ikina,/Users/dong/Music/15/恋爱循环Renai Circulation 烛子ikina (15键).txt,/Users/dong/Desktop/Learn/muios/public/恋爱循环Renai Circulation 烛子ikina (15键).txt
叹云兮,/Users/dong/Music/15/叹云兮 (15键).txt,/Users/dong/Desktop/Learn/muios/public/叹云兮 (15键).txt
漂洋过海来看你漂洋过海来看你主题曲,/Users/dong/Music/15/漂洋过海来看你漂洋过海来看你主题曲 (15键).txt,/Users/dong/Desktop/Learn/muios/public/漂洋过海来看你漂洋过海来看你主题曲 (15键).txt
SlowDown-Why-Dont-We,/Users/dong/Music/15/SlowDown-Why-Dont-We (15键).txt,/Users/dong/Desktop/Learn/muios/public/SlowDown-Why-Dont-We (15键).txt
鸟之诗原创和弦版-伊人,/Users/dong/Music/15/鸟之诗原创和弦版-伊人 (15键).txt,/Users/dong/Desktop/Learn/muios/public/鸟之诗原创和弦版-伊人 (15键).txt
JumpTwo-Steps-From-Hell,/Users/dong/Music/15/JumpTwo-Steps-From-Hell (15键).txt,/Users/dong/Desktop/Learn/muios/public/JumpTwo-Steps-From-Hell (15键).txt
LetIt-Snow-Let-It-Snow-Let-It-Snow,/Users/dong/Music/15/LetIt-Snow-Let-It-Snow-Let-It-Snow (15键).txt,/Users/dong/Desktop/Learn/muios/public/LetIt-Snow-Let-It-Snow-Let-It-Snow (15键).txt
小花主题曲yourbestfriend,/Users/dong/Music/15/小花主题曲yourbestfriend (15键).txt,/Users/dong/Desktop/Learn/muios/public/小花主题曲yourbestfriend (15键).txt
我有一个梦,/Users/dong/Music/15/我有一个梦 (15键).txt,/Users/dong/Desktop/Learn/muios/public/我有一个梦 (15键).txt
Luvletter(情书),/Users/dong/Music/15/Luvletter(情书) (15键).txt,/Users/dong/Desktop/Learn/muios/public/Luvletter(情书) (15键).txt
Luvletter(情书),/Users/dong/Music/15/LuvLetter（情书） (15键).txt,/Users/dong/Desktop/Learn/muios/public/LuvLetter（情书） (15键).txt
"你,好不好",/Users/dong/Music/15/你，好不好 (15键).txt,/Users/dong/Desktop/Learn/muios/public/你，好不好 (15键).txt
"你,好不好",/Users/dong/Music/15/你好不好 (15键).txt,/Users/dong/Desktop/Learn/muios/public/你好不好 (15键).txt
let me down slowly,/Users/dong/Music/15/let me down slowly (15键).txt,/Users/dong/Desktop/Learn/muios/public/let me down slowly (15键).txt
let me down slowly,/Users/dong/Music/15/letmedownslowly (15键).txt,/Users/dong/Desktop/Learn/muios/public/letmedownslowly (15键).txt
晚风心里吹【,/Users/dong/Music/15/晚风心里吹 (15键).txt,/Users/dong/Desktop/Learn/muios/public/晚风心里吹 (15键).txt
盗将行简单版-枕风宿雪多年我与虎谋早餐,/Users/dong/Music/15/盗将行简单版-枕风宿雪多年我与虎谋早餐 (15键).txt,/Users/dong/Desktop/Learn/muios/public/盗将行简单版-枕风宿雪多年我与虎谋早餐 (15键).txt
生日快乐歌,/Users/dong/Music/15/生日快乐歌 (15键).txt,/Users/dong/Desktop/Learn/muios/public/生日快乐歌 (15键).txt
今夏锦衣之下插曲,/Users/dong/Music/15/今夏锦衣之下插曲 (15键).txt,/Users/dong/Desktop/Learn/muios/public/今夏锦衣之下插曲 (15键).txt
BlindKesha,/Users/dong/Music/15/BlindKesha (15键).txt,/Users/dong/Desktop/Learn/muios/public/BlindKesha (15键).txt
JOJO此曲一出roundabout,/Users/dong/Music/15/JOJO此曲一出roundabout (15键).txt,/Users/dong/Desktop/Learn/muios/public/JOJO此曲一出roundabout (15键).txt
魂斗罗第二关与第四关背景音乐,/Users/dong/Music/15/魂斗罗第二关与第四关背景音乐 (15键).txt,/Users/dong/Desktop/Learn/muios/public/魂斗罗第二关与第四关背景音乐 (15键).txt
哀的决意,/Users/dong/Music/15/哀的决意 (15键).txt,/Users/dong/Desktop/Learn/muios/public/哀的决意 (15键).txt
远飞的大雁中国机长推广曲,/Users/dong/Music/15/远飞的大雁中国机长推广曲 (15键).txt,/Users/dong/Desktop/Learn/muios/public/远飞的大雁中国机长推广曲 (15键).txt
对的时间点动人旋律谱写时间与生命的感动,/Users/dong/Music/15/对的时间点动人旋律谱写时间与生命的感动 (15键).txt,/Users/dong/Desktop/Learn/muios/public/对的时间点动人旋律谱写时间与生命的感动 (15键).txt
NeoAspect,/Users/dong/Music/15/NeoAspect (15键).txt,/Users/dong/Desktop/Learn/muios/public/NeoAspect (15键).txt
NeoAspect,/Users/dong/Music/15/Neo.aspect (15键).txt,/Users/dong/Desktop/Learn/muios/public/Neo.aspect (15键).txt
爱了很久的朋友后来的我们插曲,/Users/dong/Music/15/爱了很久的朋友后来的我们插曲 (15键).txt,/Users/dong/Desktop/Learn/muios/public/爱了很久的朋友后来的我们插曲 (15键).txt
NoiseNightwish,/Users/dong/Music/15/NoiseNightwish (15键).txt,/Users/dong/Desktop/Learn/muios/public/NoiseNightwish (15键).txt
无题-山河令,/Users/dong/Music/15/无题-山河令 (15键).txt,/Users/dong/Desktop/Learn/muios/public/无题-山河令 (15键).txt
Don't fight the feeling,/Users/dong/Music/15/Don't fight the feeling (15键).txt,/Users/dong/Desktop/Learn/muios/public/Don't fight the feeling (15键).txt
Don't fight the feeling,/Users/dong/Music/15/Don't.fight.the.feeling (15键).txt,/Users/dong/Desktop/Learn/muios/public/Don't.fight.the.feeling (15键).txt
热爱105°C的你,/Users/dong/Music/15/热爱105°C的你 (15键).txt,/Users/dong/Desktop/Learn/muios/public/热爱105°C的你 (15键).txt
热爱105°C的你,/Users/dong/Music/15/热爱105℃的你 (15键).txt,/Users/dong/Desktop/Learn/muios/public/热爱105℃的你 (15键).txt
我要的飞翔,/Users/dong/Music/15/我要的飞翔 (15键).txt,/Users/dong/Desktop/Learn/muios/public/我要的飞翔 (15键).txt
东方Project 融合谱,/Users/dong/Music/15/东方Project.融合谱 (15键).txt,/Users/dong/Desktop/Learn/muios/public/东方Project.融合谱 (15键).txt
健康歌,/Users/dong/Music/15/健康歌 (15键).txt,/Users/dong/Desktop/Learn/muios/public/健康歌 (15键).txt
香水有毒,/Users/dong/Music/15/香水有毒 (15键).txt,/Users/dong/Desktop/Learn/muios/public/香水有毒 (15键).txt
LettingGo,/Users/dong/Music/15/Letting Go (15键).txt,/Users/dong/Desktop/Learn/muios/public/Letting Go (15键).txt
LettingGo,/Users/dong/Music/15/Letting.Go (15键).txt,/Users/dong/Desktop/Learn/muios/public/Letting.Go (15键).txt
LettingGo,/Users/dong/Music/15/lettinggo (15键).txt,/Users/dong/Desktop/Learn/muios/public/lettinggo (15键).txt
不完美小孩TFBOYS,/Users/dong/Music/15/不完美小孩TFBOYS (15键).txt,/Users/dong/Desktop/Learn/muios/public/不完美小孩TFBOYS (15键).txt
军港之夜苏小明,/Users/dong/Music/15/军港之夜苏小明 (15键).txt,/Users/dong/Desktop/Learn/muios/public/军港之夜苏小明 (15键).txt
FlowerDance烛子ikina,/Users/dong/Music/15/FlowerDance烛子ikina (15键).txt,/Users/dong/Desktop/Learn/muios/public/FlowerDance烛子ikina (15键).txt
FlowerDance烛子ikina,/Users/dong/Music/15/Flower Dance 烛子ikina (15键).txt,/Users/dong/Desktop/Learn/muios/public/Flower Dance 烛子ikina (15键).txt
Kiss the Rain,/Users/dong/Music/15/Kiss_the_Rain (15键).txt,/Users/dong/Desktop/Learn/muios/public/Kiss_the_Rain (15键).txt
Kiss the Rain,/Users/dong/Music/15/kiss the rain (15键).txt,/Users/dong/Desktop/Learn/muios/public/kiss the rain (15键).txt
Kiss the Rain,/Users/dong/Music/15/kiss.the.rain (15键).txt,/Users/dong/Desktop/Learn/muios/public/kiss.the.rain (15键).txt
缘之空,/Users/dong/Music/15/缘之空 (15键).txt,/Users/dong/Desktop/Learn/muios/public/缘之空 (15键).txt
栄の活躍Sakae-in-Action,/Users/dong/Music/15/栄の活躍.Sakae.In.Action (15键).txt,/Users/dong/Desktop/Learn/muios/public/栄の活躍.Sakae.In.Action (15键).txt
有你的江湖,/Users/dong/Music/15/有你的江湖- (15键).txt,/Users/dong/Desktop/Learn/muios/public/有你的江湖- (15键).txt
あの日のタイムマシン,/Users/dong/Music/15/あの日のタイムマシン (15键).txt,/Users/dong/Desktop/Learn/muios/public/あの日のタイムマシン (15键).txt
情人的关怀邓丽君,/Users/dong/Music/15/情人的关怀邓丽君 (15键).txt,/Users/dong/Desktop/Learn/muios/public/情人的关怀邓丽君 (15键).txt
花之舞(炫技版完整!),/Users/dong/Music/15/花之舞（炫技版完整！） (15键).txt,/Users/dong/Desktop/Learn/muios/public/花之舞（炫技版完整！） (15键).txt
阴阳先生,/Users/dong/Music/15/阴阳先生 (15键).txt,/Users/dong/Desktop/Learn/muios/public/阴阳先生 (15键).txt
小王子任务中音乐,/Users/dong/Music/15/小王子任务中音乐 (15键).txt,/Users/dong/Desktop/Learn/muios/public/小王子任务中音乐 (15键).txt
Yubikiri genman,/Users/dong/Music/15/Yubikiri.genman (15键).txt,/Users/dong/Desktop/Learn/muios/public/Yubikiri.genman (15键).txt
Yubikiri genman,/Users/dong/Music/15/YUBIKIRIGENMAN (15键).txt,/Users/dong/Desktop/Learn/muios/public/YUBIKIRIGENMAN (15键).txt
云雀,/Users/dong/Music/15/云雀 (15键).txt,/Users/dong/Desktop/Learn/muios/public/云雀 (15键).txt
Evermore,/Users/dong/Music/15/Evermore (15键).txt,/Users/dong/Desktop/Learn/muios/public/Evermore (15键).txt
DinosaurKesha,/Users/dong/Music/15/DinosaurKesha (15键).txt,/Users/dong/Desktop/Learn/muios/public/DinosaurKesha (15键).txt
吹灭小山河,/Users/dong/Music/15/吹灭小山河 (15键).txt,/Users/dong/Desktop/Learn/muios/public/吹灭小山河 (15键).txt
情歌,/Users/dong/Music/15/情歌 (15键).txt,/Users/dong/Desktop/Learn/muios/public/情歌 (15键).txt
美しい稲妻SKE48,/Users/dong/Music/15/美しい稲妻SKE48 (15键).txt,/Users/dong/Desktop/Learn/muios/public/美しい稲妻SKE48 (15键).txt
吃不到葡萄说葡萄酸,/Users/dong/Music/15/吃不到葡萄说葡萄酸 (15键).txt,/Users/dong/Desktop/Learn/muios/public/吃不到葡萄说葡萄酸 (15键).txt
空之爵迹网友原创,/Users/dong/Music/15/空之爵迹网友原创 (15键).txt,/Users/dong/Desktop/Learn/muios/public/空之爵迹网友原创 (15键).txt
拥抱粉雪天使恋曲角色主题歌,/Users/dong/Music/15/拥抱粉雪天使恋曲角色主题歌 (15键).txt,/Users/dong/Desktop/Learn/muios/public/拥抱粉雪天使恋曲角色主题歌 (15键).txt
手掌心,/Users/dong/Music/15/手掌心 (15键).txt,/Users/dong/Desktop/Learn/muios/public/手掌心 (15键).txt
怕来这不是你,/Users/dong/Music/15/怕来这不是你 (15键).txt,/Users/dong/Desktop/Learn/muios/public/怕来这不是你 (15键).txt
BWV775巴赫の二部创意曲第四章,/Users/dong/Music/15/BWV775巴赫の二部创意曲第四章 (15键).txt,/Users/dong/Desktop/Learn/muios/public/BWV775巴赫の二部创意曲第四章 (15键).txt
LastDance,/Users/dong/Music/15/lastdance (15键).txt,/Users/dong/Desktop/Learn/muios/public/lastdance (15键).txt
遇上你是我的缘,/Users/dong/Music/15/遇上你是我的缘 (15键).txt,/Users/dong/Desktop/Learn/muios/public/遇上你是我的缘 (15键).txt
ComeBack-To-Me-宇多田光,/Users/dong/Music/15/ComeBack-To-Me-宇多田光 (15键).txt,/Users/dong/Desktop/Learn/muios/public/ComeBack-To-Me-宇多田光 (15键).txt
鱼玄机,/Users/dong/Music/15/《鱼玄机》 (15键).txt,/Users/dong/Desktop/Learn/muios/public/《鱼玄机》 (15键).txt
鱼玄机,/Users/dong/Music/15/鱼玄机 (15键).txt,/Users/dong/Desktop/Learn/muios/public/鱼玄机 (15键).txt
Sadness and sorrow,/Users/dong/Music/15/Sadness and sorrow (15键).txt,/Users/dong/Desktop/Learn/muios/public/Sadness and sorrow (15键).txt
窗外,/Users/dong/Music/15/窗外 (15键).txt,/Users/dong/Desktop/Learn/muios/public/窗外 (15键).txt
夜的钢琴曲20-石进,/Users/dong/Music/15/夜的钢琴曲20-石进 (15键).txt,/Users/dong/Desktop/Learn/muios/public/夜的钢琴曲20-石进 (15键).txt
印地安老斑鸠周杰伦,/Users/dong/Music/15/印地安老斑鸠周杰伦 (15键).txt,/Users/dong/Desktop/Learn/muios/public/印地安老斑鸠周杰伦 (15键).txt
爱不老爱情公寓5特邀片尾曲,/Users/dong/Music/15/爱不老爱情公寓5特邀片尾曲 (15键).txt,/Users/dong/Desktop/Learn/muios/public/爱不老爱情公寓5特邀片尾曲 (15键).txt
安魂曲演唱,/Users/dong/Music/15/安魂曲演唱 (15键).txt,/Users/dong/Desktop/Learn/muios/public/安魂曲演唱 (15键).txt
东华倾心三生三世枕上书配乐,/Users/dong/Music/15/东华倾心三生三世枕上书配乐 (15键).txt,/Users/dong/Desktop/Learn/muios/public/东华倾心三生三世枕上书配乐 (15键).txt
心中想的还是他虹猫蓝兔,/Users/dong/Music/15/心中想的还是他虹猫蓝兔 (15键).txt,/Users/dong/Desktop/Learn/muios/public/心中想的还是他虹猫蓝兔 (15键).txt
三分甜(团),/Users/dong/Music/15/三分甜（团） (15键).txt,/Users/dong/Desktop/Learn/muios/public/三分甜（团） (15键).txt
等到世界颠倒,/Users/dong/Music/15/等到世界颠倒 (15键).txt,/Users/dong/Desktop/Learn/muios/public/等到世界颠倒 (15键).txt
I See the Light,/Users/dong/Music/15/I.See.the.Light (15键).txt,/Users/dong/Desktop/Learn/muios/public/I.See.the.Light (15键).txt
I See the Light,/Users/dong/Music/15/I See the Light  (15键).txt,/Users/dong/Desktop/Learn/muios/public/I See the Light  (15键).txt
I See the Light,/Users/dong/Music/15/I_see_the_light (15键).txt,/Users/dong/Desktop/Learn/muios/public/I_see_the_light (15键).txt
I See the Light,/Users/dong/Music/15/ISeetheLight (15键).txt,/Users/dong/Desktop/Learn/muios/public/ISeetheLight (15键).txt
瑶族长鼓舞,/Users/dong/Music/15/瑶族长鼓舞 (15键).txt,/Users/dong/Desktop/Learn/muios/public/瑶族长鼓舞 (15键).txt
六夜星[北北原创],/Users/dong/Music/15/六夜星[北北原创] (15键).txt,/Users/dong/Desktop/Learn/muios/public/六夜星[北北原创] (15键).txt
昨日的天明,/Users/dong/Music/15/昨日的天明 (15键).txt,/Users/dong/Desktop/Learn/muios/public/昨日的天明 (15键).txt
红鼻子驯鹿鲁道夫经典圣诞歌曲,/Users/dong/Music/15/红鼻子驯鹿鲁道夫经典圣诞歌曲 (15键).txt,/Users/dong/Desktop/Learn/muios/public/红鼻子驯鹿鲁道夫经典圣诞歌曲 (15键).txt
雪月盛京,/Users/dong/Music/15/雪月盛京 (15键).txt,/Users/dong/Desktop/Learn/muios/public/雪月盛京 (15键).txt
钟La Campanella,/Users/dong/Music/15/钟La.Campanella (15键).txt,/Users/dong/Desktop/Learn/muios/public/钟La.Campanella (15键).txt
钟La Campanella,/Users/dong/Music/15/《钟》La Campanella (15键).txt,/Users/dong/Desktop/Learn/muios/public/《钟》La Campanella (15键).txt
彼岸苍兰诀,/Users/dong/Music/15/彼岸《苍兰诀》 (15键).txt,/Users/dong/Desktop/Learn/muios/public/彼岸《苍兰诀》 (15键).txt
失去温暖Lost-Warmth,/Users/dong/Music/15/失去温暖Lost-Warmth (15键).txt,/Users/dong/Desktop/Learn/muios/public/失去温暖Lost-Warmth (15键).txt
小小天涯上古情歌插曲,/Users/dong/Music/15/小小天涯上古情歌插曲 (15键).txt,/Users/dong/Desktop/Learn/muios/public/小小天涯上古情歌插曲 (15键).txt
雨天孙燕姿,/Users/dong/Music/15/雨天孙燕姿 (15键).txt,/Users/dong/Desktop/Learn/muios/public/雨天孙燕姿 (15键).txt
Perfect,/Users/dong/Music/15/Perfect (15键).txt,/Users/dong/Desktop/Learn/muios/public/Perfect (15键).txt
RunawayKanye-West,/Users/dong/Music/15/RunawayKanye-West (15键).txt,/Users/dong/Desktop/Learn/muios/public/RunawayKanye-West (15键).txt
好日子宋祖英,/Users/dong/Music/15/好日子宋祖英 (15键).txt,/Users/dong/Desktop/Learn/muios/public/好日子宋祖英 (15键).txt
给你一瓶魔法药水,/Users/dong/Music/15/给你一瓶魔法药水 (15键).txt,/Users/dong/Desktop/Learn/muios/public/给你一瓶魔法药水 (15键).txt
Handinhand,/Users/dong/Music/15/Handinhand (15键).txt,/Users/dong/Desktop/Learn/muios/public/Handinhand (15键).txt
意外,/Users/dong/Music/15/意外 (15键).txt,/Users/dong/Desktop/Learn/muios/public/意外 (15键).txt
暗い森のサーカス初音ミク-鏡音リン-レン,/Users/dong/Music/15/暗い森のサーカス初音ミク-鏡音リン-レン (15键).txt,/Users/dong/Desktop/Learn/muios/public/暗い森のサーカス初音ミク-鏡音リン-レン (15键).txt
天外来物,/Users/dong/Music/15/天外来物    by小社 (15键).txt,/Users/dong/Desktop/Learn/muios/public/天外来物    by小社 (15键).txt
天外来物,/Users/dong/Music/15/天外来物 (15键).txt,/Users/dong/Desktop/Learn/muios/public/天外来物 (15键).txt
月光奏鸣曲第一乐章,/Users/dong/Music/15/月光奏鸣曲第一乐章 (15键).txt,/Users/dong/Desktop/Learn/muios/public/月光奏鸣曲第一乐章 (15键).txt
雨爱,/Users/dong/Music/15/雨爱 (15键).txt,/Users/dong/Desktop/Learn/muios/public/雨爱 (15键).txt
落雨声周杰伦,/Users/dong/Music/15/落雨声周杰伦 (15键).txt,/Users/dong/Desktop/Learn/muios/public/落雨声周杰伦 (15键).txt
EntertainerZayn,/Users/dong/Music/15/EntertainerZayn (15键).txt,/Users/dong/Desktop/Learn/muios/public/EntertainerZayn (15键).txt
湛蓝温度恋与制作人,/Users/dong/Music/15/湛蓝温度恋与制作人 (15键).txt,/Users/dong/Desktop/Learn/muios/public/湛蓝温度恋与制作人 (15键).txt
SecretBase,/Users/dong/Music/15/Secret Base (15键).txt,/Users/dong/Desktop/Learn/muios/public/Secret Base (15键).txt
SecretBase,/Users/dong/Music/15/Secret.base (15键).txt,/Users/dong/Desktop/Learn/muios/public/Secret.base (15键).txt
White Blood,/Users/dong/Music/15/White Blood (15键).txt,/Users/dong/Desktop/Learn/muios/public/White Blood (15键).txt
White Blood,/Users/dong/Music/15/White.Blood (15键).txt,/Users/dong/Desktop/Learn/muios/public/White.Blood (15键).txt
海上钢琴师终极斗琴,/Users/dong/Music/15/海上钢琴师终极斗琴 (15键).txt,/Users/dong/Desktop/Learn/muios/public/海上钢琴师终极斗琴 (15键).txt
奇妙的约会,/Users/dong/Music/15/奇妙的约会 (15键).txt,/Users/dong/Desktop/Learn/muios/public/奇妙的约会 (15键).txt
双面燕洵,/Users/dong/Music/15/双面燕洵 (15键).txt,/Users/dong/Desktop/Learn/muios/public/双面燕洵 (15键).txt
平安夜,/Users/dong/Music/15/平安夜 (15键).txt,/Users/dong/Desktop/Learn/muios/public/平安夜 (15键).txt
好好想把你写成一首歌,/Users/dong/Music/15/好好（想把你写成一首歌） (15键).txt,/Users/dong/Desktop/Learn/muios/public/好好（想把你写成一首歌） (15键).txt
好好想把你写成一首歌,/Users/dong/Music/15/好好想把你写成一首歌 (15键).txt,/Users/dong/Desktop/Learn/muios/public/好好想把你写成一首歌 (15键).txt
fake love,/Users/dong/Music/15/fake.love (15键).txt,/Users/dong/Desktop/Learn/muios/public/fake.love (15键).txt
fake love,/Users/dong/Music/15/fakelove (15键).txt,/Users/dong/Desktop/Learn/muios/public/fakelove (15键).txt
fake love,/Users/dong/Music/15/Fake Love (15键).txt,/Users/dong/Desktop/Learn/muios/public/Fake Love (15键).txt
菊次郎的夏天(夏卡重制版),/Users/dong/Music/15/菊次郎的夏天(夏卡重制版) (15键).txt,/Users/dong/Desktop/Learn/muios/public/菊次郎的夏天(夏卡重制版) (15键).txt
逆流成河金南玲,/Users/dong/Music/15/逆流成河金南玲 (15键).txt,/Users/dong/Desktop/Learn/muios/public/逆流成河金南玲 (15键).txt
PreussensGloria,/Users/dong/Music/15/PreussensGloria (15键).txt,/Users/dong/Desktop/Learn/muios/public/PreussensGloria (15键).txt
爱你没差,/Users/dong/Music/15/爱你没差 (15键).txt,/Users/dong/Desktop/Learn/muios/public/爱你没差 (15键).txt
爱我中华一碗什锦饭,/Users/dong/Music/15/爱我中华一碗什锦饭 (15键).txt,/Users/dong/Desktop/Learn/muios/public/爱我中华一碗什锦饭 (15键).txt
爱我中华一碗什锦饭,/Users/dong/Music/15/爱我中华(一碗什锦饭 (15键).txt,/Users/dong/Desktop/Learn/muios/public/爱我中华(一碗什锦饭 (15键).txt
失眠播报【,/Users/dong/Music/15/失眠播报 (15键).txt,/Users/dong/Desktop/Learn/muios/public/失眠播报 (15键).txt
脳漿炸裂ガール-脑浆炸裂女孩,/Users/dong/Music/15/脳漿炸裂ガール脑浆炸裂女孩 (15键).txt,/Users/dong/Desktop/Learn/muios/public/脳漿炸裂ガール脑浆炸裂女孩 (15键).txt
脳漿炸裂ガール-脑浆炸裂女孩,/Users/dong/Music/15/脳漿炸裂ガール-脑浆炸裂女孩 (15键).txt,/Users/dong/Desktop/Learn/muios/public/脳漿炸裂ガール-脑浆炸裂女孩 (15键).txt
LeaveBefore-You-Love-Me,/Users/dong/Music/15/LeaveBefore-You-Love-Me (15键).txt,/Users/dong/Desktop/Learn/muios/public/LeaveBefore-You-Love-Me (15键).txt
锦鲤抄笛,/Users/dong/Music/15/锦鲤抄笛 (15键).txt,/Users/dong/Desktop/Learn/muios/public/锦鲤抄笛 (15键).txt
起风了,/Users/dong/Music/15/《起风了》 (15键).txt,/Users/dong/Desktop/Learn/muios/public/《起风了》 (15键).txt
起风了,/Users/dong/Music/15/起风了 (15键).txt,/Users/dong/Desktop/Learn/muios/public/起风了 (15键).txt
UnstoppableSia,/Users/dong/Music/15/UnstoppableSia (15键).txt,/Users/dong/Desktop/Learn/muios/public/UnstoppableSia (15键).txt
aLlEz,/Users/dong/Music/15/aLlEz (15键).txt,/Users/dong/Desktop/Learn/muios/public/aLlEz (15键).txt
See You Again (Stb),/Users/dong/Music/15/See_You_Again_(Stb) (15键).txt,/Users/dong/Desktop/Learn/muios/public/See_You_Again_(Stb) (15键).txt
半情歌 元若蓝,/Users/dong/Music/15/半情歌.元若蓝 (15键).txt,/Users/dong/Desktop/Learn/muios/public/半情歌.元若蓝 (15键).txt
可念不可说,/Users/dong/Music/15/可念不可说 (15键).txt,/Users/dong/Desktop/Learn/muios/public/可念不可说 (15键).txt
SuperheroesThe-Script,/Users/dong/Music/15/SuperheroesThe-Script (15键).txt,/Users/dong/Desktop/Learn/muios/public/SuperheroesThe-Script (15键).txt
囚鸟原版,/Users/dong/Music/15/囚鸟原版 (15键).txt,/Users/dong/Desktop/Learn/muios/public/囚鸟原版 (15键).txt
满天星辰不及你,/Users/dong/Music/15/满天星辰不及你 (15键).txt,/Users/dong/Desktop/Learn/muios/public/满天星辰不及你 (15键).txt
你一定要幸福【,/Users/dong/Music/15/你一定要幸福 (15键).txt,/Users/dong/Desktop/Learn/muios/public/你一定要幸福 (15键).txt
莫望将夜莫山山人物主题曲,/Users/dong/Music/15/莫望将夜莫山山人物主题曲 (15键).txt,/Users/dong/Desktop/Learn/muios/public/莫望将夜莫山山人物主题曲 (15键).txt
LoveYouself,/Users/dong/Music/15/LoveYouself (15键).txt,/Users/dong/Desktop/Learn/muios/public/LoveYouself (15键).txt
义勇军进行曲简单版-中华人民共和国国歌,/Users/dong/Music/15/义勇军进行曲简单版-中华人民共和国国歌 (15键).txt,/Users/dong/Desktop/Learn/muios/public/义勇军进行曲简单版-中华人民共和国国歌 (15键).txt
雅俗共赏许嵩,/Users/dong/Music/15/雅俗共赏许嵩 (15键).txt,/Users/dong/Desktop/Learn/muios/public/雅俗共赏许嵩 (15键).txt
如果雨之后周兴哲,/Users/dong/Music/15/如果雨之后周兴哲 (15键).txt,/Users/dong/Desktop/Learn/muios/public/如果雨之后周兴哲 (15键).txt
RayBump-of-Chicken-and-初音ミク,/Users/dong/Music/15/RayBump-of-Chicken-and-初音ミク (15键).txt,/Users/dong/Desktop/Learn/muios/public/RayBump-of-Chicken-and-初音ミク (15键).txt
加勒比海盗,/Users/dong/Music/15/加勒比海盗 (15键).txt,/Users/dong/Desktop/Learn/muios/public/加勒比海盗 (15键).txt
加勒比海盗,/Users/dong/Music/15/加勒比海盗   by小社 (15键).txt,/Users/dong/Desktop/Learn/muios/public/加勒比海盗   by小社 (15键).txt
pdd,/Users/dong/Music/15/pdd (15键).txt,/Users/dong/Desktop/Learn/muios/public/pdd (15键).txt
花园种花(挖呀挖呀挖),/Users/dong/Music/15/花园种花(挖呀挖呀挖) (15键).txt,/Users/dong/Desktop/Learn/muios/public/花园种花(挖呀挖呀挖) (15键).txt
岁月静歌,/Users/dong/Music/15/岁月静歌 (15键).txt,/Users/dong/Desktop/Learn/muios/public/岁月静歌 (15键).txt
lostmemory,/Users/dong/Music/15/lostmemory (15键).txt,/Users/dong/Desktop/Learn/muios/public/lostmemory (15键).txt
lostmemory,/Users/dong/Music/15/lost memory (15键).txt,/Users/dong/Desktop/Learn/muios/public/lost memory (15键).txt
离岛之歌-阳改,/Users/dong/Music/15/离岛之歌-阳改 (15键).txt,/Users/dong/Desktop/Learn/muios/public/离岛之歌-阳改 (15键).txt
多情应是我(简陋版),/Users/dong/Music/15/多情应是我（简陋版） (15键).txt,/Users/dong/Desktop/Learn/muios/public/多情应是我（简陋版） (15键).txt
情书,/Users/dong/Music/15/情书💘 (15键).txt,/Users/dong/Desktop/Learn/muios/public/情书💘 (15键).txt
BraveSara-Bareilles,/Users/dong/Music/15/BraveSara-Bareilles (15键).txt,/Users/dong/Desktop/Learn/muios/public/BraveSara-Bareilles (15键).txt
何以歌魔道祖师广播剧主题曲,/Users/dong/Music/15/何以歌魔道祖师广播剧主题曲 (15键).txt,/Users/dong/Desktop/Learn/muios/public/何以歌魔道祖师广播剧主题曲 (15键).txt
ロストワンの号哭镜音リン,/Users/dong/Music/15/ロストワンの号哭镜音リン (15键).txt,/Users/dong/Desktop/Learn/muios/public/ロストワンの号哭镜音リン (15键).txt
Talkingtothemoon,/Users/dong/Music/15/Talkingtothemoon (15键).txt,/Users/dong/Desktop/Learn/muios/public/Talkingtothemoon (15键).txt
Talkingtothemoon,/Users/dong/Music/15/talking.to.the.moon. (15键).txt,/Users/dong/Desktop/Learn/muios/public/talking.to.the.moon. (15键).txt
地狱把妹王helltaker,/Users/dong/Music/15/地狱把妹王helltaker (15键).txt,/Users/dong/Desktop/Learn/muios/public/地狱把妹王helltaker (15键).txt
给你的歌,/Users/dong/Music/15/给你的歌 (15键).txt,/Users/dong/Desktop/Learn/muios/public/给你的歌 (15键).txt
神兵小将-梦的光点,/Users/dong/Music/15/神兵小将-梦的光点 (15键).txt,/Users/dong/Desktop/Learn/muios/public/神兵小将-梦的光点 (15键).txt
夏的呼唤,/Users/dong/Music/15/夏的呼唤 (15键).txt,/Users/dong/Desktop/Learn/muios/public/夏的呼唤 (15键).txt
蜘蛛糸(sasakureUK),/Users/dong/Music/15/蜘蛛糸（sasakureUK） (15键).txt,/Users/dong/Desktop/Learn/muios/public/蜘蛛糸（sasakureUK） (15键).txt
星语心愿,/Users/dong/Music/15/星语心愿 (15键).txt,/Users/dong/Desktop/Learn/muios/public/星语心愿 (15键).txt
最伟大的作品,/Users/dong/Music/15/最伟大的作品 (15键).txt,/Users/dong/Desktop/Learn/muios/public/最伟大的作品 (15键).txt
海芋恋萧敬腾,/Users/dong/Music/15/海芋恋萧敬腾 (15键).txt,/Users/dong/Desktop/Learn/muios/public/海芋恋萧敬腾 (15键).txt
seasons in the sun,/Users/dong/Music/15/seasons in the sun (15键).txt,/Users/dong/Desktop/Learn/muios/public/seasons in the sun (15键).txt
seasons in the sun,/Users/dong/Music/15/seasons.in.the.sun (15键).txt,/Users/dong/Desktop/Learn/muios/public/seasons.in.the.sun (15键).txt
LucidDream-Aespa,/Users/dong/Music/15/LucidDream-Aespa (15键).txt,/Users/dong/Desktop/Learn/muios/public/LucidDream-Aespa (15键).txt
消失の音符,/Users/dong/Music/15/消失の音符 (15键).txt,/Users/dong/Desktop/Learn/muios/public/消失の音符 (15键).txt
晴天原调简单版-周杰伦,/Users/dong/Music/15/晴天原调简单版-周杰伦 (15键).txt,/Users/dong/Desktop/Learn/muios/public/晴天原调简单版-周杰伦 (15键).txt
十年陈奕迅,/Users/dong/Music/15/十年陈奕迅 (15键).txt,/Users/dong/Desktop/Learn/muios/public/十年陈奕迅 (15键).txt
Troubleis-a-friend-困难是朋友,/Users/dong/Music/15/Troubleis-a-friend-困难是朋友 (15键).txt,/Users/dong/Desktop/Learn/muios/public/Troubleis-a-friend-困难是朋友 (15键).txt
婚礼进行曲,/Users/dong/Music/15/婚礼进行曲 (15键).txt,/Users/dong/Desktop/Learn/muios/public/婚礼进行曲 (15键).txt
林俊杰串烧首,/Users/dong/Music/15/林俊杰串烧首 (15键).txt,/Users/dong/Desktop/Learn/muios/public/林俊杰串烧首 (15键).txt
残酷天使的行动纲领新世纪福音战士主题曲,/Users/dong/Music/15/残酷天使的行动纲领新世纪福音战士主题曲 (15键).txt,/Users/dong/Desktop/Learn/muios/public/残酷天使的行动纲领新世纪福音战士主题曲 (15键).txt
爱情天堂Love-Paradise,/Users/dong/Music/15/爱情天堂Love-Paradise (15键).txt,/Users/dong/Desktop/Learn/muios/public/爱情天堂Love-Paradise (15键).txt
世界小小小,/Users/dong/Music/15/世界小小小 (15键).txt,/Users/dong/Desktop/Learn/muios/public/世界小小小 (15键).txt
Aspirin,/Users/dong/Music/15/Aspirin (15键).txt,/Users/dong/Desktop/Learn/muios/public/Aspirin (15键).txt
安妮的仙境Annies-Wonderland,/Users/dong/Music/15/安妮的仙境Annies-Wonderland (15键).txt,/Users/dong/Desktop/Learn/muios/public/安妮的仙境Annies-Wonderland (15键).txt
斗罗主题曲(破茧),/Users/dong/Music/15/斗罗主题曲(破茧) (15键).txt,/Users/dong/Desktop/Learn/muios/public/斗罗主题曲(破茧) (15键).txt
人间,/Users/dong/Music/15/人间 (15键).txt,/Users/dong/Desktop/Learn/muios/public/人间 (15键).txt
大海,/Users/dong/Music/15/大海 (15键).txt,/Users/dong/Desktop/Learn/muios/public/大海 (15键).txt
背过手,/Users/dong/Music/15/背过手 (15键).txt,/Users/dong/Desktop/Learn/muios/public/背过手 (15键).txt
夜、萤火虫和你,/Users/dong/Music/15/夜，萤火虫，和你 (15键).txt,/Users/dong/Desktop/Learn/muios/public/夜，萤火虫，和你 (15键).txt
夜、萤火虫和你,/Users/dong/Music/15/夜萤火虫和你 (15键).txt,/Users/dong/Desktop/Learn/muios/public/夜萤火虫和你 (15键).txt
夜、萤火虫和你,/Users/dong/Music/15/夜·萤火虫和你 (15键).txt,/Users/dong/Desktop/Learn/muios/public/夜·萤火虫和你 (15键).txt
夜、萤火虫和你,/Users/dong/Music/15/夜，萤火虫和你 (15键).txt,/Users/dong/Desktop/Learn/muios/public/夜，萤火虫和你 (15键).txt
夜、萤火虫和你,"/Users/dong/Music/15/夜,萤火虫和你 (15键).txt","/Users/dong/Desktop/Learn/muios/public/夜,萤火虫和你 (15键).txt"
夜、萤火虫和你,/Users/dong/Music/15/夜、萤火虫和你 (15键).txt,/Users/dong/Desktop/Learn/muios/public/夜、萤火虫和你 (15键).txt
三键成曲-周杰伦,/Users/dong/Music/15/三键成曲-周杰伦 (15键).txt,/Users/dong/Desktop/Learn/muios/public/三键成曲-周杰伦 (15键).txt
Black Board,/Users/dong/Music/15/Black.Board (15键).txt,/Users/dong/Desktop/Learn/muios/public/Black.Board (15键).txt
乙女解剖,/Users/dong/Music/15/乙女解剖 (15键).txt,/Users/dong/Desktop/Learn/muios/public/乙女解剖 (15键).txt
稻香,/Users/dong/Music/15/稻香 (15键).txt,/Users/dong/Desktop/Learn/muios/public/稻香 (15键).txt
Letter演奏会live-Yiruma,/Users/dong/Music/15/Letter演奏会live-Yiruma (15键).txt,/Users/dong/Desktop/Learn/muios/public/Letter演奏会live-Yiruma (15键).txt
风波恶,/Users/dong/Music/15/风波恶 (15键).txt,/Users/dong/Desktop/Learn/muios/public/风波恶 (15键).txt
日暮里新,/Users/dong/Music/15/日暮里新 (15键).txt,/Users/dong/Desktop/Learn/muios/public/日暮里新 (15键).txt
Hide and Seek,/Users/dong/Music/15/Hide.and.Seek (15键).txt,/Users/dong/Desktop/Learn/muios/public/Hide.and.Seek (15键).txt
Hide and Seek,/Users/dong/Music/15/HideandSeek (15键).txt,/Users/dong/Desktop/Learn/muios/public/HideandSeek (15键).txt
Adagio in c minor,/Users/dong/Music/15/Adagio in c minor (15键).txt,/Users/dong/Desktop/Learn/muios/public/Adagio in c minor (15键).txt
Adagio in c minor,/Users/dong/Music/15/Adagio.in.c.minor (15键).txt,/Users/dong/Desktop/Learn/muios/public/Adagio.in.c.minor (15键).txt
我加你等于永远Forever,/Users/dong/Music/15/我加你等于永远Forever (15键).txt,/Users/dong/Desktop/Learn/muios/public/我加你等于永远Forever (15键).txt
雪月,/Users/dong/Music/15/雪月 (15键).txt,/Users/dong/Desktop/Learn/muios/public/雪月 (15键).txt
夜之钢琴曲五,/Users/dong/Music/15/夜之钢琴曲五 (15键).txt,/Users/dong/Desktop/Learn/muios/public/夜之钢琴曲五 (15键).txt
喀秋莎Katyusha,/Users/dong/Music/15/喀秋莎Katyusha (15键).txt,/Users/dong/Desktop/Learn/muios/public/喀秋莎Katyusha (15键).txt
Patience,/Users/dong/Music/15/Patience (15键).txt,/Users/dong/Desktop/Learn/muios/public/Patience (15键).txt
喜欢你陈洁仪,/Users/dong/Music/15/喜欢你陈洁仪 (15键).txt,/Users/dong/Desktop/Learn/muios/public/喜欢你陈洁仪 (15键).txt
小星星变奏曲,/Users/dong/Music/15/小星星变奏曲 (15键).txt,/Users/dong/Desktop/Learn/muios/public/小星星变奏曲 (15键).txt
中国话S-H-E,/Users/dong/Music/15/中国话S-H-E (15键).txt,/Users/dong/Desktop/Learn/muios/public/中国话S-H-E (15键).txt
腐草为萤,/Users/dong/Music/15/腐草为萤 (15键).txt,/Users/dong/Desktop/Learn/muios/public/腐草为萤 (15键).txt
small box,/Users/dong/Music/15/small.box (15键).txt,/Users/dong/Desktop/Learn/muios/public/small.box (15键).txt
small box,/Users/dong/Music/15/small box (15键).txt,/Users/dong/Desktop/Learn/muios/public/small box (15键).txt
Whenthe-Partys-Over,/Users/dong/Music/15/When.the.party's.over (15键).txt,/Users/dong/Desktop/Learn/muios/public/When.the.party's.over (15键).txt
盛夏好声音SNH48,/Users/dong/Music/15/盛夏好声音SNH48 (15键).txt,/Users/dong/Desktop/Learn/muios/public/盛夏好声音SNH48 (15键).txt
手语周杰伦-十二新作,/Users/dong/Music/15/手语周杰伦-十二新作- (15键).txt,/Users/dong/Desktop/Learn/muios/public/手语周杰伦-十二新作- (15键).txt
红尘客栈周杰伦,/Users/dong/Music/15/红尘客栈周杰伦 (15键).txt,/Users/dong/Desktop/Learn/muios/public/红尘客栈周杰伦 (15键).txt
够钟周柏豪,/Users/dong/Music/15/够钟周柏豪 (15键).txt,/Users/dong/Desktop/Learn/muios/public/够钟周柏豪 (15键).txt
中华粘土娘,/Users/dong/Music/15/中华粘土娘 (15键).txt,/Users/dong/Desktop/Learn/muios/public/中华粘土娘 (15键).txt
mascara烟熏妆,/Users/dong/Music/15/mascara烟熏妆 (15键).txt,/Users/dong/Desktop/Learn/muios/public/mascara烟熏妆 (15键).txt
从前说简单版-从前对妈妈说谎翻山越岭只为能与你拥抱一场,/Users/dong/Music/15/从前说简单版-从前对妈妈说谎翻山越岭只为能与你拥抱一场 (15键).txt,/Users/dong/Desktop/Learn/muios/public/从前说简单版-从前对妈妈说谎翻山越岭只为能与你拥抱一场 (15键).txt
いつもどんなときも全員のためにLoveLive第二季音乐原声,/Users/dong/Music/15/いつもどんなときも全員のためにLoveLive第二季音乐原声 (15键).txt,/Users/dong/Desktop/Learn/muios/public/いつもどんなときも全員のためにLoveLive第二季音乐原声 (15键).txt
后来,/Users/dong/Music/15/后来 (15键).txt,/Users/dong/Desktop/Learn/muios/public/后来 (15键).txt
漠河舞厅,/Users/dong/Music/15/漠河舞厅 (15键).txt,/Users/dong/Desktop/Learn/muios/public/漠河舞厅 (15键).txt
漠河舞厅,/Users/dong/Music/15/《漠河舞厅》 (15键).txt,/Users/dong/Desktop/Learn/muios/public/《漠河舞厅》 (15键).txt
镜夜第二版(东篱自制曲谱),/Users/dong/Music/15/镜夜第二版（东篱自制曲谱） (15键).txt,/Users/dong/Desktop/Learn/muios/public/镜夜第二版（东篱自制曲谱） (15键).txt
要不然我们就这样一万年,/Users/dong/Music/15/要不然我们就这样一万年 (15键).txt,/Users/dong/Desktop/Learn/muios/public/要不然我们就这样一万年 (15键).txt
明治十七年の上海アリス东方红魔乡,/Users/dong/Music/15/明治十七年の上海アリス东方红魔乡 (15键).txt,/Users/dong/Desktop/Learn/muios/public/明治十七年の上海アリス东方红魔乡 (15键).txt
钟无艳,/Users/dong/Music/15/钟无艳 (15键).txt,/Users/dong/Desktop/Learn/muios/public/钟无艳 (15键).txt
Dream of Our Generation,/Users/dong/Music/15/Dream.of.Our.Generation (15键).txt,/Users/dong/Desktop/Learn/muios/public/Dream.of.Our.Generation (15键).txt
Dream of Our Generation,/Users/dong/Music/15/Dream of Our Generation (15键).txt,/Users/dong/Desktop/Learn/muios/public/Dream of Our Generation (15键).txt
John Legend All of Me,/Users/dong/Music/15/John.Legend.All.of.Me (15键).txt,/Users/dong/Desktop/Learn/muios/public/John.Legend.All.of.Me (15键).txt
John Legend All of Me,/Users/dong/Music/15/John_Legend_All_of_Me (15键).txt,/Users/dong/Desktop/Learn/muios/public/John_Legend_All_of_Me (15键).txt
The Ludlows,/Users/dong/Music/15/The.Ludlows (15键).txt,/Users/dong/Desktop/Learn/muios/public/The.Ludlows (15键).txt
Falling Flower 舞い落ちる花びら,/Users/dong/Music/15/Falling.Flower.舞い落ちる花びら (15键).txt,/Users/dong/Desktop/Learn/muios/public/Falling.Flower.舞い落ちる花びら (15键).txt
Falling Flower 舞い落ちる花びら,/Users/dong/Music/15/Falling Flower 舞い落ちる花びら (15键).txt,/Users/dong/Desktop/Learn/muios/public/Falling Flower 舞い落ちる花びら (15键).txt
我是如此相信,/Users/dong/Music/15/我是如此相信 (15键).txt,/Users/dong/Desktop/Learn/muios/public/我是如此相信 (15键).txt
一天一天-Bigbang,/Users/dong/Music/15/一天一天-Bigbang (15键).txt,/Users/dong/Desktop/Learn/muios/public/一天一天-Bigbang (15键).txt
FluxEllie-Goulding,/Users/dong/Music/15/FluxEllie-Goulding (15键).txt,/Users/dong/Desktop/Learn/muios/public/FluxEllie-Goulding (15键).txt
向着无尽之灰,/Users/dong/Music/15/向着无尽之灰 (15键).txt,/Users/dong/Desktop/Learn/muios/public/向着无尽之灰 (15键).txt
中国人民解放军进行曲中国人民解放军军歌,/Users/dong/Music/15/中国人民解放军进行曲中国人民解放军军歌 (15键).txt,/Users/dong/Desktop/Learn/muios/public/中国人民解放军进行曲中国人民解放军军歌 (15键).txt
心中另一个自己,/Users/dong/Music/15/心中另一个自己 (15键).txt,/Users/dong/Desktop/Learn/muios/public/心中另一个自己 (15键).txt
黎明前的黑暗,/Users/dong/Music/15/黎明前的黑暗 by 光遇-天使 (15键).txt,/Users/dong/Desktop/Learn/muios/public/黎明前的黑暗 by 光遇-天使 (15键).txt
黎明前的黑暗,/Users/dong/Music/15/黎明前的黑暗 (15键).txt,/Users/dong/Desktop/Learn/muios/public/黎明前的黑暗 (15键).txt
逆浪千秋2018年哔哩哔哩拜年祭,/Users/dong/Music/15/逆浪千秋2018年哔哩哔哩拜年祭 (15键).txt,/Users/dong/Desktop/Learn/muios/public/逆浪千秋2018年哔哩哔哩拜年祭 (15键).txt
你头顶的风,/Users/dong/Music/15/你头顶的风 (15键).txt,/Users/dong/Desktop/Learn/muios/public/你头顶的风 (15键).txt
半生雪,/Users/dong/Music/15/半生雪 (15键).txt,/Users/dong/Desktop/Learn/muios/public/半生雪 (15键).txt
yet to come,/Users/dong/Music/15/yet.to.come (15键).txt,/Users/dong/Desktop/Learn/muios/public/yet.to.come (15键).txt
Fascination周笔畅,/Users/dong/Music/15/Fascination周笔畅 (15键).txt,/Users/dong/Desktop/Learn/muios/public/Fascination周笔畅 (15键).txt
NocturneOp-40-No-2-Oleg-Gorodenskyi,/Users/dong/Music/15/NocturneOp-40-No-2-Oleg-Gorodenskyi (15键).txt,/Users/dong/Desktop/Learn/muios/public/NocturneOp-40-No-2-Oleg-Gorodenskyi (15键).txt
LoveSong-BigBang,/Users/dong/Music/15/LoveSong---BigBang (15键).txt,/Users/dong/Desktop/Learn/muios/public/LoveSong---BigBang (15键).txt
多情种 2,/Users/dong/Music/15/多情种 2 (15键).txt,/Users/dong/Desktop/Learn/muios/public/多情种 2 (15键).txt
多情种 2,/Users/dong/Music/15/多情种 (2) (15键).txt,/Users/dong/Desktop/Learn/muios/public/多情种 (2) (15键).txt
爱河神马乐队,/Users/dong/Music/15/爱河神马乐队 (15键).txt,/Users/dong/Desktop/Learn/muios/public/爱河神马乐队 (15键).txt
北极星的眼泪微笑PASTA背景音乐,/Users/dong/Music/15/北极星的眼泪微笑PASTA背景音乐 (15键).txt,/Users/dong/Desktop/Learn/muios/public/北极星的眼泪微笑PASTA背景音乐 (15键).txt
LilyAlan-Walker和K-391和Emelie-Hollow,/Users/dong/Music/15/LilyAlan-Walker和K-391和Emelie-Hollow (15键).txt,/Users/dong/Desktop/Learn/muios/public/LilyAlan-Walker和K-391和Emelie-Hollow (15键).txt
我们 陈奕迅【,/Users/dong/Music/15/我们陈奕迅 (15键).txt,/Users/dong/Desktop/Learn/muios/public/我们陈奕迅 (15键).txt
我们 陈奕迅【,/Users/dong/Music/15/我们-陈奕迅 (15键).txt,/Users/dong/Desktop/Learn/muios/public/我们-陈奕迅 (15键).txt
水面のワルツ水面华尔兹,/Users/dong/Music/15/水面のワルツ水面华尔兹 (15键).txt,/Users/dong/Desktop/Learn/muios/public/水面のワルツ水面华尔兹 (15键).txt
ひまわりの家の轮舞曲,/Users/dong/Music/15/ひまわりの家の轮舞曲 (15键).txt,/Users/dong/Desktop/Learn/muios/public/ひまわりの家の轮舞曲 (15键).txt
M圣母玛利亚-滨崎步,/Users/dong/Music/15/M圣母玛利亚--滨崎步 (15键).txt,/Users/dong/Desktop/Learn/muios/public/M圣母玛利亚--滨崎步 (15键).txt
Mystic Fragrance,/Users/dong/Music/15/Mystic.Fragrance (15键).txt,/Users/dong/Desktop/Learn/muios/public/Mystic.Fragrance (15键).txt
Mystic Fragrance,/Users/dong/Music/15/MysticFragrance (15键).txt,/Users/dong/Desktop/Learn/muios/public/MysticFragrance (15键).txt
怎么说我不爱你萧敬腾,/Users/dong/Music/15/怎么说我不爱你萧敬腾 (15键).txt,/Users/dong/Desktop/Learn/muios/public/怎么说我不爱你萧敬腾 (15键).txt
Done for me,/Users/dong/Music/15/Done.for.me (15键).txt,/Users/dong/Desktop/Learn/muios/public/Done.for.me (15键).txt
破茧-何以解忧,/Users/dong/Music/15/《破茧》-何以解忧 (15键).txt,/Users/dong/Desktop/Learn/muios/public/《破茧》-何以解忧 (15键).txt
pastlives,/Users/dong/Music/15/Pastlives (15键).txt,/Users/dong/Desktop/Learn/muios/public/Pastlives (15键).txt
pastlives,/Users/dong/Music/15/past.lives (15键).txt,/Users/dong/Desktop/Learn/muios/public/past.lives (15键).txt
HeathensTwenty-One-Pilots,/Users/dong/Music/15/HeathensTwenty-One-Pilots (15键).txt,/Users/dong/Desktop/Learn/muios/public/HeathensTwenty-One-Pilots (15键).txt
伦敦桥要倒了伦敦桥-London-Bridge-Is-Falling-Down,/Users/dong/Music/15/伦敦桥要倒了伦敦桥-London-Bridge-Is-Falling-Down (15键).txt,/Users/dong/Desktop/Learn/muios/public/伦敦桥要倒了伦敦桥-London-Bridge-Is-Falling-Down (15键).txt
总有幸福在等你欢乐颂片尾曲,/Users/dong/Music/15/总有幸福在等你欢乐颂片尾曲 (15键).txt,/Users/dong/Desktop/Learn/muios/public/总有幸福在等你欢乐颂片尾曲 (15键).txt
青花瓷,/Users/dong/Music/15/青花瓷 (15键).txt,/Users/dong/Desktop/Learn/muios/public/青花瓷 (15键).txt
恋のうた非常可爱,/Users/dong/Music/15/恋のうた非常可爱 (15键).txt,/Users/dong/Desktop/Learn/muios/public/恋のうた非常可爱 (15键).txt
あなたのいない雨,/Users/dong/Music/15/あなたのいない雨 (15键).txt,/Users/dong/Desktop/Learn/muios/public/あなたのいない雨 (15键).txt
春天在哪里潘振声,/Users/dong/Music/15/春天在哪里潘振声 (15键).txt,/Users/dong/Desktop/Learn/muios/public/春天在哪里潘振声 (15键).txt
夜空中最亮的星摘星的你主题曲,/Users/dong/Music/15/夜空中最亮的星摘星的你主题曲 (15键).txt,/Users/dong/Desktop/Learn/muios/public/夜空中最亮的星摘星的你主题曲 (15键).txt
让风告诉你,/Users/dong/Music/15/让风告诉你 (15键).txt,/Users/dong/Desktop/Learn/muios/public/让风告诉你 (15键).txt
雪月花,/Users/dong/Music/15/雪月花 (15键).txt,/Users/dong/Desktop/Learn/muios/public/雪月花 (15键).txt
星月落,/Users/dong/Music/15/星月落 (15键).txt,/Users/dong/Desktop/Learn/muios/public/星月落 (15键).txt
恋のうた总之就是非常可爱,/Users/dong/Music/15/恋のうた(总之就是非常可爱) (15键).txt,/Users/dong/Desktop/Learn/muios/public/恋のうた(总之就是非常可爱) (15键).txt
Tearsin-Heaven-泪洒天堂-克莱普顿,/Users/dong/Music/15/Tearsin-Heaven-泪洒天堂-克莱普顿 (15键).txt,/Users/dong/Desktop/Learn/muios/public/Tearsin-Heaven-泪洒天堂-克莱普顿 (15键).txt
Lemon,/Users/dong/Music/15/Lemon (15键).txt,/Users/dong/Desktop/Learn/muios/public/Lemon (15键).txt
大鱼海棠,/Users/dong/Music/15/大鱼海棠 (15键).txt,/Users/dong/Desktop/Learn/muios/public/大鱼海棠 (15键).txt
雪绒花,/Users/dong/Music/15/雪绒花 (15键).txt,/Users/dong/Desktop/Learn/muios/public/雪绒花 (15键).txt
摩塞塔舞曲11-巴赫,/Users/dong/Music/15/摩塞塔舞曲11-巴赫 (15键).txt,/Users/dong/Desktop/Learn/muios/public/摩塞塔舞曲11-巴赫 (15键).txt
耗尽 薛之谦,/Users/dong/Music/15/耗尽.薛之谦 (15键).txt,/Users/dong/Desktop/Learn/muios/public/耗尽.薛之谦 (15键).txt
归期-凡人修仙传,/Users/dong/Music/15/归期-《凡人修仙传》 (15键).txt,/Users/dong/Desktop/Learn/muios/public/归期-《凡人修仙传》 (15键).txt
双葉爱缪18祭-あいみょん,/Users/dong/Music/15/双葉爱缪18祭-あいみょん (15键).txt,/Users/dong/Desktop/Learn/muios/public/双葉爱缪18祭-あいみょん (15键).txt
爱河,/Users/dong/Music/15/爱河 (15键).txt,/Users/dong/Desktop/Learn/muios/public/爱河 (15键).txt
白日梦,/Users/dong/Music/15/白日梦 (15键).txt,/Users/dong/Desktop/Learn/muios/public/白日梦 (15键).txt
临水照花,/Users/dong/Music/15/临水照花 (15键).txt,/Users/dong/Desktop/Learn/muios/public/临水照花 (15键).txt
陈奕迅红玫瑰,/Users/dong/Music/15/陈奕迅红玫瑰 (15键).txt,/Users/dong/Desktop/Learn/muios/public/陈奕迅红玫瑰 (15键).txt
千年之恋,/Users/dong/Music/15/千年之恋 (15键).txt,/Users/dong/Desktop/Learn/muios/public/千年之恋 (15键).txt
Wayof-Life-零之轨迹主題歌,/Users/dong/Music/15/Wayof-Life-零之轨迹主題歌 (15键).txt,/Users/dong/Desktop/Learn/muios/public/Wayof-Life-零之轨迹主題歌 (15键).txt
约会-你的名字デート,/Users/dong/Music/15/约会-你的名字デート (15键).txt,/Users/dong/Desktop/Learn/muios/public/约会-你的名字デート (15键).txt
月光边境林海,/Users/dong/Music/15/月光边境林海 (15键).txt,/Users/dong/Desktop/Learn/muios/public/月光边境林海 (15键).txt
守望麦田,/Users/dong/Music/15/守望麦田 (15键).txt,/Users/dong/Desktop/Learn/muios/public/守望麦田 (15键).txt
無限列車 炎,/Users/dong/Music/15/無限列車.炎 (15键).txt,/Users/dong/Desktop/Learn/muios/public/無限列車.炎 (15键).txt
無限列車 炎,/Users/dong/Music/15/無限列車 炎 (15键).txt,/Users/dong/Desktop/Learn/muios/public/無限列車 炎 (15键).txt
即使知道要见面Sara,/Users/dong/Music/15/即使知道要见面Sara (15键).txt,/Users/dong/Desktop/Learn/muios/public/即使知道要见面Sara (15键).txt
星の在り処空之轨迹原声音乐,/Users/dong/Music/15/星の在り処空之轨迹原声音乐 (15键).txt,/Users/dong/Desktop/Learn/muios/public/星の在り処空之轨迹原声音乐 (15键).txt
春夏秋冬,/Users/dong/Music/15/春夏秋冬 (15键).txt,/Users/dong/Desktop/Learn/muios/public/春夏秋冬 (15键).txt
OrdinaryPeople-John-Legend,/Users/dong/Music/15/OrdinaryPeople-John-Legend (15键).txt,/Users/dong/Desktop/Learn/muios/public/OrdinaryPeople-John-Legend (15键).txt
安静周杰伦,/Users/dong/Music/15/安静周杰伦 (15键).txt,/Users/dong/Desktop/Learn/muios/public/安静周杰伦 (15键).txt
安静周杰伦,/Users/dong/Music/15/安静-周杰伦 (15键).txt,/Users/dong/Desktop/Learn/muios/public/安静-周杰伦 (15键).txt
ハロウィンナイト万圣节之夜-AKB48,/Users/dong/Music/15/ハロウィンナイト万圣节之夜--AKB48 (15键).txt,/Users/dong/Desktop/Learn/muios/public/ハロウィンナイト万圣节之夜--AKB48 (15键).txt
来不及说再见你已转身走远,/Users/dong/Music/15/来不及说再见你已转身走远 (15键).txt,/Users/dong/Desktop/Learn/muios/public/来不及说再见你已转身走远 (15键).txt
流年如歌Bilibili-2020拜年祭,/Users/dong/Music/15/流年如歌Bilibili-2020拜年祭 (15键).txt,/Users/dong/Desktop/Learn/muios/public/流年如歌Bilibili-2020拜年祭 (15键).txt
IllMind-of-Hopsin-5-Hopsin,/Users/dong/Music/15/IllMind-of-Hopsin-5-Hopsin (15键).txt,/Users/dong/Desktop/Learn/muios/public/IllMind-of-Hopsin-5-Hopsin (15键).txt
让我再看你一眼郭峰,/Users/dong/Music/15/让我再看你一眼郭峰 (15键).txt,/Users/dong/Desktop/Learn/muios/public/让我再看你一眼郭峰 (15键).txt
布列舞曲12-巴赫,/Users/dong/Music/15/布列舞曲12-巴赫 (15键).txt,/Users/dong/Desktop/Learn/muios/public/布列舞曲12-巴赫 (15键).txt
小伦和小雨在课堂上不能说的秘密插曲,/Users/dong/Music/15/小伦和小雨在课堂上不能说的秘密插曲 (15键).txt,/Users/dong/Desktop/Learn/muios/public/小伦和小雨在课堂上不能说的秘密插曲 (15键).txt
星月神话,/Users/dong/Music/15/星月神话 (15键).txt,/Users/dong/Desktop/Learn/muios/public/星月神话 (15键).txt
I Believe,/Users/dong/Music/15/I Believe (15键).txt,/Users/dong/Desktop/Learn/muios/public/I Believe (15键).txt
I Believe,/Users/dong/Music/15/IBelieve (15键).txt,/Users/dong/Desktop/Learn/muios/public/IBelieve (15键).txt
落于江山一处白,/Users/dong/Music/15/落于江山一处白 (15键).txt,/Users/dong/Desktop/Learn/muios/public/落于江山一处白 (15键).txt
Love to hate me,/Users/dong/Music/15/Love to hate me (15键).txt,/Users/dong/Desktop/Learn/muios/public/Love to hate me (15键).txt
Love to hate me,/Users/dong/Music/15/Love.to.hate.me (15键).txt,/Users/dong/Desktop/Learn/muios/public/Love.to.hate.me (15键).txt
将故事写成我们林俊杰,/Users/dong/Music/15/将故事写成我们林俊杰 (15键).txt,/Users/dong/Desktop/Learn/muios/public/将故事写成我们林俊杰 (15键).txt
BeatIt-迈克尔-杰克逊,/Users/dong/Music/15/BeatIt-迈克尔-杰克逊 (15键).txt,/Users/dong/Desktop/Learn/muios/public/BeatIt-迈克尔-杰克逊 (15键).txt
风居住的街道C调简单版-風の住む街,/Users/dong/Music/15/风居住的街道C调简单版-風の住む街 (15键).txt,/Users/dong/Desktop/Learn/muios/public/风居住的街道C调简单版-風の住む街 (15键).txt
大雾,/Users/dong/Music/15/大雾 (15键).txt,/Users/dong/Desktop/Learn/muios/public/大雾 (15键).txt
等一分钟,/Users/dong/Music/15/等一分钟 (15键).txt,/Users/dong/Desktop/Learn/muios/public/等一分钟 (15键).txt
Star,/Users/dong/Music/15/Star (15键).txt,/Users/dong/Desktop/Learn/muios/public/Star (15键).txt
Minecraft,/Users/dong/Music/15/Minecraft (15键).txt,/Users/dong/Desktop/Learn/muios/public/Minecraft (15键).txt
SigueJ-Balvin和Ed-Sheeran,/Users/dong/Music/15/SigueJ-Balvin和Ed-Sheeran (15键).txt,/Users/dong/Desktop/Learn/muios/public/SigueJ-Balvin和Ed-Sheeran (15键).txt
TheCaroloftheOldOnes(武器abgm),/Users/dong/Music/15/TheCaroloftheOldOnes(武器abgm) (15键).txt,/Users/dong/Desktop/Learn/muios/public/TheCaroloftheOldOnes(武器abgm) (15键).txt
春天奏鸣曲第三乐章,/Users/dong/Music/15/春天奏鸣曲第三乐章 (15键).txt,/Users/dong/Desktop/Learn/muios/public/春天奏鸣曲第三乐章 (15键).txt
月光奏鸣曲第二乐章贝多芬,/Users/dong/Music/15/月光奏鸣曲第二乐章贝多芬 (15键).txt,/Users/dong/Desktop/Learn/muios/public/月光奏鸣曲第二乐章贝多芬 (15键).txt
保留郭顶,/Users/dong/Music/15/保留郭顶 (15键).txt,/Users/dong/Desktop/Learn/muios/public/保留郭顶 (15键).txt
心愿便利贴2,/Users/dong/Music/15/心愿便利贴2 (15键).txt,/Users/dong/Desktop/Learn/muios/public/心愿便利贴2 (15键).txt
心愿便利贴2,/Users/dong/Music/15/心愿便利贴 (2) (15键).txt,/Users/dong/Desktop/Learn/muios/public/心愿便利贴 (2) (15键).txt
你离开的事实The Truth That You Leave 烛子ikina,/Users/dong/Music/15/你离开的事实《The Truth That You Leave》 烛子ikina (15键).txt,/Users/dong/Desktop/Learn/muios/public/你离开的事实《The Truth That You Leave》 烛子ikina (15键).txt
什么都不必说大张伟,/Users/dong/Music/15/什么都不必说大张伟 (15键).txt,/Users/dong/Desktop/Learn/muios/public/什么都不必说大张伟 (15键).txt
春三月,/Users/dong/Music/15/春三月 (15键).txt,/Users/dong/Desktop/Learn/muios/public/春三月 (15键).txt
谁动了我的琴弦周笔畅,/Users/dong/Music/15/谁动了我的琴弦周笔畅 (15键).txt,/Users/dong/Desktop/Learn/muios/public/谁动了我的琴弦周笔畅 (15键).txt
花之情(Luv Dance)Rem02编,/Users/dong/Music/15/花之情（Luv Dance）Rem02编 (15键).txt,/Users/dong/Desktop/Learn/muios/public/花之情（Luv Dance）Rem02编 (15键).txt
LovingYou-爱上你,/Users/dong/Music/15/LovingYou-爱上你 (15键).txt,/Users/dong/Desktop/Learn/muios/public/LovingYou-爱上你 (15键).txt
清新版小星星,/Users/dong/Music/15/清新版小星星 (15键).txt,/Users/dong/Desktop/Learn/muios/public/清新版小星星 (15键).txt
Epiphany防弹少年团,/Users/dong/Music/15/Epiphany防弹少年团 (15键).txt,/Users/dong/Desktop/Learn/muios/public/Epiphany防弹少年团 (15键).txt
忆夏思乡,/Users/dong/Music/15/忆夏思乡 (15键).txt,/Users/dong/Desktop/Learn/muios/public/忆夏思乡 (15键).txt
囍(柒漓),/Users/dong/Music/15/囍（柒漓） (15键).txt,/Users/dong/Desktop/Learn/muios/public/囍（柒漓） (15键).txt
卡布其诺,/Users/dong/Music/15/卡布其诺 (15键).txt,/Users/dong/Desktop/Learn/muios/public/卡布其诺 (15键).txt
按下暂停键你将清醒且堕落,/Users/dong/Music/15/按下暂停键你将清醒且堕落 (15键).txt,/Users/dong/Desktop/Learn/muios/public/按下暂停键你将清醒且堕落 (15键).txt
My sunset,/Users/dong/Music/15/My.sunset (15键).txt,/Users/dong/Desktop/Learn/muios/public/My.sunset (15键).txt
My sunset,/Users/dong/Music/15/mysunset (15键).txt,/Users/dong/Desktop/Learn/muios/public/mysunset (15键).txt
无法长大赵雷,/Users/dong/Music/15/无法长大赵雷 (15键).txt,/Users/dong/Desktop/Learn/muios/public/无法长大赵雷 (15键).txt
魔法少女小圆 sis puella magica,/Users/dong/Music/15/魔法少女小圆.sis.puella.magica (15键).txt,/Users/dong/Desktop/Learn/muios/public/魔法少女小圆.sis.puella.magica (15键).txt
歌唱祖国,/Users/dong/Music/15/歌唱祖国 (15键).txt,/Users/dong/Desktop/Learn/muios/public/歌唱祖国 (15键).txt
C418 Hal2,/Users/dong/Music/15/C418_Hal2 (15键).txt,/Users/dong/Desktop/Learn/muios/public/C418_Hal2 (15键).txt
情醉伴奏版新诛仙主题曲,/Users/dong/Music/15/情醉伴奏版新诛仙主题曲 (15键).txt,/Users/dong/Desktop/Learn/muios/public/情醉伴奏版新诛仙主题曲 (15键).txt
沈园外,/Users/dong/Music/15/沈园外 (15键).txt,/Users/dong/Desktop/Learn/muios/public/沈园外 (15键).txt
东方project芙兰朵露角色歌U N OWNE是她吗?,/Users/dong/Music/15/东方project芙兰朵露角色歌U.N.OWNE是她吗？ (15键).txt,/Users/dong/Desktop/Learn/muios/public/东方project芙兰朵露角色歌U.N.OWNE是她吗？ (15键).txt
痴心绝对,/Users/dong/Music/15/痴心绝对 (15键).txt,/Users/dong/Desktop/Learn/muios/public/痴心绝对 (15键).txt
Bumpinthe-Night-Florida-Georgia-Line,/Users/dong/Music/15/Bumpinthe-Night-Florida-Georgia-Line (15键).txt,/Users/dong/Desktop/Learn/muios/public/Bumpinthe-Night-Florida-Georgia-Line (15键).txt
心跳的证明,/Users/dong/Music/15/心跳的证明 (15键).txt,/Users/dong/Desktop/Learn/muios/public/心跳的证明 (15键).txt
Sunset Jesus,/Users/dong/Music/15/Sunset.Jesus (15键).txt,/Users/dong/Desktop/Learn/muios/public/Sunset.Jesus (15键).txt
XJonas-Brothers,/Users/dong/Music/15/XJonas-Brothers (15键).txt,/Users/dong/Desktop/Learn/muios/public/XJonas-Brothers (15键).txt
友谊地久天长,/Users/dong/Music/15/友谊地久天长 (15键).txt,/Users/dong/Desktop/Learn/muios/public/友谊地久天长 (15键).txt
铃芽之旅主题曲,/Users/dong/Music/15/铃芽之旅主题曲 (15键).txt,/Users/dong/Desktop/Learn/muios/public/铃芽之旅主题曲 (15键).txt
GetawayCar,/Users/dong/Music/15/GetawayCar (15键).txt,/Users/dong/Desktop/Learn/muios/public/GetawayCar (15键).txt
ドライフラワー,/Users/dong/Music/15/ドライフラワー (15键).txt,/Users/dong/Desktop/Learn/muios/public/ドライフラワー (15键).txt
Always Online,/Users/dong/Music/15/Always.Online (15键).txt,/Users/dong/Desktop/Learn/muios/public/Always.Online (15键).txt
Always Online,/Users/dong/Music/15/Always Online (15键).txt,/Users/dong/Desktop/Learn/muios/public/Always Online (15键).txt
Always Online,/Users/dong/Music/15/Always   Online (15键).txt,/Users/dong/Desktop/Learn/muios/public/Always   Online (15键).txt
Always Online,/Users/dong/Music/15/AlwaysOnline (15键).txt,/Users/dong/Desktop/Learn/muios/public/AlwaysOnline (15键).txt
独家记忆蒙面唱将猜猜猜第9期,/Users/dong/Music/15/独家记忆蒙面唱将猜猜猜第9期 (15键).txt,/Users/dong/Desktop/Learn/muios/public/独家记忆蒙面唱将猜猜猜第9期 (15键).txt
痴心绝对李圣杰,/Users/dong/Music/15/痴心绝对李圣杰 (15键).txt,/Users/dong/Desktop/Learn/muios/public/痴心绝对李圣杰 (15键).txt
城府,/Users/dong/Music/15/城府 (15键).txt,/Users/dong/Desktop/Learn/muios/public/城府 (15键).txt
"人间不值得,探清水河,春三月,探窗,万疆,我的一个道姑朋友,锦鲤抄,大天蓬,不老梦,赤伶,成都已出",/Users/dong/Music/15/人间不值得，探清水河，春三月，探窗，万疆，我的一个道姑朋友，锦鲤抄，大天蓬，不老梦，赤伶，成都已出 (15键).txt,/Users/dong/Desktop/Learn/muios/public/人间不值得，探清水河，春三月，探窗，万疆，我的一个道姑朋友，锦鲤抄，大天蓬，不老梦，赤伶，成都已出 (15键).txt
komorebi自制完美前奏,/Users/dong/Music/15/komorebi自制完美前奏 (15键).txt,/Users/dong/Desktop/Learn/muios/public/komorebi自制完美前奏 (15键).txt
金玉良缘,/Users/dong/Music/15/金玉良缘 (15键).txt,/Users/dong/Desktop/Learn/muios/public/金玉良缘 (15键).txt
问,/Users/dong/Music/15/问 (15键).txt,/Users/dong/Desktop/Learn/muios/public/问 (15键).txt
ツナ覚醒,/Users/dong/Music/15/ツナ覚醒 (15键).txt,/Users/dong/Desktop/Learn/muios/public/ツナ覚醒 (15键).txt
LuvLetter,/Users/dong/Music/15/LUV letter (15键).txt,/Users/dong/Desktop/Learn/muios/public/LUV letter (15键).txt
LuvLetter,/Users/dong/Music/15/*LuvLetter (15键).txt,/Users/dong/Desktop/Learn/muios/public/*LuvLetter (15键).txt
LuvLetter,/Users/dong/Music/15/luvletter (15键).txt,/Users/dong/Desktop/Learn/muios/public/luvletter (15键).txt
落霞云归,/Users/dong/Music/15/落霞云归 (15键).txt,/Users/dong/Desktop/Learn/muios/public/落霞云归 (15键).txt
NUNA 队长,/Users/dong/Music/15/NUNA.队长 (15键).txt,/Users/dong/Desktop/Learn/muios/public/NUNA.队长 (15键).txt
红蓝绿宝石 末白镇 Littleroot Town,/Users/dong/Music/15/红蓝绿宝石 末白镇 Littleroot Town (15键).txt,/Users/dong/Desktop/Learn/muios/public/红蓝绿宝石 末白镇 Littleroot Town (15键).txt
红蓝绿宝石 末白镇 Littleroot Town,/Users/dong/Music/15/红蓝绿宝石.末白镇.Littleroot.Town (15键).txt,/Users/dong/Desktop/Learn/muios/public/红蓝绿宝石.末白镇.Littleroot.Town (15键).txt
songofthe,/Users/dong/Music/15/songofthe (15键).txt,/Users/dong/Desktop/Learn/muios/public/songofthe (15键).txt
核爆神曲简易版(烛子铺),/Users/dong/Music/15/核爆神曲简易版（烛子铺） (15键).txt,/Users/dong/Desktop/Learn/muios/public/核爆神曲简易版（烛子铺） (15键).txt
不知所措,/Users/dong/Music/15/不知所措 (15键).txt,/Users/dong/Desktop/Learn/muios/public/不知所措 (15键).txt
触不可及,/Users/dong/Music/15/触不可及 (15键).txt,/Users/dong/Desktop/Learn/muios/public/触不可及 (15键).txt
Mojito,/Users/dong/Music/15/Mojito (15键).txt,/Users/dong/Desktop/Learn/muios/public/Mojito (15键).txt
遠き呼び声の彼方へ迪迦奥特曼插曲,/Users/dong/Music/15/遠き呼び声の彼方へ迪迦奥特曼插曲 (15键).txt,/Users/dong/Desktop/Learn/muios/public/遠き呼び声の彼方へ迪迦奥特曼插曲 (15键).txt
OneMoreTimeOnemorechance,/Users/dong/Music/15/One More Time_One more chance (15键).txt,/Users/dong/Desktop/Learn/muios/public/One More Time_One more chance (15键).txt
OneMoreTimeOnemorechance,/Users/dong/Music/15/OneMoreTime，Onemorechance (15键).txt,/Users/dong/Desktop/Learn/muios/public/OneMoreTime，Onemorechance (15键).txt
OneMoreTimeOnemorechance,/Users/dong/Music/15/One More Time，One more chance (15键).txt,/Users/dong/Desktop/Learn/muios/public/One More Time，One more chance (15键).txt
夏に花が散る-az,/Users/dong/Music/15/夏に花が散る-az (15键).txt,/Users/dong/Desktop/Learn/muios/public/夏に花が散る-az (15键).txt
AliveSia,/Users/dong/Music/15/AliveSia (15键).txt,/Users/dong/Desktop/Learn/muios/public/AliveSia (15键).txt
SaveMe-防弹少年团,/Users/dong/Music/15/SaveMe-防弹少年团 (15键).txt,/Users/dong/Desktop/Learn/muios/public/SaveMe-防弹少年团 (15键).txt
撒野同名小说撒野同人歌曲,/Users/dong/Music/15/撒野同名小说撒野同人歌曲 (15键).txt,/Users/dong/Desktop/Learn/muios/public/撒野同名小说撒野同人歌曲 (15键).txt
HappinessJuly,/Users/dong/Music/15/HappinessJuly (15键).txt,/Users/dong/Desktop/Learn/muios/public/HappinessJuly (15键).txt
脑力brain power,/Users/dong/Music/15/脑力brain.power (15键).txt,/Users/dong/Desktop/Learn/muios/public/脑力brain.power (15键).txt
SmoothCriminal-迈克尔-杰克逊,/Users/dong/Music/15/SmoothCriminal-迈克尔-杰克逊 (15键).txt,/Users/dong/Desktop/Learn/muios/public/SmoothCriminal-迈克尔-杰克逊 (15键).txt
认真的雪薛之谦,/Users/dong/Music/15/认真的雪薛之谦 (15键).txt,/Users/dong/Desktop/Learn/muios/public/认真的雪薛之谦 (15键).txt
故梦,/Users/dong/Music/15/故梦 (15键).txt,/Users/dong/Desktop/Learn/muios/public/故梦 (15键).txt
黑月光,/Users/dong/Music/15/黑月光 (15键).txt,/Users/dong/Desktop/Learn/muios/public/黑月光 (15键).txt
宁次之死,/Users/dong/Music/15/宁次之死 (15键).txt,/Users/dong/Desktop/Learn/muios/public/宁次之死 (15键).txt
碎月,/Users/dong/Music/15/碎月 (15键).txt,/Users/dong/Desktop/Learn/muios/public/碎月 (15键).txt
烟(笛),/Users/dong/Music/15/烟笛 (15键).txt,/Users/dong/Desktop/Learn/muios/public/烟笛 (15键).txt
Cups-Pitch-Perfects-When-Im-Gone,/Users/dong/Music/15/Cups-Pitch-Perfects-When-Im-Gone- (15键).txt,/Users/dong/Desktop/Learn/muios/public/Cups-Pitch-Perfects-When-Im-Gone- (15键).txt
空虚的祈祷,/Users/dong/Music/15/空虚的祈祷 (15键).txt,/Users/dong/Desktop/Learn/muios/public/空虚的祈祷 (15键).txt
我需要你,/Users/dong/Music/15/我需要你 (15键).txt,/Users/dong/Desktop/Learn/muios/public/我需要你 (15键).txt
天边,/Users/dong/Music/15/天边 (15键).txt,/Users/dong/Desktop/Learn/muios/public/天边 (15键).txt
Experience,/Users/dong/Music/15/Experience. (15键).txt,/Users/dong/Desktop/Learn/muios/public/Experience. (15键).txt
Experience,/Users/dong/Music/15/Experience (15键).txt,/Users/dong/Desktop/Learn/muios/public/Experience (15键).txt
散步龙猫,/Users/dong/Music/15/散步龙猫 (15键).txt,/Users/dong/Desktop/Learn/muios/public/散步龙猫 (15键).txt
小星星广告版中央台每晚公益广告,/Users/dong/Music/15/小星星广告版中央台每晚公益广告 (15键).txt,/Users/dong/Desktop/Learn/muios/public/小星星广告版中央台每晚公益广告 (15键).txt
Together精灵宝可梦钻石与珍珠片头曲,/Users/dong/Music/15/Together精灵宝可梦钻石与珍珠片头曲 (15键).txt,/Users/dong/Desktop/Learn/muios/public/Together精灵宝可梦钻石与珍珠片头曲 (15键).txt
AsianDream-Song-久石让,/Users/dong/Music/15/AsianDream-Song-久石让 (15键).txt,/Users/dong/Desktop/Learn/muios/public/AsianDream-Song-久石让 (15键).txt
唱支山歌给党听雷锋插曲-才旦卓玛,/Users/dong/Music/15/唱支山歌给党听雷锋插曲-才旦卓玛 (15键).txt,/Users/dong/Desktop/Learn/muios/public/唱支山歌给党听雷锋插曲-才旦卓玛 (15键).txt
ZombieThe-Cranberries和Miley-Cyrus,/Users/dong/Music/15/ZombieThe-Cranberries和Miley-Cyrus (15键).txt,/Users/dong/Desktop/Learn/muios/public/ZombieThe-Cranberries和Miley-Cyrus (15键).txt
塞Rito village,/Users/dong/Music/15/塞Rito.village (15键).txt,/Users/dong/Desktop/Learn/muios/public/塞Rito.village (15键).txt
Komorebi Easy,/Users/dong/Music/15/Komorebi.Easy (15键).txt,/Users/dong/Desktop/Learn/muios/public/Komorebi.Easy (15键).txt
Komorebi Easy,/Users/dong/Music/15/Komorebi Easy (15键).txt,/Users/dong/Desktop/Learn/muios/public/Komorebi Easy (15键).txt
蜗牛E大调,/Users/dong/Music/15/蜗牛E大调 (15键).txt,/Users/dong/Desktop/Learn/muios/public/蜗牛E大调 (15键).txt
救护车音效,/Users/dong/Music/15/救护车音效 (15键).txt,/Users/dong/Desktop/Learn/muios/public/救护车音效 (15键).txt
小蜜蜂FC经典游戏,/Users/dong/Music/15/小蜜蜂FC经典游戏 (15键).txt,/Users/dong/Desktop/Learn/muios/public/小蜜蜂FC经典游戏 (15键).txt
Can we kiss forever,/Users/dong/Music/15/Can.we.kiss.forever (15键).txt,/Users/dong/Desktop/Learn/muios/public/Can.we.kiss.forever (15键).txt
Can we kiss forever,/Users/dong/Music/15/CanWe-Kiss-Forever (15键).txt,/Users/dong/Desktop/Learn/muios/public/CanWe-Kiss-Forever (15键).txt
车尔尼599020,/Users/dong/Music/15/车尔尼599020 (15键).txt,/Users/dong/Desktop/Learn/muios/public/车尔尼599020 (15键).txt
诗人的工作,/Users/dong/Music/15/诗人的工作 (15键).txt,/Users/dong/Desktop/Learn/muios/public/诗人的工作 (15键).txt
Normal No More,/Users/dong/Music/15/normal no more (15键).txt,/Users/dong/Desktop/Learn/muios/public/normal no more (15键).txt
Normal No More,/Users/dong/Music/15/normal.no.more (15键).txt,/Users/dong/Desktop/Learn/muios/public/normal.no.more (15键).txt
Normal No More,/Users/dong/Music/15/normalnomore (15键).txt,/Users/dong/Desktop/Learn/muios/public/normalnomore (15键).txt
菊次郎的夏天,/Users/dong/Music/15/菊次郎的夏天 (15键).txt,/Users/dong/Desktop/Learn/muios/public/菊次郎的夏天 (15键).txt
菊次郎的夏天,/Users/dong/Music/15/《菊次郎的夏天》 (15键).txt,/Users/dong/Desktop/Learn/muios/public/《菊次郎的夏天》 (15键).txt
爱的故事上集,/Users/dong/Music/15/爱的故事上集 (15键).txt,/Users/dong/Desktop/Learn/muios/public/爱的故事上集 (15键).txt
爱的故事上集,/Users/dong/Music/15/爱的故事(上集） (15键).txt,/Users/dong/Desktop/Learn/muios/public/爱的故事(上集） (15键).txt
夜行队长,/Users/dong/Music/15/《夜行》队长 (15键).txt,/Users/dong/Desktop/Learn/muios/public/《夜行》队长 (15键).txt
夜行队长,/Users/dong/Music/15/夜行队长 (15键).txt,/Users/dong/Desktop/Learn/muios/public/夜行队长 (15键).txt
你的名字 前前前世 zen zen zense 烛子ikina,/Users/dong/Music/15/你的名字 前前前世 zen zen zense 烛子ikina (15键).txt,/Users/dong/Desktop/Learn/muios/public/你的名字 前前前世 zen zen zense 烛子ikina (15键).txt
AllI-Ask-Of-You-理查德-克莱德曼,/Users/dong/Music/15/AllI-Ask-Of-You-理查德-克莱德曼 (15键).txt,/Users/dong/Desktop/Learn/muios/public/AllI-Ask-Of-You-理查德-克莱德曼 (15键).txt
一爱难求扶摇片尾曲,/Users/dong/Music/15/一爱难求扶摇片尾曲 (15键).txt,/Users/dong/Desktop/Learn/muios/public/一爱难求扶摇片尾曲 (15键).txt
Bilibili入站歌,/Users/dong/Music/15/Bilibili入站歌 (15键).txt,/Users/dong/Desktop/Learn/muios/public/Bilibili入站歌 (15键).txt
你敢不敢,/Users/dong/Music/15/你敢不敢 (15键).txt,/Users/dong/Desktop/Learn/muios/public/你敢不敢 (15键).txt
b小调第九钢琴奏鸣曲车尔尼,/Users/dong/Music/15/b小调第九钢琴奏鸣曲车尔尼 (15键).txt,/Users/dong/Desktop/Learn/muios/public/b小调第九钢琴奏鸣曲车尔尼 (15键).txt
ThePrayer-Celine-Dion-Andrea-Bocelli,/Users/dong/Music/15/ThePrayer-Celine-Dion---Andrea-Bocelli (15键).txt,/Users/dong/Desktop/Learn/muios/public/ThePrayer-Celine-Dion---Andrea-Bocelli (15键).txt
for the damaged code,/Users/dong/Music/15/for.the.damaged.code (15键).txt,/Users/dong/Desktop/Learn/muios/public/for.the.damaged.code (15键).txt
Seasonsin-the-Sun-西城男孩-Westlife,/Users/dong/Music/15/Seasonsin-the-Sun-西城男孩-Westlife- (15键).txt,/Users/dong/Desktop/Learn/muios/public/Seasonsin-the-Sun-西城男孩-Westlife- (15键).txt
萤火虫の怨,/Users/dong/Music/15/萤火虫の怨 (15键).txt,/Users/dong/Desktop/Learn/muios/public/萤火虫の怨 (15键).txt
雨中漫步Stepping-On-The-Rainy-Street,/Users/dong/Music/15/雨中漫步Stepping-On-The-Rainy-Street (15键).txt,/Users/dong/Desktop/Learn/muios/public/雨中漫步Stepping-On-The-Rainy-Street (15键).txt
林俊杰-关键词,/Users/dong/Music/15/林俊杰-关键词 (15键).txt,/Users/dong/Desktop/Learn/muios/public/林俊杰-关键词 (15键).txt
胡撸胡撸瓢儿我的早更女友推广主题曲,/Users/dong/Music/15/胡撸胡撸瓢儿我的早更女友推广主题曲 (15键).txt,/Users/dong/Desktop/Learn/muios/public/胡撸胡撸瓢儿我的早更女友推广主题曲 (15键).txt
SuperheroLauv,/Users/dong/Music/15/SuperheroLauv (15键).txt,/Users/dong/Desktop/Learn/muios/public/SuperheroLauv (15键).txt
再见只是陌生人,/Users/dong/Music/15/再见只是陌生人 (15键).txt,/Users/dong/Desktop/Learn/muios/public/再见只是陌生人 (15键).txt
醉梦前尘,/Users/dong/Music/15/醉梦前尘 (15键).txt,/Users/dong/Desktop/Learn/muios/public/醉梦前尘 (15键).txt
FindYou-Zedd,/Users/dong/Music/15/FindYou-Zedd (15键).txt,/Users/dong/Desktop/Learn/muios/public/FindYou-Zedd (15键).txt
こんなに近くで动画版交响情人梦第一季片尾曲,/Users/dong/Music/15/こんなに近くで动画版交响情人梦第一季片尾曲 (15键).txt,/Users/dong/Desktop/Learn/muios/public/こんなに近くで动画版交响情人梦第一季片尾曲 (15键).txt
windy hill(最终版),/Users/dong/Music/15/windy  hill（最终版） (15键).txt,/Users/dong/Desktop/Learn/muios/public/windy  hill（最终版） (15键).txt
无问无问西东宣传曲,/Users/dong/Music/15/无问无问西东宣传曲 (15键).txt,/Users/dong/Desktop/Learn/muios/public/无问无问西东宣传曲 (15键).txt
有个爱你的人不容易,/Users/dong/Music/15/有个爱你的人不容易 (15键).txt,/Users/dong/Desktop/Learn/muios/public/有个爱你的人不容易 (15键).txt
GurenNoYumiya(进击的巨人),/Users/dong/Music/15/GurenNoYumiya(进击的巨人) (15键).txt,/Users/dong/Desktop/Learn/muios/public/GurenNoYumiya(进击的巨人) (15键).txt
感谢不是你,/Users/dong/Music/15/感谢不是你 (15键).txt,/Users/dong/Desktop/Learn/muios/public/感谢不是你 (15键).txt
Immortal,/Users/dong/Music/15/Immortal (15键).txt,/Users/dong/Desktop/Learn/muios/public/Immortal (15键).txt
祈愿,/Users/dong/Music/15/祈愿 (15键).txt,/Users/dong/Desktop/Learn/muios/public/祈愿 (15键).txt
Thinking Out Loud,/Users/dong/Music/15/Thinking.Out.Loud (15键).txt,/Users/dong/Desktop/Learn/muios/public/Thinking.Out.Loud (15键).txt
辉夜大小姐op love is war 烛子ikina,/Users/dong/Music/15/辉夜大小姐op love is war 烛子ikina (15键).txt,/Users/dong/Desktop/Learn/muios/public/辉夜大小姐op love is war 烛子ikina (15键).txt
Butter-Fly,/Users/dong/Music/15/《Butter-Fly》 (15键).txt,/Users/dong/Desktop/Learn/muios/public/《Butter-Fly》 (15键).txt
Butter-Fly,/Users/dong/Music/15/butterfly (15键).txt,/Users/dong/Desktop/Learn/muios/public/butterfly (15键).txt
尸体派对,/Users/dong/Music/15/尸体派对 (15键).txt,/Users/dong/Desktop/Learn/muios/public/尸体派对 (15键).txt
if i die young,/Users/dong/Music/15/if i die young (15键).txt,/Users/dong/Desktop/Learn/muios/public/if i die young (15键).txt
if i die young,/Users/dong/Music/15/if.i.die.young (15键).txt,/Users/dong/Desktop/Learn/muios/public/if.i.die.young (15键).txt
最亲的人2021央视春晚神曲,/Users/dong/Music/15/最亲的人2021央视春晚神曲 (15键).txt,/Users/dong/Desktop/Learn/muios/public/最亲的人2021央视春晚神曲 (15键).txt
海王星,/Users/dong/Music/15/海王星 (15键).txt,/Users/dong/Desktop/Learn/muios/public/海王星 (15键).txt
小苍兰,/Users/dong/Music/15/小苍兰 (15键).txt,/Users/dong/Desktop/Learn/muios/public/小苍兰 (15键).txt
Chin-c,/Users/dong/Music/15/Chin-c (15键).txt,/Users/dong/Desktop/Learn/muios/public/Chin-c (15键).txt
TakeMe-to-Church-Hozier,/Users/dong/Music/15/TakeMe-to-Church-Hozier (15键).txt,/Users/dong/Desktop/Learn/muios/public/TakeMe-to-Church-Hozier (15键).txt
你好初音未来,/Users/dong/Music/15/你好初音未来 (15键).txt,/Users/dong/Desktop/Learn/muios/public/你好初音未来 (15键).txt
LastReunion-纯音乐,/Users/dong/Music/15/LastReunion-纯音乐 (15键).txt,/Users/dong/Desktop/Learn/muios/public/LastReunion-纯音乐 (15键).txt
大眠,/Users/dong/Music/15/大眠 (15键).txt,/Users/dong/Desktop/Learn/muios/public/大眠 (15键).txt
骑士和女士汤普森现代钢琴第一册,/Users/dong/Music/15/骑士和女士汤普森现代钢琴第一册 (15键).txt,/Users/dong/Desktop/Learn/muios/public/骑士和女士汤普森现代钢琴第一册 (15键).txt
Sky天空-滚动的天空,/Users/dong/Music/15/Sky天空-滚动的天空 (15键).txt,/Users/dong/Desktop/Learn/muios/public/Sky天空-滚动的天空 (15键).txt
疯人院华晨宇,/Users/dong/Music/15/疯人院华晨宇 (15键).txt,/Users/dong/Desktop/Learn/muios/public/疯人院华晨宇 (15键).txt
步步高广东民乐,/Users/dong/Music/15/步步高广东民乐 (15键).txt,/Users/dong/Desktop/Learn/muios/public/步步高广东民乐 (15键).txt
飞鸟和蝉,/Users/dong/Music/15/飞鸟和蝉 (15键).txt,/Users/dong/Desktop/Learn/muios/public/飞鸟和蝉 (15键).txt
飞鸟和蝉,/Users/dong/Music/15/《飞鸟🐦和蝉😋》 (15键).txt,/Users/dong/Desktop/Learn/muios/public/《飞鸟🐦和蝉😋》 (15键).txt
以父为名,/Users/dong/Music/15/以父为名 (15键).txt,/Users/dong/Desktop/Learn/muios/public/以父为名 (15键).txt
The carol of the old ones,/Users/dong/Music/15/The carol of the old ones (15键).txt,/Users/dong/Desktop/Learn/muios/public/The carol of the old ones (15键).txt
The carol of the old ones,/Users/dong/Music/15/Thecaroloftheoldones (15键).txt,/Users/dong/Desktop/Learn/muios/public/Thecaroloftheoldones (15键).txt
(CollapsingWorld),/Users/dong/Music/15/(CollapsingWorld) (15键).txt,/Users/dong/Desktop/Learn/muios/public/(CollapsingWorld) (15键).txt
(CollapsingWorld),/Users/dong/Music/15/CollapsingWorld (15键).txt,/Users/dong/Desktop/Learn/muios/public/CollapsingWorld (15键).txt
(CollapsingWorld),/Users/dong/Music/15/《CollapsingWorld》 (15键).txt,/Users/dong/Desktop/Learn/muios/public/《CollapsingWorld》 (15键).txt
Acadia,/Users/dong/Music/15/Acadia (15键).txt,/Users/dong/Desktop/Learn/muios/public/Acadia (15键).txt
RoyalsLorde,/Users/dong/Music/15/RoyalsLorde (15键).txt,/Users/dong/Desktop/Learn/muios/public/RoyalsLorde (15键).txt
撒野,/Users/dong/Music/15/《撒野》 (15键).txt,/Users/dong/Desktop/Learn/muios/public/《撒野》 (15键).txt
撒野,/Users/dong/Music/15/撒野 (15键).txt,/Users/dong/Desktop/Learn/muios/public/撒野 (15键).txt
TheEnd-末日-跳舞的线,/Users/dong/Music/15/TheEnd-末日-跳舞的线 (15键).txt,/Users/dong/Desktop/Learn/muios/public/TheEnd-末日-跳舞的线 (15键).txt
NewYork-State-Of-Mind-比利-乔尔,/Users/dong/Music/15/NewYork-State-Of-Mind---比利-乔尔 (15键).txt,/Users/dong/Desktop/Learn/muios/public/NewYork-State-Of-Mind---比利-乔尔 (15键).txt
妞问答neveda,/Users/dong/Music/15/妞问答neveda (15键).txt,/Users/dong/Desktop/Learn/muios/public/妞问答neveda (15键).txt
星辰大海,/Users/dong/Music/15/星辰大海 (15键).txt,/Users/dong/Desktop/Learn/muios/public/星辰大海 (15键).txt
富士山下,/Users/dong/Music/15/富士山下    by小社 (15键).txt,/Users/dong/Desktop/Learn/muios/public/富士山下    by小社 (15键).txt
富士山下,/Users/dong/Music/15/富士山下 (15键).txt,/Users/dong/Desktop/Learn/muios/public/富士山下 (15键).txt
月光水岸班得瑞,/Users/dong/Music/15/月光水岸班得瑞 (15键).txt,/Users/dong/Desktop/Learn/muios/public/月光水岸班得瑞 (15键).txt
剩下的盛夏,/Users/dong/Music/15/剩下的盛夏 (15键).txt,/Users/dong/Desktop/Learn/muios/public/剩下的盛夏 (15键).txt
雨以家人之名插曲,/Users/dong/Music/15/雨以家人之名插曲 (15键).txt,/Users/dong/Desktop/Learn/muios/public/雨以家人之名插曲 (15键).txt
流浪地球主题音乐,/Users/dong/Music/15/流浪地球主题音乐 (15键).txt,/Users/dong/Desktop/Learn/muios/public/流浪地球主题音乐 (15键).txt
Candy,/Users/dong/Music/15/Candy (15键).txt,/Users/dong/Desktop/Learn/muios/public/Candy (15键).txt
一点点,/Users/dong/Music/15/一点点 (15键).txt,/Users/dong/Desktop/Learn/muios/public/一点点 (15键).txt
小城小爱,/Users/dong/Music/15/小城小爱 (15键).txt,/Users/dong/Desktop/Learn/muios/public/小城小爱 (15键).txt
巴托克evening in transylvania,/Users/dong/Music/15/巴托克evening in transylvania (15键).txt,/Users/dong/Desktop/Learn/muios/public/巴托克evening in transylvania (15键).txt
巴托克evening in transylvania,/Users/dong/Music/15/巴托克evening.in.transylvania (15键).txt,/Users/dong/Desktop/Learn/muios/public/巴托克evening.in.transylvania (15键).txt
Melancholy,/Users/dong/Music/15/Melancholy (15键).txt,/Users/dong/Desktop/Learn/muios/public/Melancholy (15键).txt
生命之名,/Users/dong/Music/15/生命之名 (15键).txt,/Users/dong/Desktop/Learn/muios/public/生命之名 (15键).txt
夜的钢琴曲14,/Users/dong/Music/15/夜的钢琴曲14 by 光遇-天使-阳阳 (15键).txt,/Users/dong/Desktop/Learn/muios/public/夜的钢琴曲14 by 光遇-天使-阳阳 (15键).txt
夜的钢琴曲14,/Users/dong/Music/15/夜的钢琴曲14 (15键).txt,/Users/dong/Desktop/Learn/muios/public/夜的钢琴曲14 (15键).txt
LA FIESTA,/Users/dong/Music/15/LA.FIESTA (15键).txt,/Users/dong/Desktop/Learn/muios/public/LA.FIESTA (15键).txt
我还想她爱情睡醒了插曲,/Users/dong/Music/15/我还想她爱情睡醒了插曲 (15键).txt,/Users/dong/Desktop/Learn/muios/public/我还想她爱情睡醒了插曲 (15键).txt
极乐净土,/Users/dong/Music/15/极乐净土 (15键).txt,/Users/dong/Desktop/Learn/muios/public/极乐净土 (15键).txt
スイートデコラアイスクリームホリック初音ミク,/Users/dong/Music/15/スイートデコラアイスクリームホリック初音ミク (15键).txt,/Users/dong/Desktop/Learn/muios/public/スイートデコラアイスクリームホリック初音ミク (15键).txt
把你揉碎捏成苹果,/Users/dong/Music/15/把你揉碎捏成苹果 (15键).txt,/Users/dong/Desktop/Learn/muios/public/把你揉碎捏成苹果 (15键).txt
夏日冰,/Users/dong/Music/15/夏日冰 (15键).txt,/Users/dong/Desktop/Learn/muios/public/夏日冰 (15键).txt
甲铁城的卡巴内瑞,/Users/dong/Music/15/甲铁城的卡巴内瑞 (15键).txt,/Users/dong/Desktop/Learn/muios/public/甲铁城的卡巴内瑞 (15键).txt
手纸~拝启-十五の君へ~Angela-Aki,/Users/dong/Music/15/手纸～拝启-十五の君へ～Angela-Aki (15键).txt,/Users/dong/Desktop/Learn/muios/public/手纸～拝启-十五の君へ～Angela-Aki (15键).txt
Danceto-the-death-Cut-in-Love-July,/Users/dong/Music/15/Danceto-the-death-Cut-in-Love-July (15键).txt,/Users/dong/Desktop/Learn/muios/public/Danceto-the-death-Cut-in-Love-July (15键).txt
伯虎说,/Users/dong/Music/15/《伯虎说》by陆沉光 (15键).txt,/Users/dong/Desktop/Learn/muios/public/《伯虎说》by陆沉光 (15键).txt
伯虎说,/Users/dong/Music/15/伯虎说 (15键).txt,/Users/dong/Desktop/Learn/muios/public/伯虎说 (15键).txt
霍元甲,/Users/dong/Music/15/霍元甲 (15键).txt,/Users/dong/Desktop/Learn/muios/public/霍元甲 (15键).txt
FeelThis-Moment-Pitbull-ft-Christina-Aguilera,/Users/dong/Music/15/FeelThis-Moment-Pitbull-ft--Christina-Aguilera (15键).txt,/Users/dong/Desktop/Learn/muios/public/FeelThis-Moment-Pitbull-ft--Christina-Aguilera (15键).txt
SmellsLike-Teen-Spirit-Nirvana,/Users/dong/Music/15/SmellsLike-Teen-Spirit-Nirvana (15键).txt,/Users/dong/Desktop/Learn/muios/public/SmellsLike-Teen-Spirit-Nirvana (15键).txt
云烟成雨【,/Users/dong/Music/15/云烟成雨 (15键).txt,/Users/dong/Desktop/Learn/muios/public/云烟成雨 (15键).txt
夜的钢琴曲16,/Users/dong/Music/15/夜的钢琴曲16 by 光遇-天使-阳阳 (15键).txt,/Users/dong/Desktop/Learn/muios/public/夜的钢琴曲16 by 光遇-天使-阳阳 (15键).txt
夜的钢琴曲16,/Users/dong/Music/15/夜的钢琴曲16 (15键).txt,/Users/dong/Desktop/Learn/muios/public/夜的钢琴曲16 (15键).txt
夏末晴雨时初学者,/Users/dong/Music/15/夏末晴雨时初学者_ (15键).txt,/Users/dong/Desktop/Learn/muios/public/夏末晴雨时初学者_ (15键).txt
哭砂黄莺莺,/Users/dong/Music/15/哭砂黄莺莺 (15键).txt,/Users/dong/Desktop/Learn/muios/public/哭砂黄莺莺 (15键).txt
Dawn傲慢与偏见配乐,/Users/dong/Music/15/Dawn傲慢与偏见配乐 (15键).txt,/Users/dong/Desktop/Learn/muios/public/Dawn傲慢与偏见配乐 (15键).txt
与君知天官赐福花怜原创同人曲,/Users/dong/Music/15/与君知天官赐福花怜原创同人曲 (15键).txt,/Users/dong/Desktop/Learn/muios/public/与君知天官赐福花怜原创同人曲 (15键).txt
彩虹猫Nyan-Cat,/Users/dong/Music/15/彩虹猫Nyan-Cat (15键).txt,/Users/dong/Desktop/Learn/muios/public/彩虹猫Nyan-Cat (15键).txt
小情歌,/Users/dong/Music/15/小情歌 (15键).txt,/Users/dong/Desktop/Learn/muios/public/小情歌 (15键).txt
闪着泪光的决定吴佩慈,/Users/dong/Music/15/闪着泪光的决定吴佩慈 (15键).txt,/Users/dong/Desktop/Learn/muios/public/闪着泪光的决定吴佩慈 (15键).txt
致你 1,/Users/dong/Music/15/致你 1 (15键).txt,/Users/dong/Desktop/Learn/muios/public/致你 1 (15键).txt
海誓山盟,/Users/dong/Music/15/海誓山盟 (15键).txt,/Users/dong/Desktop/Learn/muios/public/海誓山盟 (15键).txt
隐形的思念夜的钢琴曲,/Users/dong/Music/15/隐形的思念夜的钢琴曲 (15键).txt,/Users/dong/Desktop/Learn/muios/public/隐形的思念夜的钢琴曲 (15键).txt
追光者,/Users/dong/Music/15/追光者 (15键).txt,/Users/dong/Desktop/Learn/muios/public/追光者 (15键).txt
孤勇者英雄联盟双城之战中文主题曲,/Users/dong/Music/15/孤勇者英雄联盟双城之战中文主题曲 (15键).txt,/Users/dong/Desktop/Learn/muios/public/孤勇者英雄联盟双城之战中文主题曲 (15键).txt
LoveYou-Anymore-Michael-Buble,/Users/dong/Music/15/LoveYou-Anymore-Michael-Buble (15键).txt,/Users/dong/Desktop/Learn/muios/public/LoveYou-Anymore-Michael-Buble (15键).txt
Youngand-Menace-Fall-Out-Boy,/Users/dong/Music/15/Youngand-Menace-Fall-Out-Boy (15键).txt,/Users/dong/Desktop/Learn/muios/public/Youngand-Menace-Fall-Out-Boy (15键).txt
权御天下,/Users/dong/Music/15/权御天下 (15键).txt,/Users/dong/Desktop/Learn/muios/public/权御天下 (15键).txt
DannyBoy-丹尼少年-爱尔兰民谣,/Users/dong/Music/15/DannyBoy-丹尼少年-爱尔兰民谣 (15键).txt,/Users/dong/Desktop/Learn/muios/public/DannyBoy-丹尼少年-爱尔兰民谣 (15键).txt
悲しみ,/Users/dong/Music/15/悲しみ (15键).txt,/Users/dong/Desktop/Learn/muios/public/悲しみ (15键).txt
爱很简单陶喆,/Users/dong/Music/15/爱很简单陶喆 (15键).txt,/Users/dong/Desktop/Learn/muios/public/爱很简单陶喆 (15键).txt
紫,/Users/dong/Music/15/紫 (15键).txt,/Users/dong/Desktop/Learn/muios/public/紫 (15键).txt
God Is A Girl 上帝是个女孩,/Users/dong/Music/15/God.Is.A.Girl.上帝是个女孩 (15键).txt,/Users/dong/Desktop/Learn/muios/public/God.Is.A.Girl.上帝是个女孩 (15键).txt
God Is A Girl 上帝是个女孩,/Users/dong/Music/15/God Is A Girl (上帝是个女孩) (15键).txt,/Users/dong/Desktop/Learn/muios/public/God Is A Girl (上帝是个女孩) (15键).txt
谈恋爱简谱,/Users/dong/Music/15/谈恋爱简谱 (15键).txt,/Users/dong/Desktop/Learn/muios/public/谈恋爱简谱 (15键).txt
夏天的风 summer breeze 烛子ikina,/Users/dong/Music/15/夏天的风 summer breeze 烛子ikina (15键).txt,/Users/dong/Desktop/Learn/muios/public/夏天的风 summer breeze 烛子ikina (15键).txt
HeyThere-Delilah-Plain-White-Ts,/Users/dong/Music/15/HeyThere-Delilah-Plain-White-Ts (15键).txt,/Users/dong/Desktop/Learn/muios/public/HeyThere-Delilah-Plain-White-Ts (15键).txt
Adgio for Summer Wind,/Users/dong/Music/15/Adgio for Summer Wind (15键).txt,/Users/dong/Desktop/Learn/muios/public/Adgio for Summer Wind (15键).txt
Adgio for Summer Wind,/Users/dong/Music/15/Adgio.for.Summer.Wind (15键).txt,/Users/dong/Desktop/Learn/muios/public/Adgio.for.Summer.Wind (15键).txt
假烛子,/Users/dong/Music/15/假烛子 (15键).txt,/Users/dong/Desktop/Learn/muios/public/假烛子 (15键).txt
StayZeddAlessia-Cara,/Users/dong/Music/15/StayZeddAlessia-Cara (15键).txt,/Users/dong/Desktop/Learn/muios/public/StayZeddAlessia-Cara (15键).txt
Half,/Users/dong/Music/15/Half (15键).txt,/Users/dong/Desktop/Learn/muios/public/Half (15键).txt
Midnight-Spissatus,/Users/dong/Music/15/Midnight-Spissatus (15键).txt,/Users/dong/Desktop/Learn/muios/public/Midnight-Spissatus (15键).txt
Midnight-Spissatus,/Users/dong/Music/15/MidnightSpissatus (15键).txt,/Users/dong/Desktop/Learn/muios/public/MidnightSpissatus (15键).txt
BetterThan-A-Hallelujah-真心祈祷,/Users/dong/Music/15/BetterThan-A-Hallelujah-真心祈祷 (15键).txt,/Users/dong/Desktop/Learn/muios/public/BetterThan-A-Hallelujah-真心祈祷 (15键).txt
练习曲,/Users/dong/Music/15/练习曲 (15键).txt,/Users/dong/Desktop/Learn/muios/public/练习曲 (15键).txt
墨绿的夜地球最后的夜晚推广曲,/Users/dong/Music/15/墨绿的夜地球最后的夜晚推广曲 (15键).txt,/Users/dong/Desktop/Learn/muios/public/墨绿的夜地球最后的夜晚推广曲 (15键).txt
发如雪,/Users/dong/Music/15/发如雪 (15键).txt,/Users/dong/Desktop/Learn/muios/public/发如雪 (15键).txt
BoredTo-Death-Blink-182,/Users/dong/Music/15/BoredTo-Death-Blink-182 (15键).txt,/Users/dong/Desktop/Learn/muios/public/BoredTo-Death-Blink-182 (15键).txt
Mystery of love,/Users/dong/Music/15/Mystery of love  (15键).txt,/Users/dong/Desktop/Learn/muios/public/Mystery of love  (15键).txt
Mystery of love,/Users/dong/Music/15/Mysteryoflove (15键).txt,/Users/dong/Desktop/Learn/muios/public/Mysteryoflove (15键).txt
Mystery of love,/Users/dong/Music/15/mystery.of.love (15键).txt,/Users/dong/Desktop/Learn/muios/public/mystery.of.love (15键).txt
Mystery of love,/Users/dong/Music/15/Mystery of love (15键).txt,/Users/dong/Desktop/Learn/muios/public/Mystery of love (15键).txt
ThumbsSabrina-Carpenter,/Users/dong/Music/15/ThumbsSabrina-Carpenter (15键).txt,/Users/dong/Desktop/Learn/muios/public/ThumbsSabrina-Carpenter (15键).txt
初日AKB48,/Users/dong/Music/15/初日AKB48 (15键).txt,/Users/dong/Desktop/Learn/muios/public/初日AKB48 (15键).txt
es与你的微笑同行,/Users/dong/Music/15/es与你的微笑同行 (15键).txt,/Users/dong/Desktop/Learn/muios/public/es与你的微笑同行 (15键).txt
WheneverWherever-Shakira,/Users/dong/Music/15/WheneverWherever-Shakira (15键).txt,/Users/dong/Desktop/Learn/muios/public/WheneverWherever-Shakira (15键).txt
锦鲤抄,/Users/dong/Music/15/锦鲤抄 (15键).txt,/Users/dong/Desktop/Learn/muios/public/锦鲤抄 (15键).txt
proudofyou,/Users/dong/Music/15/proudofyou (15键).txt,/Users/dong/Desktop/Learn/muios/public/proudofyou (15键).txt
proudofyou,/Users/dong/Music/15/Proud.Of.You (15键).txt,/Users/dong/Desktop/Learn/muios/public/Proud.Of.You (15键).txt
My Dearest新,/Users/dong/Music/15/My.Dearest新 (15键).txt,/Users/dong/Desktop/Learn/muios/public/My.Dearest新 (15键).txt
蜡笔小新插曲,/Users/dong/Music/15/蜡笔小新插曲 (15键).txt,/Users/dong/Desktop/Learn/muios/public/蜡笔小新插曲 (15键).txt
奔流的河汤普森现代钢琴第一册,/Users/dong/Music/15/奔流的河汤普森现代钢琴第一册 (15键).txt,/Users/dong/Desktop/Learn/muios/public/奔流的河汤普森现代钢琴第一册 (15键).txt
昨夜你入梦来原创,/Users/dong/Music/15/昨夜你入梦来原创 (15键).txt,/Users/dong/Desktop/Learn/muios/public/昨夜你入梦来原创 (15键).txt
最佳损友 陈奕迅 【,/Users/dong/Music/15/最佳损友陈奕迅 (15键).txt,/Users/dong/Desktop/Learn/muios/public/最佳损友陈奕迅 (15键).txt
何以歌新,/Users/dong/Music/15/何以歌新 (15键).txt,/Users/dong/Desktop/Learn/muios/public/何以歌新 (15键).txt
China-Rain,/Users/dong/Music/15/China-Rain (15键).txt,/Users/dong/Desktop/Learn/muios/public/China-Rain (15键).txt
ABCDEFU,/Users/dong/Music/15/ABCDEFU (15键).txt,/Users/dong/Desktop/Learn/muios/public/ABCDEFU (15键).txt
二十秒即兴(言),/Users/dong/Music/15/二十秒即兴(言) (15键).txt,/Users/dong/Desktop/Learn/muios/public/二十秒即兴(言) (15键).txt
林俊杰经典前奏,/Users/dong/Music/15/林俊杰经典前奏 (15键).txt,/Users/dong/Desktop/Learn/muios/public/林俊杰经典前奏 (15键).txt
漠河舞厅单键版,/Users/dong/Music/15/漠河舞厅单键版 (15键).txt,/Users/dong/Desktop/Learn/muios/public/漠河舞厅单键版 (15键).txt
LoveNwantiti-CKay,/Users/dong/Music/15/LoveNwantiti-CKay (15键).txt,/Users/dong/Desktop/Learn/muios/public/LoveNwantiti-CKay (15键).txt
山鬼Winky诗,/Users/dong/Music/15/山鬼Winky诗 (15键).txt,/Users/dong/Desktop/Learn/muios/public/山鬼Winky诗 (15键).txt
TheseDays-Rudimental,/Users/dong/Music/15/TheseDays-Rudimental (15键).txt,/Users/dong/Desktop/Learn/muios/public/TheseDays-Rudimental (15键).txt
陈奕迅爱情转移,/Users/dong/Music/15/陈奕迅爱情转移 (15键).txt,/Users/dong/Desktop/Learn/muios/public/陈奕迅爱情转移 (15键).txt
宝可梦 精灵中心 Pokemon Center,/Users/dong/Music/15/宝可梦 精灵中心 Pokemon Center (15键).txt,/Users/dong/Desktop/Learn/muios/public/宝可梦 精灵中心 Pokemon Center (15键).txt
宝可梦 精灵中心 Pokemon Center,/Users/dong/Music/15/宝可梦.精灵中心.Pokemon.Center (15键).txt,/Users/dong/Desktop/Learn/muios/public/宝可梦.精灵中心.Pokemon.Center (15键).txt
小蓝花(もぺもぺ),/Users/dong/Music/15/小蓝花（もぺもぺ） (15键).txt,/Users/dong/Desktop/Learn/muios/public/小蓝花（もぺもぺ） (15键).txt
一起走的幸福亲爱的热爱的插曲-火箭少女101段奥娟高甜撒糖,/Users/dong/Music/15/一起走的幸福亲爱的热爱的插曲-火箭少女101段奥娟高甜撒糖 (15键).txt,/Users/dong/Desktop/Learn/muios/public/一起走的幸福亲爱的热爱的插曲-火箭少女101段奥娟高甜撒糖 (15键).txt
Yuri On Ice,/Users/dong/Music/15/Yuri On Ice (15键).txt,/Users/dong/Desktop/Learn/muios/public/Yuri On Ice (15键).txt
loveryourself,/Users/dong/Music/15/loveryourself (15键).txt,/Users/dong/Desktop/Learn/muios/public/loveryourself (15键).txt
OnlyTime-Enya,/Users/dong/Music/15/OnlyTime-Enya (15键).txt,/Users/dong/Desktop/Learn/muios/public/OnlyTime-Enya (15键).txt
信仰高潮,/Users/dong/Music/15/信仰高潮 (15键).txt,/Users/dong/Desktop/Learn/muios/public/信仰高潮 (15键).txt
权御天下洛天依,/Users/dong/Music/15/权御天下洛天依 (15键).txt,/Users/dong/Desktop/Learn/muios/public/权御天下洛天依 (15键).txt
余情未了,/Users/dong/Music/15/余情未了 (15键).txt,/Users/dong/Desktop/Learn/muios/public/余情未了 (15键).txt
乘着歌声的翅膀门德尔松,/Users/dong/Music/15/乘着歌声的翅膀门德尔松 (15键).txt,/Users/dong/Desktop/Learn/muios/public/乘着歌声的翅膀门德尔松 (15键).txt
WavesMr-Probz,/Users/dong/Music/15/WavesMr-Probz (15键).txt,/Users/dong/Desktop/Learn/muios/public/WavesMr-Probz (15键).txt
达拉崩吧Gb调,/Users/dong/Music/15/达拉崩吧Gb调 (15键).txt,/Users/dong/Desktop/Learn/muios/public/达拉崩吧Gb调 (15键).txt
囚鸟彭羚,/Users/dong/Music/15/囚鸟彭羚 (15键).txt,/Users/dong/Desktop/Learn/muios/public/囚鸟彭羚 (15键).txt
最终幻想VIITifa主题曲-FF7-Tifas-Theme,/Users/dong/Music/15/最终幻想VIITifa主题曲-FF7-Tifas-Theme (15键).txt,/Users/dong/Desktop/Learn/muios/public/最终幻想VIITifa主题曲-FF7-Tifas-Theme (15键).txt
友谊之光监狱风云插曲,/Users/dong/Music/15/友谊之光监狱风云插曲 (15键).txt,/Users/dong/Desktop/Learn/muios/public/友谊之光监狱风云插曲 (15键).txt
红墙叹延禧攻略片尾曲,/Users/dong/Music/15/红墙叹延禧攻略片尾曲 (15键).txt,/Users/dong/Desktop/Learn/muios/public/红墙叹延禧攻略片尾曲 (15键).txt
JOJO-GoldWind,/Users/dong/Music/15/JOJO-GoldWind (15键).txt,/Users/dong/Desktop/Learn/muios/public/JOJO-GoldWind (15键).txt
勋章,/Users/dong/Music/15/勋章 (15键).txt,/Users/dong/Desktop/Learn/muios/public/勋章 (15键).txt
会呼吸的痛,/Users/dong/Music/15/会呼吸的痛 (15键).txt,/Users/dong/Desktop/Learn/muios/public/会呼吸的痛 (15键).txt
寄明月(VC女团),/Users/dong/Music/15/寄明月（VC女团） (15键).txt,/Users/dong/Desktop/Learn/muios/public/寄明月（VC女团） (15键).txt
一回,/Users/dong/Music/15/一回 (15键).txt,/Users/dong/Desktop/Learn/muios/public/一回 (15键).txt
但愿人长久,/Users/dong/Music/15/但愿人长久 (15键).txt,/Users/dong/Desktop/Learn/muios/public/但愿人长久 (15键).txt
PLUTO,/Users/dong/Music/15/PLUTO (15键).txt,/Users/dong/Desktop/Learn/muios/public/PLUTO (15键).txt
DANDAN-龙珠,/Users/dong/Music/15/DANDAN-龙珠 (15键).txt,/Users/dong/Desktop/Learn/muios/public/DANDAN-龙珠 (15键).txt
Knight's Templar,/Users/dong/Music/15/Knight's.Templar (15键).txt,/Users/dong/Desktop/Learn/muios/public/Knight's.Templar (15键).txt
电子羊-阴阳怪气,/Users/dong/Music/15/电子羊—阴阳怪气 (15键).txt,/Users/dong/Desktop/Learn/muios/public/电子羊—阴阳怪气 (15键).txt
溯reverse,/Users/dong/Music/15/溯reverse (15键).txt,/Users/dong/Desktop/Learn/muios/public/溯reverse (15键).txt
我喜欢你风犬少年的天空插曲,/Users/dong/Music/15/我喜欢你风犬少年的天空插曲 (15键).txt,/Users/dong/Desktop/Learn/muios/public/我喜欢你风犬少年的天空插曲 (15键).txt
念诗之王(改革春风吹满地),/Users/dong/Music/15/念诗之王（改革春风吹满地） (15键).txt,/Users/dong/Desktop/Learn/muios/public/念诗之王（改革春风吹满地） (15键).txt
旅行青蛙,/Users/dong/Music/15/旅行青蛙 (15键).txt,/Users/dong/Desktop/Learn/muios/public/旅行青蛙 (15键).txt
降临(试听版),/Users/dong/Music/15/降临(试听版) (15键).txt,/Users/dong/Desktop/Learn/muios/public/降临(试听版) (15键).txt
PDD洪荒之力Hoaprox,/Users/dong/Music/15/PDD洪荒之力Hoaprox (15键).txt,/Users/dong/Desktop/Learn/muios/public/PDD洪荒之力Hoaprox (15键).txt
像风一样,/Users/dong/Music/15/像风一样 (15键).txt,/Users/dong/Desktop/Learn/muios/public/像风一样 (15键).txt
Someday I'll Find My Way Home,/Users/dong/Music/15/Someday.I'll.Find.My.Way.Home (15键).txt,/Users/dong/Desktop/Learn/muios/public/Someday.I'll.Find.My.Way.Home (15键).txt
晴月,/Users/dong/Music/15/晴月 (15键).txt,/Users/dong/Desktop/Learn/muios/public/晴月 (15键).txt
HowLong-Will-I-Love-You-Ellie-Goulding,/Users/dong/Music/15/HowLong-Will-I-Love-You-Ellie-Goulding (15键).txt,/Users/dong/Desktop/Learn/muios/public/HowLong-Will-I-Love-You-Ellie-Goulding (15键).txt
幽雅に咲かせ墨染の桜-Border-of-Life,/Users/dong/Music/15/幽雅に咲かせ墨染の桜-～-Border-of-Life (15键).txt,/Users/dong/Desktop/Learn/muios/public/幽雅に咲かせ墨染の桜-～-Border-of-Life (15键).txt
幽雅に咲かせ墨染の桜-Border-of-Life,/Users/dong/Music/15/幽雅に咲かせ、墨染の桜　～ Border of Life (15键).txt,/Users/dong/Desktop/Learn/muios/public/幽雅に咲かせ、墨染の桜　～ Border of Life (15键).txt
TheNights,/Users/dong/Music/15/TheNights (15键).txt,/Users/dong/Desktop/Learn/muios/public/TheNights (15键).txt
寂しい夜 (寂夜),/Users/dong/Music/15/寂しい夜 (寂夜) (15键).txt,/Users/dong/Desktop/Learn/muios/public/寂しい夜 (寂夜) (15键).txt
寂しい夜 (寂夜),/Users/dong/Music/15/寂しい夜.寂夜 (15键).txt,/Users/dong/Desktop/Learn/muios/public/寂しい夜.寂夜 (15键).txt
生日快乐,/Users/dong/Music/15/生日快乐 (15键).txt,/Users/dong/Desktop/Learn/muios/public/生日快乐 (15键).txt
需要人陪,/Users/dong/Music/15/需要人陪 (15键).txt,/Users/dong/Desktop/Learn/muios/public/需要人陪 (15键).txt
霜雪千年,/Users/dong/Music/15/霜雪千年 (15键).txt,/Users/dong/Desktop/Learn/muios/public/霜雪千年 (15键).txt
哈尔的移动城堡(节选),/Users/dong/Music/15/哈尔的移动城堡(节选) (15键).txt,/Users/dong/Desktop/Learn/muios/public/哈尔的移动城堡(节选) (15键).txt
似光,/Users/dong/Music/15/似光 (15键).txt,/Users/dong/Desktop/Learn/muios/public/似光 (15键).txt
歌在飞苏勒亚其其格,/Users/dong/Music/15/歌在飞苏勒亚其其格 (15键).txt,/Users/dong/Desktop/Learn/muios/public/歌在飞苏勒亚其其格 (15键).txt
LadyKenny-Rogers,/Users/dong/Music/15/LadyKenny-Rogers (15键).txt,/Users/dong/Desktop/Learn/muios/public/LadyKenny-Rogers (15键).txt
别怕我在,/Users/dong/Music/15/别怕我在 (15键).txt,/Users/dong/Desktop/Learn/muios/public/别怕我在 (15键).txt
ねえねえねえ,/Users/dong/Music/15/ねえねえねえ (15键).txt,/Users/dong/Desktop/Learn/muios/public/ねえねえねえ (15键).txt
花瓣,/Users/dong/Music/15/花瓣 (15键).txt,/Users/dong/Desktop/Learn/muios/public/花瓣 (15键).txt
Shotin-the-Dark,/Users/dong/Music/15/Shotin-the-Dark (15键).txt,/Users/dong/Desktop/Learn/muios/public/Shotin-the-Dark (15键).txt
Peter pan,/Users/dong/Music/15/Peter pan (15键).txt,/Users/dong/Desktop/Learn/muios/public/Peter pan (15键).txt
Peter pan,/Users/dong/Music/15/Peter.pan (15键).txt,/Users/dong/Desktop/Learn/muios/public/Peter.pan (15键).txt
TreesTwenty-One-Pilots,/Users/dong/Music/15/TreesTwenty-One-Pilots (15键).txt,/Users/dong/Desktop/Learn/muios/public/TreesTwenty-One-Pilots (15键).txt
赐我(15键),/Users/dong/Music/15/赐我（15键） (15键).txt,/Users/dong/Desktop/Learn/muios/public/赐我（15键） (15键).txt
赐我(15键),/Users/dong/Music/15/赐我 (15键).txt,/Users/dong/Desktop/Learn/muios/public/赐我 (15键).txt
烈女,/Users/dong/Music/15/烈女 (15键).txt,/Users/dong/Desktop/Learn/muios/public/烈女 (15键).txt
Temade-Sira-Cesar-Benito-时间的针脚,/Users/dong/Music/15/Temade-Sira-Cesar-Benito-时间的针脚 (15键).txt,/Users/dong/Desktop/Learn/muios/public/Temade-Sira-Cesar-Benito-时间的针脚 (15键).txt
笑忘书,/Users/dong/Music/15/笑忘书 (15键).txt,/Users/dong/Desktop/Learn/muios/public/笑忘书 (15键).txt
DreamA-Little-Dream-Of-Me-Yiruma,/Users/dong/Music/15/DreamA-Little-Dream-Of-Me-Yiruma (15键).txt,/Users/dong/Desktop/Learn/muios/public/DreamA-Little-Dream-Of-Me-Yiruma (15键).txt
鱼玄机-az,/Users/dong/Music/15/鱼玄机-az (15键).txt,/Users/dong/Desktop/Learn/muios/public/鱼玄机-az (15键).txt
五等分の軌跡五等分的新娘主题曲,/Users/dong/Music/15/五等分の軌跡五等分的新娘主题曲 (15键).txt,/Users/dong/Desktop/Learn/muios/public/五等分の軌跡五等分的新娘主题曲 (15键).txt
白映,/Users/dong/Music/15/白映 (15键).txt,/Users/dong/Desktop/Learn/muios/public/白映 (15键).txt
YourSong-Elton-John,/Users/dong/Music/15/YourSong-Elton-John (15键).txt,/Users/dong/Desktop/Learn/muios/public/YourSong-Elton-John (15键).txt
美人鱼,/Users/dong/Music/15/美人鱼 (15键).txt,/Users/dong/Desktop/Learn/muios/public/美人鱼 (15键).txt
Call It What You Want,/Users/dong/Music/15/Call.It.What.You.Want (15键).txt,/Users/dong/Desktop/Learn/muios/public/Call.It.What.You.Want (15键).txt
HeroesMåns-Zelmerlöw,/Users/dong/Music/15/HeroesMåns-Zelmerlöw (15键).txt,/Users/dong/Desktop/Learn/muios/public/HeroesMåns-Zelmerlöw (15键).txt
多啦A梦主题曲,/Users/dong/Music/15/多啦A梦主题曲 (15键).txt,/Users/dong/Desktop/Learn/muios/public/多啦A梦主题曲 (15键).txt
LoveStory,/Users/dong/Music/15/lovestory (15键).txt,/Users/dong/Desktop/Learn/muios/public/lovestory (15键).txt
LoveStory,/Users/dong/Music/15/love story    by小社 (15键).txt,/Users/dong/Desktop/Learn/muios/public/love story    by小社 (15键).txt
LoveStory,/Users/dong/Music/15/Love Story (15键).txt,/Users/dong/Desktop/Learn/muios/public/Love Story (15键).txt
LoveStory,/Users/dong/Music/15/Love.Story (15键).txt,/Users/dong/Desktop/Learn/muios/public/Love.Story (15键).txt
清澈的溪水布格缪勒,/Users/dong/Music/15/清澈的溪水布格缪勒 (15键).txt,/Users/dong/Desktop/Learn/muios/public/清澈的溪水布格缪勒 (15键).txt
夏夕空「夏目友人帐」,/Users/dong/Music/15/《夏夕空》「夏目友人帐」 (15键).txt,/Users/dong/Desktop/Learn/muios/public/《夏夕空》「夏目友人帐」 (15键).txt
爱爱爱方大同,/Users/dong/Music/15/爱爱爱方大同 (15键).txt,/Users/dong/Desktop/Learn/muios/public/爱爱爱方大同 (15键).txt
下一个,/Users/dong/Music/15/下一个 (15键).txt,/Users/dong/Desktop/Learn/muios/public/下一个 (15键).txt
IWould-One-Direction,/Users/dong/Music/15/IWould-One-Direction (15键).txt,/Users/dong/Desktop/Learn/muios/public/IWould-One-Direction (15键).txt
邮递马车古关裕,/Users/dong/Music/15/邮递马车古关裕 (15键).txt,/Users/dong/Desktop/Learn/muios/public/邮递马车古关裕 (15键).txt
拉德斯基进行曲,/Users/dong/Music/15/拉德斯基进行曲 (15键).txt,/Users/dong/Desktop/Learn/muios/public/拉德斯基进行曲 (15键).txt
花月愿,/Users/dong/Music/15/花月愿 (15键).txt,/Users/dong/Desktop/Learn/muios/public/花月愿 (15键).txt
闹够了没有,/Users/dong/Music/15/闹够了没有 (15键).txt,/Users/dong/Desktop/Learn/muios/public/闹够了没有 (15键).txt
夜的钢琴曲五,/Users/dong/Music/15/夜的钢琴曲五 (15键).txt,/Users/dong/Desktop/Learn/muios/public/夜的钢琴曲五 (15键).txt
MakeMe-Cry-Noah-Cyrus,/Users/dong/Music/15/MakeMe--Cry--Noah-Cyrus (15键).txt,/Users/dong/Desktop/Learn/muios/public/MakeMe--Cry--Noah-Cyrus (15键).txt
异乡人李健,/Users/dong/Music/15/异乡人李健 (15键).txt,/Users/dong/Desktop/Learn/muios/public/异乡人李健 (15键).txt
Numb麻木-Linkin-Park,/Users/dong/Music/15/Numb麻木---Linkin-Park (15键).txt,/Users/dong/Desktop/Learn/muios/public/Numb麻木---Linkin-Park (15键).txt
车尔尼599001,/Users/dong/Music/15/车尔尼599001 (15键).txt,/Users/dong/Desktop/Learn/muios/public/车尔尼599001 (15键).txt
一剪梅,/Users/dong/Music/15/一剪梅 (15键).txt,/Users/dong/Desktop/Learn/muios/public/一剪梅 (15键).txt
布谷鸟汤普森现代钢琴第一册,/Users/dong/Music/15/布谷鸟汤普森现代钢琴第一册 (15键).txt,/Users/dong/Desktop/Learn/muios/public/布谷鸟汤普森现代钢琴第一册 (15键).txt
哦十分钟-儿歌,/Users/dong/Music/15/哦十分钟-儿歌 (15键).txt,/Users/dong/Desktop/Learn/muios/public/哦十分钟-儿歌 (15键).txt
忘川彼岸,/Users/dong/Music/15/忘川彼岸 (15键).txt,/Users/dong/Desktop/Learn/muios/public/忘川彼岸 (15键).txt
空空如也,/Users/dong/Music/15/空空如也 (15键).txt,/Users/dong/Desktop/Learn/muios/public/空空如也 (15键).txt
深海的星星没有秘密的你片尾曲,/Users/dong/Music/15/深海的星星没有秘密的你片尾曲 (15键).txt,/Users/dong/Desktop/Learn/muios/public/深海的星星没有秘密的你片尾曲 (15键).txt
HeyBrother-Avicii,/Users/dong/Music/15/HeyBrother-Avicii (15键).txt,/Users/dong/Desktop/Learn/muios/public/HeyBrother-Avicii (15键).txt
YouMake-It-Easy-Jason-Aldean,/Users/dong/Music/15/YouMake-It-Easy-Jason-Aldean (15键).txt,/Users/dong/Desktop/Learn/muios/public/YouMake-It-Easy-Jason-Aldean (15键).txt
初音未来,/Users/dong/Music/15/初音未来 (15键).txt,/Users/dong/Desktop/Learn/muios/public/初音未来 (15键).txt
绘旅人岁月静歌,/Users/dong/Music/15/绘旅人岁月静歌 (15键).txt,/Users/dong/Desktop/Learn/muios/public/绘旅人岁月静歌 (15键).txt
目及皆是你,/Users/dong/Music/15/目及皆是你    by小社 (15键).txt,/Users/dong/Desktop/Learn/muios/public/目及皆是你    by小社 (15键).txt
目及皆是你,/Users/dong/Music/15/目及皆是你 (15键).txt,/Users/dong/Desktop/Learn/muios/public/目及皆是你 (15键).txt
BadDay-Daniel-Powter,/Users/dong/Music/15/BadDay-Daniel-Powter (15键).txt,/Users/dong/Desktop/Learn/muios/public/BadDay-Daniel-Powter (15键).txt
TrainingWheels-piano-Melanie-Martinez,/Users/dong/Music/15/TrainingWheels-piano-Melanie-Martinez (15键).txt,/Users/dong/Desktop/Learn/muios/public/TrainingWheels-piano-Melanie-Martinez (15键).txt
点点繁星-迷雾森林-班得瑞,/Users/dong/Music/15/点点繁星-迷雾森林-班得瑞 (15键).txt,/Users/dong/Desktop/Learn/muios/public/点点繁星-迷雾森林-班得瑞 (15键).txt
神探夏洛克主题曲,/Users/dong/Music/15/神探夏洛克主题曲 (15键).txt,/Users/dong/Desktop/Learn/muios/public/神探夏洛克主题曲 (15键).txt
哦苏珊娜,/Users/dong/Music/15/哦苏珊娜 (15键).txt,/Users/dong/Desktop/Learn/muios/public/哦苏珊娜 (15键).txt
青石巷 Bluestone Alley,/Users/dong/Music/15/青石巷.Bluestone.Alley (15键).txt,/Users/dong/Desktop/Learn/muios/public/青石巷.Bluestone.Alley (15键).txt
AnyoneSeventeen,/Users/dong/Music/15/AnyoneSeventeen (15键).txt,/Users/dong/Desktop/Learn/muios/public/AnyoneSeventeen (15键).txt
胡桃夹子健忘村宣传推广曲,/Users/dong/Music/15/胡桃夹子健忘村宣传推广曲 (15键).txt,/Users/dong/Desktop/Learn/muios/public/胡桃夹子健忘村宣传推广曲 (15键).txt
忘了牵手,/Users/dong/Music/15/忘了牵手 (15键).txt,/Users/dong/Desktop/Learn/muios/public/忘了牵手 (15键).txt
当你孤单你会想起谁,/Users/dong/Music/15/当你孤单你会想起谁 (15键).txt,/Users/dong/Desktop/Learn/muios/public/当你孤单你会想起谁 (15键).txt
彩虹猫,/Users/dong/Music/15/彩虹猫 (15键).txt,/Users/dong/Desktop/Learn/muios/public/彩虹猫 (15键).txt
月半小夜曲(晓阳改),/Users/dong/Music/15/月半小夜曲（晓阳改） (15键).txt,/Users/dong/Desktop/Learn/muios/public/月半小夜曲（晓阳改） (15键).txt
梅花三弄,/Users/dong/Music/15/梅花三弄 (15键).txt,/Users/dong/Desktop/Learn/muios/public/梅花三弄 (15键).txt
雪花的快乐雅尼,/Users/dong/Music/15/雪花的快乐雅尼 (15键).txt,/Users/dong/Desktop/Learn/muios/public/雪花的快乐雅尼 (15键).txt
我爱你,/Users/dong/Music/15/我爱你 (15键).txt,/Users/dong/Desktop/Learn/muios/public/我爱你 (15键).txt
HeLike-That-Fifth-Harmony,/Users/dong/Music/15/HeLike-That-Fifth-Harmony (15键).txt,/Users/dong/Desktop/Learn/muios/public/HeLike-That-Fifth-Harmony (15键).txt
数码宝贝第四部的背景音乐,/Users/dong/Music/15/数码宝贝第四部的背景音乐 (15键).txt,/Users/dong/Desktop/Learn/muios/public/数码宝贝第四部的背景音乐 (15键).txt
魔鬼中的天使田馥甄,/Users/dong/Music/15/魔鬼中的天使田馥甄 (15键).txt,/Users/dong/Desktop/Learn/muios/public/魔鬼中的天使田馥甄 (15键).txt
好心分手,/Users/dong/Music/15/好心分手 (15键).txt,/Users/dong/Desktop/Learn/muios/public/好心分手 (15键).txt
plastic-Absolon,/Users/dong/Music/15/plastic—Absolon (15键).txt,/Users/dong/Desktop/Learn/muios/public/plastic—Absolon (15键).txt
他不懂张杰,/Users/dong/Music/15/他不懂张杰 (15键).txt,/Users/dong/Desktop/Learn/muios/public/他不懂张杰 (15键).txt
黄金之风处刑曲,/Users/dong/Music/15/黄金之风处刑曲 (15键).txt,/Users/dong/Desktop/Learn/muios/public/黄金之风处刑曲 (15键).txt
我的秘密邓紫棋,/Users/dong/Music/15/我的秘密邓紫棋 (15键).txt,/Users/dong/Desktop/Learn/muios/public/我的秘密邓紫棋 (15键).txt
CocoBall,/Users/dong/Music/15/COCOBALL (15键).txt,/Users/dong/Desktop/Learn/muios/public/COCOBALL (15键).txt
说散就散,/Users/dong/Music/15/说散就散 (15键).txt,/Users/dong/Desktop/Learn/muios/public/说散就散 (15键).txt
机会的顺序-AKB48,/Users/dong/Music/15/机会的顺序-AKB48 (15键).txt,/Users/dong/Desktop/Learn/muios/public/机会的顺序-AKB48 (15键).txt
情人Beyond,/Users/dong/Music/15/情人Beyond (15键).txt,/Users/dong/Desktop/Learn/muios/public/情人Beyond (15键).txt
一个人的浪漫,/Users/dong/Music/15/一个人的浪漫 (15键).txt,/Users/dong/Desktop/Learn/muios/public/一个人的浪漫 (15键).txt
其实我还好,/Users/dong/Music/15/其实我还好 (15键).txt,/Users/dong/Desktop/Learn/muios/public/其实我还好 (15键).txt
奇迹再现迪迦奥特曼主题曲,/Users/dong/Music/15/奇迹再现迪迦奥特曼主题曲 (15键).txt,/Users/dong/Desktop/Learn/muios/public/奇迹再现迪迦奥特曼主题曲 (15键).txt
三一来临歌新编赞美诗第2首,/Users/dong/Music/15/三一来临歌新编赞美诗第2首 (15键).txt,/Users/dong/Desktop/Learn/muios/public/三一来临歌新编赞美诗第2首 (15键).txt
牧民歌唱毛主席胡适熙,/Users/dong/Music/15/牧民歌唱毛主席胡适熙 (15键).txt,/Users/dong/Desktop/Learn/muios/public/牧民歌唱毛主席胡适熙 (15键).txt
草木魔道祖师,/Users/dong/Music/15/草木魔道祖师 (15键).txt,/Users/dong/Desktop/Learn/muios/public/草木魔道祖师 (15键).txt
致爱丽丝(单手简易)小先生,/Users/dong/Music/15/致爱丽丝（单手简易）小先生 (15键).txt,/Users/dong/Desktop/Learn/muios/public/致爱丽丝（单手简易）小先生 (15键).txt
0401-Xeuphoria,/Users/dong/Music/15/0401-Xeuphoria (15键).txt,/Users/dong/Desktop/Learn/muios/public/0401-Xeuphoria (15键).txt
森吉德玛,/Users/dong/Music/15/森吉德玛 (15键).txt,/Users/dong/Desktop/Learn/muios/public/森吉德玛 (15键).txt
啊朋友再见,/Users/dong/Music/15/啊朋友再见 (15键).txt,/Users/dong/Desktop/Learn/muios/public/啊朋友再见 (15键).txt
我们的冒险,/Users/dong/Music/15/我们的冒险 (15键).txt,/Users/dong/Desktop/Learn/muios/public/我们的冒险 (15键).txt
我们的冒险,/Users/dong/Music/15/《我们的冒险》 (15键).txt,/Users/dong/Desktop/Learn/muios/public/《我们的冒险》 (15键).txt
瞬间的永恒,/Users/dong/Music/15/瞬间的永恒 (15键).txt,/Users/dong/Desktop/Learn/muios/public/瞬间的永恒 (15键).txt
Last Reincarnation,/Users/dong/Music/15/Last.Reincarnation (15键).txt,/Users/dong/Desktop/Learn/muios/public/Last.Reincarnation (15键).txt
LockedAway-R-City,/Users/dong/Music/15/LockedAway-R--City (15键).txt,/Users/dong/Desktop/Learn/muios/public/LockedAway-R--City (15键).txt
爱上你是一个错杨培安,/Users/dong/Music/15/爱上你是一个错杨培安 (15键).txt,/Users/dong/Desktop/Learn/muios/public/爱上你是一个错杨培安 (15键).txt
浮诛诛仙青云志片头曲,/Users/dong/Music/15/浮诛诛仙青云志片头曲 (15键).txt,/Users/dong/Desktop/Learn/muios/public/浮诛诛仙青云志片头曲 (15键).txt
天丿弱(天之弱/GUMI),/Users/dong/Music/15/天丿弱（天之弱／GUMI） (15键).txt,/Users/dong/Desktop/Learn/muios/public/天丿弱（天之弱／GUMI） (15键).txt
还是分开,/Users/dong/Music/15/还是分开 (15键).txt,/Users/dong/Desktop/Learn/muios/public/还是分开 (15键).txt
美国末日1,/Users/dong/Music/15/美国末日1 (15键).txt,/Users/dong/Desktop/Learn/muios/public/美国末日1 (15键).txt
Skyfall007之大破天降杀机主题曲,/Users/dong/Music/15/Skyfall007之大破天降杀机主题曲 (15键).txt,/Users/dong/Desktop/Learn/muios/public/Skyfall007之大破天降杀机主题曲 (15键).txt
君が夢を連れてきた,/Users/dong/Music/15/君が夢を連れてきた (15键).txt,/Users/dong/Desktop/Learn/muios/public/君が夢を連れてきた (15键).txt
非酋新,/Users/dong/Music/15/非酋新 (15键).txt,/Users/dong/Desktop/Learn/muios/public/非酋新 (15键).txt
我落泪情绪零碎,/Users/dong/Music/15/我落泪情绪零碎 (15键).txt,/Users/dong/Desktop/Learn/muios/public/我落泪情绪零碎 (15键).txt
外婆周杰伦,/Users/dong/Music/15/外婆周杰伦 (15键).txt,/Users/dong/Desktop/Learn/muios/public/外婆周杰伦 (15键).txt
飞吧鸽子-王立平,/Users/dong/Music/15/飞吧鸽子-王立平 (15键).txt,/Users/dong/Desktop/Learn/muios/public/飞吧鸽子-王立平 (15键).txt
分手快乐梁静茹,/Users/dong/Music/15/分手快乐梁静茹 (15键).txt,/Users/dong/Desktop/Learn/muios/public/分手快乐梁静茹 (15键).txt
鸽子,/Users/dong/Music/15/鸽子 (15键).txt,/Users/dong/Desktop/Learn/muios/public/鸽子 (15键).txt
Gunsfor-Hands-Twenty-One-Pilots,/Users/dong/Music/15/Gunsfor-Hands-Twenty-One-Pilots (15键).txt,/Users/dong/Desktop/Learn/muios/public/Gunsfor-Hands-Twenty-One-Pilots (15键).txt
LaDi-Da-Everglow,/Users/dong/Music/15/LaDi-Da-Everglow (15键).txt,/Users/dong/Desktop/Learn/muios/public/LaDi-Da-Everglow (15键).txt
DineroTrinidad-Cardona,/Users/dong/Music/15/DineroTrinidad-Cardona (15键).txt,/Users/dong/Desktop/Learn/muios/public/DineroTrinidad-Cardona (15键).txt
情话徐良,/Users/dong/Music/15/情话徐良 (15键).txt,/Users/dong/Desktop/Learn/muios/public/情话徐良 (15键).txt
therose-西城男孩westlife,/Users/dong/Music/15/therose-西城男孩westlife (15键).txt,/Users/dong/Desktop/Learn/muios/public/therose-西城男孩westlife (15键).txt
人间叹,/Users/dong/Music/15/人间叹 (15键).txt,/Users/dong/Desktop/Learn/muios/public/人间叹 (15键).txt
Don'tsaylazy-轻音少女,/Users/dong/Music/15/Don'tsay“lazy”-轻音少女 (15键).txt,/Users/dong/Desktop/Learn/muios/public/Don'tsay“lazy”-轻音少女 (15键).txt
Don'tsaylazy-轻音少女,"/Users/dong/Music/15/Don'tsay""lazy""-轻音少女 (15键).txt","/Users/dong/Desktop/Learn/muios/public/Don'tsay""lazy""-轻音少女 (15键).txt"
大风吹,/Users/dong/Music/15/《大风吹》by陆沉光 (15键).txt,/Users/dong/Desktop/Learn/muios/public/《大风吹》by陆沉光 (15键).txt
大风吹,/Users/dong/Music/15/大风吹 (15键).txt,/Users/dong/Desktop/Learn/muios/public/大风吹 (15键).txt
Journey,/Users/dong/Music/15/Journey (15键).txt,/Users/dong/Desktop/Learn/muios/public/Journey (15键).txt
千秋古剑奇谭三梦付千秋星垂野主题曲,/Users/dong/Music/15/千秋古剑奇谭三梦付千秋星垂野主题曲 (15键).txt,/Users/dong/Desktop/Learn/muios/public/千秋古剑奇谭三梦付千秋星垂野主题曲 (15键).txt
彼此的未来SNH48,/Users/dong/Music/15/彼此的未来SNH48 (15键).txt,/Users/dong/Desktop/Learn/muios/public/彼此的未来SNH48 (15键).txt
xxxtentacion-sad 烛子ikina,/Users/dong/Music/15/xxxtentacion - sad 烛子ikina (15键).txt,/Users/dong/Desktop/Learn/muios/public/xxxtentacion - sad 烛子ikina (15键).txt
车站张秀卿,/Users/dong/Music/15/车站张秀卿 (15键).txt,/Users/dong/Desktop/Learn/muios/public/车站张秀卿 (15键).txt
Pretty boy,/Users/dong/Music/15/Pretty.boy (15键).txt,/Users/dong/Desktop/Learn/muios/public/Pretty.boy (15键).txt
纯心じゅんしん-井上昌己,/Users/dong/Music/15/纯心じゅんしん-井上昌己 (15键).txt,/Users/dong/Desktop/Learn/muios/public/纯心じゅんしん-井上昌己 (15键).txt
练习曲29Midi版EOP自学速成班第二季-孩子们的拜厄-上,/Users/dong/Music/15/练习曲29Midi版EOP自学速成班第二季-孩子们的拜厄-上- (15键).txt,/Users/dong/Desktop/Learn/muios/public/练习曲29Midi版EOP自学速成班第二季-孩子们的拜厄-上- (15键).txt
鬼灭之刃祢豆子,/Users/dong/Music/15/鬼灭之刃祢豆子 (15键).txt,/Users/dong/Desktop/Learn/muios/public/鬼灭之刃祢豆子 (15键).txt
DawnOf-Us-王嘉尔,/Users/dong/Music/15/DawnOf-Us-王嘉尔 (15键).txt,/Users/dong/Desktop/Learn/muios/public/DawnOf-Us-王嘉尔 (15键).txt
爱立刻有,/Users/dong/Music/15/爱立刻有 (15键).txt,/Users/dong/Desktop/Learn/muios/public/爱立刻有 (15键).txt
美景,/Users/dong/Music/15/美景 (15键).txt,/Users/dong/Desktop/Learn/muios/public/美景 (15键).txt
光遇重生曲(笛),/Users/dong/Music/15/光遇重生曲（笛） (15键).txt,/Users/dong/Desktop/Learn/muios/public/光遇重生曲（笛） (15键).txt
浮士德圆舞曲夏尔-古诺,/Users/dong/Music/15/浮士德圆舞曲夏尔-古诺 (15键).txt,/Users/dong/Desktop/Learn/muios/public/浮士德圆舞曲夏尔-古诺 (15键).txt
BTS 春日 spring day 烛子ikina,/Users/dong/Music/15/BTS 春日 spring day 烛子ikina (15键).txt,/Users/dong/Desktop/Learn/muios/public/BTS 春日 spring day 烛子ikina (15键).txt
琵琶行(琵琶演奏),/Users/dong/Music/15/琵琶行（琵琶演奏） (15键).txt,/Users/dong/Desktop/Learn/muios/public/琵琶行（琵琶演奏） (15键).txt
真的爱你1,/Users/dong/Music/15/真的爱你1 (15键).txt,/Users/dong/Desktop/Learn/muios/public/真的爱你1 (15键).txt
卷珠帘霍尊,/Users/dong/Music/15/卷珠帘霍尊 (15键).txt,/Users/dong/Desktop/Learn/muios/public/卷珠帘霍尊 (15键).txt
大切なひと,/Users/dong/Music/15/大切なひと (15键).txt,/Users/dong/Desktop/Learn/muios/public/大切なひと (15键).txt
极乐净土合音版,/Users/dong/Music/15/极乐净土合音版 (15键).txt,/Users/dong/Desktop/Learn/muios/public/极乐净土合音版 (15键).txt
破茧,/Users/dong/Music/15/破茧 (15键).txt,/Users/dong/Desktop/Learn/muios/public/破茧 (15键).txt
alize核爆神曲,/Users/dong/Music/15/alize核爆神曲 (15键).txt,/Users/dong/Desktop/Learn/muios/public/alize核爆神曲 (15键).txt
Howto-Love,/Users/dong/Music/15/Howto-Love (15键).txt,/Users/dong/Desktop/Learn/muios/public/Howto-Love (15键).txt
Howto-Love,/Users/dong/Music/15/HowtoLove (15键).txt,/Users/dong/Desktop/Learn/muios/public/HowtoLove (15键).txt
爱莲娜克莱德曼,/Users/dong/Music/15/爱莲娜克莱德曼 (15键).txt,/Users/dong/Desktop/Learn/muios/public/爱莲娜克莱德曼 (15键).txt
桜が丘女子高等学校校歌轻音少女插曲,/Users/dong/Music/15/桜が丘女子高等学校校歌轻音少女插曲 (15键).txt,/Users/dong/Desktop/Learn/muios/public/桜が丘女子高等学校校歌轻音少女插曲 (15键).txt
春天的太阳,/Users/dong/Music/15/春天的太阳 (15键).txt,/Users/dong/Desktop/Learn/muios/public/春天的太阳 (15键).txt
全家,/Users/dong/Music/15/全家 (15键).txt,/Users/dong/Desktop/Learn/muios/public/全家 (15键).txt
你在我心里,/Users/dong/Music/15/你在我心里 (15键).txt,/Users/dong/Desktop/Learn/muios/public/你在我心里 (15键).txt
无别天官赐福,/Users/dong/Music/15/《无别》天官赐福 (15键).txt,/Users/dong/Desktop/Learn/muios/public/《无别》天官赐福 (15键).txt
无别天官赐福,/Users/dong/Music/15/无别.天官赐福 (15键).txt,/Users/dong/Desktop/Learn/muios/public/无别.天官赐福 (15键).txt
无别天官赐福,/Users/dong/Music/15/无别 天官赐福 (15键).txt,/Users/dong/Desktop/Learn/muios/public/无别 天官赐福 (15键).txt
爱的回归线,/Users/dong/Music/15/爱的回归线 (15键).txt,/Users/dong/Desktop/Learn/muios/public/爱的回归线 (15键).txt
靴の花火,/Users/dong/Music/15/靴の花火 (15键).txt,/Users/dong/Desktop/Learn/muios/public/靴の花火 (15键).txt
countingstars,/Users/dong/Music/15/countingstars (15键).txt,/Users/dong/Desktop/Learn/muios/public/countingstars (15键).txt
countingstars,/Users/dong/Music/15/Counting Stars (15键).txt,/Users/dong/Desktop/Learn/muios/public/Counting Stars (15键).txt
BadLiar-Selena-Gomez,/Users/dong/Music/15/BadLiar-Selena-Gomez (15键).txt,/Users/dong/Desktop/Learn/muios/public/BadLiar-Selena-Gomez (15键).txt
Asphyxia(窒息)-逆时针向,/Users/dong/Music/15/Asphyxia（窒息）-逆时针向 (15键).txt,/Users/dong/Desktop/Learn/muios/public/Asphyxia（窒息）-逆时针向 (15键).txt
离开的那一些林俊杰,/Users/dong/Music/15/离开的那一些林俊杰 (15键).txt,/Users/dong/Desktop/Learn/muios/public/离开的那一些林俊杰 (15键).txt
幻想曲之彷徨泡沫之夏,/Users/dong/Music/15/幻想曲之彷徨泡沫之夏 (15键).txt,/Users/dong/Desktop/Learn/muios/public/幻想曲之彷徨泡沫之夏 (15键).txt
探窗(看到有人在求),/Users/dong/Music/15/探窗（看到有人在求） (15键).txt,/Users/dong/Desktop/Learn/muios/public/探窗（看到有人在求） (15键).txt
不可不信缘插曲假如爱有天意,/Users/dong/Music/15/不可不信缘插曲假如爱有天意 (15键).txt,/Users/dong/Desktop/Learn/muios/public/不可不信缘插曲假如爱有天意 (15键).txt
某死神小学生的主题曲,/Users/dong/Music/15/某死神小学生的主题曲 (15键).txt,/Users/dong/Desktop/Learn/muios/public/某死神小学生的主题曲 (15键).txt
车尔尼599015,/Users/dong/Music/15/车尔尼599015 (15键).txt,/Users/dong/Desktop/Learn/muios/public/车尔尼599015 (15键).txt
去大理心花路放插曲,/Users/dong/Music/15/去大理心花路放插曲 (15键).txt,/Users/dong/Desktop/Learn/muios/public/去大理心花路放插曲 (15键).txt
天问,/Users/dong/Music/15/天问 (15键).txt,/Users/dong/Desktop/Learn/muios/public/天问 (15键).txt
烟花易冷(改良间隔),/Users/dong/Music/15/烟花易冷（改良间隔） (15键).txt,/Users/dong/Desktop/Learn/muios/public/烟花易冷（改良间隔） (15键).txt
遇见,/Users/dong/Music/15/遇见 (15键).txt,/Users/dong/Desktop/Learn/muios/public/遇见 (15键).txt
Victory删,/Users/dong/Music/15/Victory删 (15键).txt,/Users/dong/Desktop/Learn/muios/public/Victory删 (15键).txt
唱情歌,/Users/dong/Music/15/唱情歌 (15键).txt,/Users/dong/Desktop/Learn/muios/public/唱情歌 (15键).txt
yori on ice,/Users/dong/Music/15/yori on ice (15键).txt,/Users/dong/Desktop/Learn/muios/public/yori on ice (15键).txt
yori on ice,/Users/dong/Music/15/yori.on.ice (15键).txt,/Users/dong/Desktop/Learn/muios/public/yori.on.ice (15键).txt
LetterThatWritingintheWind,/Users/dong/Music/15/LetterThatWritingintheWind (15键).txt,/Users/dong/Desktop/Learn/muios/public/LetterThatWritingintheWind (15键).txt
princessdestiny(芭比),/Users/dong/Music/15/princessdestiny（芭比） (15键).txt,/Users/dong/Desktop/Learn/muios/public/princessdestiny（芭比） (15键).txt
太阳系disco-Micles,/Users/dong/Music/15/太阳系disco-Micles (15键).txt,/Users/dong/Desktop/Learn/muios/public/太阳系disco-Micles (15键).txt
TheTruth-Untold-防弹少年团,/Users/dong/Music/15/TheTruth-Untold-防弹少年团 (15键).txt,/Users/dong/Desktop/Learn/muios/public/TheTruth-Untold-防弹少年团 (15键).txt
爱的罗曼史,/Users/dong/Music/15/爱的罗曼史 (15键).txt,/Users/dong/Desktop/Learn/muios/public/爱的罗曼史 (15键).txt
17首串烧未完善版,/Users/dong/Music/15/17首串烧未完善版 (15键).txt,/Users/dong/Desktop/Learn/muios/public/17首串烧未完善版 (15键).txt
孤独之书房东的猫,/Users/dong/Music/15/孤独之书房东的猫 (15键).txt,/Users/dong/Desktop/Learn/muios/public/孤独之书房东的猫 (15键).txt
Valentine’sDay-情人节,/Users/dong/Music/15/Valentine’sDay-情人节 (15键).txt,/Users/dong/Desktop/Learn/muios/public/Valentine’sDay-情人节 (15键).txt
感恩的心,/Users/dong/Music/15/感恩的心 (15键).txt,/Users/dong/Desktop/Learn/muios/public/感恩的心 (15键).txt
岁月神偷,/Users/dong/Music/15/岁月神偷 (15键).txt,/Users/dong/Desktop/Learn/muios/public/岁月神偷 (15键).txt
il vento d‘oro,/Users/dong/Music/15/ilventodoro (15键).txt,/Users/dong/Desktop/Learn/muios/public/ilventodoro (15键).txt
il vento d‘oro,/Users/dong/Music/15/il.vento.d‘oro (15键).txt,/Users/dong/Desktop/Learn/muios/public/il.vento.d‘oro (15键).txt
Moonlight想哭的我戴上了猫的面具,/Users/dong/Music/15/Moonlight想哭的我戴上了猫的面具 (15键).txt,/Users/dong/Desktop/Learn/muios/public/Moonlight想哭的我戴上了猫的面具 (15键).txt
世界第一的公主殿下,/Users/dong/Music/15/世界第一的公主殿下 (15键).txt,/Users/dong/Desktop/Learn/muios/public/世界第一的公主殿下 (15键).txt
四季予你,/Users/dong/Music/15/四季予你 (15键).txt,/Users/dong/Desktop/Learn/muios/public/四季予你 (15键).txt
后会无期,/Users/dong/Music/15/后会无期 (15键).txt,/Users/dong/Desktop/Learn/muios/public/后会无期 (15键).txt
逆战,/Users/dong/Music/15/逆战 (15键).txt,/Users/dong/Desktop/Learn/muios/public/逆战 (15键).txt
WildestDreams,/Users/dong/Music/15/Wildest.Dreams (15键).txt,/Users/dong/Desktop/Learn/muios/public/Wildest.Dreams (15键).txt
男孩,/Users/dong/Music/15/男孩 (15键).txt,/Users/dong/Desktop/Learn/muios/public/男孩 (15键).txt
暗隐刺客(琵琶用),/Users/dong/Music/15/暗隐刺客（琵琶用） (15键).txt,/Users/dong/Desktop/Learn/muios/public/暗隐刺客（琵琶用） (15键).txt
送别孟贵彬,/Users/dong/Music/15/送别孟贵彬 (15键).txt,/Users/dong/Desktop/Learn/muios/public/送别孟贵彬 (15键).txt
长城谣关山万里插曲,/Users/dong/Music/15/长城谣关山万里插曲 (15键).txt,/Users/dong/Desktop/Learn/muios/public/长城谣关山万里插曲 (15键).txt
DaCapo(崩坏3毕业旅行动画短片印象曲),/Users/dong/Music/15/DaCapo（崩坏3《毕业旅行》动画短片印象曲） (15键).txt,/Users/dong/Desktop/Learn/muios/public/DaCapo（崩坏3《毕业旅行》动画短片印象曲） (15键).txt
秋荡别恋,/Users/dong/Music/15/秋荡别恋 (15键).txt,/Users/dong/Desktop/Learn/muios/public/秋荡别恋 (15键).txt
Release My Soul,/Users/dong/Music/15/Release.My.Soul (15键).txt,/Users/dong/Desktop/Learn/muios/public/Release.My.Soul (15键).txt
跳动的弦神奇的猪,/Users/dong/Music/15/跳动的弦神奇的猪 (15键).txt,/Users/dong/Desktop/Learn/muios/public/跳动的弦神奇的猪 (15键).txt
shadowofthesun(求完整版),/Users/dong/Music/15/shadowofthesun（求完整版） (15键).txt,/Users/dong/Desktop/Learn/muios/public/shadowofthesun（求完整版） (15键).txt
"亲爱的,那不是爱",/Users/dong/Music/15/亲爱的，那不是爱 (15键).txt,/Users/dong/Desktop/Learn/muios/public/亲爱的，那不是爱 (15键).txt
BeforeLove-Luigi-Rubino,/Users/dong/Music/15/BeforeLove-Luigi-Rubino (15键).txt,/Users/dong/Desktop/Learn/muios/public/BeforeLove-Luigi-Rubino (15键).txt
所念皆星河(最还原版),/Users/dong/Music/15/所念皆星河(最还原版) (15键).txt,/Users/dong/Desktop/Learn/muios/public/所念皆星河(最还原版) (15键).txt
A New Day with Hope昭辰Rocogitare,/Users/dong/Music/15/A.New.Day.with.Hope昭辰Rocogitare (15键).txt,/Users/dong/Desktop/Learn/muios/public/A.New.Day.with.Hope昭辰Rocogitare (15键).txt
A New Day with Hope昭辰Rocogitare,/Users/dong/Music/15/A New Day with Hope昭辰Rocogitare (15键).txt,/Users/dong/Desktop/Learn/muios/public/A New Day with Hope昭辰Rocogitare (15键).txt
梦幻曲童年情景,/Users/dong/Music/15/梦幻曲童年情景 (15键).txt,/Users/dong/Desktop/Learn/muios/public/梦幻曲童年情景 (15键).txt
Seve,/Users/dong/Music/15/Seve (15键).txt,/Users/dong/Desktop/Learn/muios/public/Seve (15键).txt
和煦的糖果风,/Users/dong/Music/15/和煦的糖果风 (15键).txt,/Users/dong/Desktop/Learn/muios/public/和煦的糖果风 (15键).txt
心引力王俊凯和蔡依林,/Users/dong/Music/15/心引力王俊凯和蔡依林 (15键).txt,/Users/dong/Desktop/Learn/muios/public/心引力王俊凯和蔡依林 (15键).txt
好运来HX UTF16,/Users/dong/Music/15/好运来HX_UTF16 (15键).txt,/Users/dong/Desktop/Learn/muios/public/好运来HX_UTF16 (15键).txt
离别,/Users/dong/Music/15/离别 (15键).txt,/Users/dong/Desktop/Learn/muios/public/离别 (15键).txt
鹿Be-Free,/Users/dong/Music/15/鹿 be free (15键).txt,/Users/dong/Desktop/Learn/muios/public/鹿 be free (15键).txt
鹿Be-Free,/Users/dong/Music/15/鹿BeFree (15键).txt,/Users/dong/Desktop/Learn/muios/public/鹿BeFree (15键).txt
别说我的眼泪你无所谓,/Users/dong/Music/15/别说我的眼泪你无所谓 (15键).txt,/Users/dong/Desktop/Learn/muios/public/别说我的眼泪你无所谓 (15键).txt
琴师无弦,/Users/dong/Music/15/琴师无弦 (15键).txt,/Users/dong/Desktop/Learn/muios/public/琴师无弦 (15键).txt
GalwayGirl,/Users/dong/Music/15/GalwayGirl (15键).txt,/Users/dong/Desktop/Learn/muios/public/GalwayGirl (15键).txt
世界は恋に落ちている(我的世界坠入爱河),/Users/dong/Music/15/世界は恋に落ちている（我的世界坠入爱河） (15键).txt,/Users/dong/Desktop/Learn/muios/public/世界は恋に落ちている（我的世界坠入爱河） (15键).txt
会不会,/Users/dong/Music/15/会不会 (15键).txt,/Users/dong/Desktop/Learn/muios/public/会不会 (15键).txt
鬼灭红莲华,/Users/dong/Music/15/鬼灭红莲华 (15键).txt,/Users/dong/Desktop/Learn/muios/public/鬼灭红莲华 (15键).txt
一花一剑天官赐福插曲,/Users/dong/Music/15/一花一剑天官赐福插曲 (15键).txt,/Users/dong/Desktop/Learn/muios/public/一花一剑天官赐福插曲 (15键).txt
Counter attack,/Users/dong/Music/15/Counter.attack (15键).txt,/Users/dong/Desktop/Learn/muios/public/Counter.attack (15键).txt
回到过去,/Users/dong/Music/15/回到过去 (15键).txt,/Users/dong/Desktop/Learn/muios/public/回到过去 (15键).txt
穿越时空的思念,/Users/dong/Music/15/穿越时空的思念。 (15键).txt,/Users/dong/Desktop/Learn/muios/public/穿越时空的思念。 (15键).txt
穿越时空的思念,/Users/dong/Music/15/穿越时空的思念 (15键).txt,/Users/dong/Desktop/Learn/muios/public/穿越时空的思念 (15键).txt
高洁的教皇 kakyoin theme,/Users/dong/Music/15/高洁的教皇.kakyoin.theme (15键).txt,/Users/dong/Desktop/Learn/muios/public/高洁的教皇.kakyoin.theme (15键).txt
新不了情,/Users/dong/Music/15/新不了情 (15键).txt,/Users/dong/Desktop/Learn/muios/public/新不了情 (15键).txt
甩葱歌修,/Users/dong/Music/15/甩葱歌修 (15键).txt,/Users/dong/Desktop/Learn/muios/public/甩葱歌修 (15键).txt
杀死那个石家庄人万能青年旅店,/Users/dong/Music/15/杀死那个石家庄人万能青年旅店 (15键).txt,/Users/dong/Desktop/Learn/muios/public/杀死那个石家庄人万能青年旅店 (15键).txt
SummerRainbow-全素妍,/Users/dong/Music/15/SummerRainbow-全素妍 (15键).txt,/Users/dong/Desktop/Learn/muios/public/SummerRainbow-全素妍 (15键).txt
百战成诗,/Users/dong/Music/15/百战成诗 (15键).txt,/Users/dong/Desktop/Learn/muios/public/百战成诗 (15键).txt
Rain金泰妍,/Users/dong/Music/15/Rain金泰妍 (15键).txt,/Users/dong/Desktop/Learn/muios/public/Rain金泰妍 (15键).txt
朋友,/Users/dong/Music/15/朋友 (15键).txt,/Users/dong/Desktop/Learn/muios/public/朋友 (15键).txt
98K龟壳,/Users/dong/Music/15/98K龟壳 (15键).txt,/Users/dong/Desktop/Learn/muios/public/98K龟壳 (15键).txt
少年【和弦完整版】,/Users/dong/Music/15/少年【和弦完整版】 (15键).txt,/Users/dong/Desktop/Learn/muios/public/少年【和弦完整版】 (15键).txt
暗影刺客新,/Users/dong/Music/15/暗影刺客新 (15键).txt,/Users/dong/Desktop/Learn/muios/public/暗影刺客新 (15键).txt
Legendary,/Users/dong/Music/15/Legendary (15键).txt,/Users/dong/Desktop/Learn/muios/public/Legendary (15键).txt
爱你一万年刘德华,/Users/dong/Music/15/爱你一万年刘德华 (15键).txt,/Users/dong/Desktop/Learn/muios/public/爱你一万年刘德华 (15键).txt
风筝风筝,/Users/dong/Music/15/风筝风筝 (15键).txt,/Users/dong/Desktop/Learn/muios/public/风筝风筝 (15键).txt
BlackSpiderMan-Logic,/Users/dong/Music/15/BlackSpiderMan-Logic (15键).txt,/Users/dong/Desktop/Learn/muios/public/BlackSpiderMan-Logic (15键).txt
YouCant-Win-Kelly-Clarkson,/Users/dong/Music/15/YouCant-Win-Kelly-Clarkson (15键).txt,/Users/dong/Desktop/Learn/muios/public/YouCant-Win-Kelly-Clarkson (15键).txt
爱的箴言邓丽君,/Users/dong/Music/15/爱的箴言邓丽君 (15键).txt,/Users/dong/Desktop/Learn/muios/public/爱的箴言邓丽君 (15键).txt
GrrrlsAViVA,/Users/dong/Music/15/GrrrlsAViVA (15键).txt,/Users/dong/Desktop/Learn/muios/public/GrrrlsAViVA (15键).txt
CanYou-Feel-the-Love-Tonight,/Users/dong/Music/15/Canyoufeelthelovetonight (15键).txt,/Users/dong/Desktop/Learn/muios/public/Canyoufeelthelovetonight (15键).txt
CanYou-Feel-the-Love-Tonight,/Users/dong/Music/15/Can you feel the love tonight (15键).txt,/Users/dong/Desktop/Learn/muios/public/Can you feel the love tonight (15键).txt
小小的手心简单版CLANNAD,/Users/dong/Music/15/小小的手心简单版CLANNAD (15键).txt,/Users/dong/Desktop/Learn/muios/public/小小的手心简单版CLANNAD (15键).txt
想见你会いたかった-AKB48,/Users/dong/Music/15/想见你会いたかった--AKB48 (15键).txt,/Users/dong/Desktop/Learn/muios/public/想见你会いたかった--AKB48 (15键).txt
安眠曲,/Users/dong/Music/15/安眠曲 (15键).txt,/Users/dong/Desktop/Learn/muios/public/安眠曲 (15键).txt
MyImmortal-Evanescence,/Users/dong/Music/15/MyImmortal-Evanescence (15键).txt,/Users/dong/Desktop/Learn/muios/public/MyImmortal-Evanescence (15键).txt
扬州殇C调简单版-洛天依,/Users/dong/Music/15/扬州殇C调简单版-洛天依 (15键).txt,/Users/dong/Desktop/Learn/muios/public/扬州殇C调简单版-洛天依 (15键).txt
成都,/Users/dong/Music/15/成都 (15键).txt,/Users/dong/Desktop/Learn/muios/public/成都 (15键).txt
请踢断我的肋骨吧,/Users/dong/Music/15/请踢断我的肋骨吧 (15键).txt,/Users/dong/Desktop/Learn/muios/public/请踢断我的肋骨吧 (15键).txt
无与伦比的美丽,/Users/dong/Music/15/无与伦比的美丽 (15键).txt,/Users/dong/Desktop/Learn/muios/public/无与伦比的美丽 (15键).txt
暗恋,/Users/dong/Music/15/暗恋 (15键).txt,/Users/dong/Desktop/Learn/muios/public/暗恋 (15键).txt
夏霞,/Users/dong/Music/15/夏霞 (15键).txt,/Users/dong/Desktop/Learn/muios/public/夏霞 (15键).txt
Allfor-you-佐藤史果,/Users/dong/Music/15/Allfor-you-佐藤史果 (15键).txt,/Users/dong/Desktop/Learn/muios/public/Allfor-you-佐藤史果 (15键).txt
TerrenceLoves-You-Lana-Del-Rey,/Users/dong/Music/15/TerrenceLoves-You-Lana-Del-Rey (15键).txt,/Users/dong/Desktop/Learn/muios/public/TerrenceLoves-You-Lana-Del-Rey (15键).txt
周董三键成曲,/Users/dong/Music/15/周董三键成曲 (15键).txt,/Users/dong/Desktop/Learn/muios/public/周董三键成曲 (15键).txt
Unravel 3 0,/Users/dong/Music/15/Unravel 3.0 (15键).txt,/Users/dong/Desktop/Learn/muios/public/Unravel 3.0 (15键).txt
小羊,/Users/dong/Music/15/小羊 (15键).txt,/Users/dong/Desktop/Learn/muios/public/小羊 (15键).txt
跨时代周杰伦,/Users/dong/Music/15/跨时代周杰伦 (15键).txt,/Users/dong/Desktop/Learn/muios/public/跨时代周杰伦 (15键).txt
钢之炼金术师,/Users/dong/Music/15/钢之炼金术师 (15键).txt,/Users/dong/Desktop/Learn/muios/public/钢之炼金术师 (15键).txt
SickoMode-Travis-Scott,/Users/dong/Music/15/SickoMode-Travis-Scott (15键).txt,/Users/dong/Desktop/Learn/muios/public/SickoMode-Travis-Scott (15键).txt
梦想应援歌,/Users/dong/Music/15/梦想应援歌 (15键).txt,/Users/dong/Desktop/Learn/muios/public/梦想应援歌 (15键).txt
琴师音频怪物,/Users/dong/Music/15/琴师音频怪物 (15键).txt,/Users/dong/Desktop/Learn/muios/public/琴师音频怪物 (15键).txt
塞The Champions’ Ballad,/Users/dong/Music/15/塞The.Champions’.Ballad (15键).txt,/Users/dong/Desktop/Learn/muios/public/塞The.Champions’.Ballad (15键).txt
C大调奏鸣曲K545第3乐章,/Users/dong/Music/15/C大调奏鸣曲K545第3乐章 (15键).txt,/Users/dong/Desktop/Learn/muios/public/C大调奏鸣曲K545第3乐章 (15键).txt
SpringDay-防弹少年团,/Users/dong/Music/15/SpringDay-防弹少年团 (15键).txt,/Users/dong/Desktop/Learn/muios/public/SpringDay-防弹少年团 (15键).txt
无限裂列车炎【天刀】,/Users/dong/Music/15/无限裂列车炎【天刀】 (15键).txt,/Users/dong/Desktop/Learn/muios/public/无限裂列车炎【天刀】 (15键).txt
东京食种,/Users/dong/Music/15/东京食种 (15键).txt,/Users/dong/Desktop/Learn/muios/public/东京食种 (15键).txt
Shape of You,/Users/dong/Music/15/Shape.of.You (15键).txt,/Users/dong/Desktop/Learn/muios/public/Shape.of.You (15键).txt
Shape of You,/Users/dong/Music/15/shapeofyou (15键).txt,/Users/dong/Desktop/Learn/muios/public/shapeofyou (15键).txt
Shape of You,/Users/dong/Music/15/shape of you (15键).txt,/Users/dong/Desktop/Learn/muios/public/shape of you (15键).txt
Shape of You,/Users/dong/Music/15/Shapeofyou😜 (15键).txt,/Users/dong/Desktop/Learn/muios/public/Shapeofyou😜 (15键).txt
大地,/Users/dong/Music/15/大地 (15键).txt,/Users/dong/Desktop/Learn/muios/public/大地 (15键).txt
那片海韩红,/Users/dong/Music/15/那片海韩红 (15键).txt,/Users/dong/Desktop/Learn/muios/public/那片海韩红 (15键).txt
樱花色的梦Sakura iro no yume,/Users/dong/Music/15/樱花色的梦Sakura iro no yume (15键).txt,/Users/dong/Desktop/Learn/muios/public/樱花色的梦Sakura iro no yume (15键).txt
樱花色的梦Sakura iro no yume,/Users/dong/Music/15/樱花色的梦Sakura.iro.no.yume (15键).txt,/Users/dong/Desktop/Learn/muios/public/樱花色的梦Sakura.iro.no.yume (15键).txt
艺术家细腻描绘内心世界,/Users/dong/Music/15/艺术家细腻描绘内心世界 (15键).txt,/Users/dong/Desktop/Learn/muios/public/艺术家细腻描绘内心世界 (15键).txt
四叶草的幻想,/Users/dong/Music/15/四叶草的幻想 (15键).txt,/Users/dong/Desktop/Learn/muios/public/四叶草的幻想 (15键).txt
Reason蓝色生死恋插曲,/Users/dong/Music/15/Reason蓝色生死恋插曲- (15键).txt,/Users/dong/Desktop/Learn/muios/public/Reason蓝色生死恋插曲- (15键).txt
ArmsAround-You,/Users/dong/Music/15/ArmsAround-You (15键).txt,/Users/dong/Desktop/Learn/muios/public/ArmsAround-You (15键).txt
千千阙歌夕焼けの歌-陈慧娴,/Users/dong/Music/15/千千阙歌夕焼けの歌-陈慧娴 (15键).txt,/Users/dong/Desktop/Learn/muios/public/千千阙歌夕焼けの歌-陈慧娴 (15键).txt
倩女幽魂片头曲,/Users/dong/Music/15/倩女幽魂片头曲 (15键).txt,/Users/dong/Desktop/Learn/muios/public/倩女幽魂片头曲 (15键).txt
沂蒙山小调,/Users/dong/Music/15/沂蒙山小调 (15键).txt,/Users/dong/Desktop/Learn/muios/public/沂蒙山小调 (15键).txt
想你完美独奏版,/Users/dong/Music/15/想你完美独奏版 (15键).txt,/Users/dong/Desktop/Learn/muios/public/想你完美独奏版 (15键).txt
进击的巨人(没完成),/Users/dong/Music/15/进击的巨人（没完成） (15键).txt,/Users/dong/Desktop/Learn/muios/public/进击的巨人（没完成） (15键).txt
Memento,/Users/dong/Music/15/Memento (15键).txt,/Users/dong/Desktop/Learn/muios/public/Memento (15键).txt
类似爱情萧亚轩,/Users/dong/Music/15/类似爱情萧亚轩 (15键).txt,/Users/dong/Desktop/Learn/muios/public/类似爱情萧亚轩 (15键).txt
NeverSeen-the-Rain-Tones-and-I,/Users/dong/Music/15/NeverSeen-the-Rain-Tones-and-I (15键).txt,/Users/dong/Desktop/Learn/muios/public/NeverSeen-the-Rain-Tones-and-I (15键).txt
一封孤岛的信,/Users/dong/Music/15/一封孤岛的信 (15键).txt,/Users/dong/Desktop/Learn/muios/public/一封孤岛的信 (15键).txt
暗里着迷,/Users/dong/Music/15/暗里着迷 (15键).txt,/Users/dong/Desktop/Learn/muios/public/暗里着迷 (15键).txt
CantLive-Without-Hollyn,/Users/dong/Music/15/CantLive-Without-Hollyn (15键).txt,/Users/dong/Desktop/Learn/muios/public/CantLive-Without-Hollyn (15键).txt
往事难忘,/Users/dong/Music/15/往事难忘 (15键).txt,/Users/dong/Desktop/Learn/muios/public/往事难忘 (15键).txt
LemonTree,/Users/dong/Music/15/LemonTree (15键).txt,/Users/dong/Desktop/Learn/muios/public/LemonTree (15键).txt
罪恶王冠👑,/Users/dong/Music/15/罪恶王冠👑 (15键).txt,/Users/dong/Desktop/Learn/muios/public/罪恶王冠👑 (15键).txt
罪恶王冠👑,/Users/dong/Music/15/罪恶王冠 (15键).txt,/Users/dong/Desktop/Learn/muios/public/罪恶王冠 (15键).txt
长城守卫军王者荣耀长城守卫军主题曲,/Users/dong/Music/15/长城守卫军王者荣耀长城守卫军主题曲 (15键).txt,/Users/dong/Desktop/Learn/muios/public/长城守卫军王者荣耀长城守卫军主题曲 (15键).txt
苦瓜陈奕迅,/Users/dong/Music/15/苦瓜陈奕迅 (15键).txt,/Users/dong/Desktop/Learn/muios/public/苦瓜陈奕迅 (15键).txt
WriteOn-Me-Fifth-Harmony,/Users/dong/Music/15/WriteOn-Me-Fifth-Harmony (15键).txt,/Users/dong/Desktop/Learn/muios/public/WriteOn-Me-Fifth-Harmony (15键).txt
有何不可许嵩,/Users/dong/Music/15/有何不可许嵩 (15键).txt,/Users/dong/Desktop/Learn/muios/public/有何不可许嵩 (15键).txt
心淡,/Users/dong/Music/15/心淡 (15键).txt,/Users/dong/Desktop/Learn/muios/public/心淡 (15键).txt
断了的弦,/Users/dong/Music/15/断了的弦 (15键).txt,/Users/dong/Desktop/Learn/muios/public/断了的弦 (15键).txt
断线,/Users/dong/Music/15/断线 (15键).txt,/Users/dong/Desktop/Learn/muios/public/断线 (15键).txt
黑人兄弟,/Users/dong/Music/15/黑人兄弟 (15键).txt,/Users/dong/Desktop/Learn/muios/public/黑人兄弟 (15键).txt
柯南,/Users/dong/Music/15/柯南 (15键).txt,/Users/dong/Desktop/Learn/muios/public/柯南 (15键).txt
我们的中国梦雷佳,/Users/dong/Music/15/我们的中国梦雷佳 (15键).txt,/Users/dong/Desktop/Learn/muios/public/我们的中国梦雷佳 (15键).txt
山有木兮(4分钟完整版),/Users/dong/Music/15/山有木兮（4分钟完整版） (15键).txt,/Users/dong/Desktop/Learn/muios/public/山有木兮（4分钟完整版） (15键).txt
chopsticks duet high pitch,/Users/dong/Music/15/chopsticks duet high pitch (15键).txt,/Users/dong/Desktop/Learn/muios/public/chopsticks duet high pitch (15键).txt
chopsticks duet high pitch,/Users/dong/Music/15/chopsticks.duet.high.pitch (15键).txt,/Users/dong/Desktop/Learn/muios/public/chopsticks.duet.high.pitch (15键).txt
火花手调,/Users/dong/Music/15/火花手调 (15键).txt,/Users/dong/Desktop/Learn/muios/public/火花手调 (15键).txt
云深不知处,/Users/dong/Music/15/云深不知处 (15键).txt,/Users/dong/Desktop/Learn/muios/public/云深不知处 (15键).txt
伊斯坦堡弹唱版-周杰伦,/Users/dong/Music/15/伊斯坦堡弹唱版-周杰伦 (15键).txt,/Users/dong/Desktop/Learn/muios/public/伊斯坦堡弹唱版-周杰伦 (15键).txt
残酷天使,/Users/dong/Music/15/残酷天使 (15键).txt,/Users/dong/Desktop/Learn/muios/public/残酷天使 (15键).txt
桔梗谣Doraji,/Users/dong/Music/15/桔梗谣Doraji (15键).txt,/Users/dong/Desktop/Learn/muios/public/桔梗谣Doraji (15键).txt
四季折の羽鏡音リン-鏡音レン,/Users/dong/Music/15/四季折の羽鏡音リン-鏡音レン (15键).txt,/Users/dong/Desktop/Learn/muios/public/四季折の羽鏡音リン-鏡音レン (15键).txt
花映塚,/Users/dong/Music/15/花映塚 (15键).txt,/Users/dong/Desktop/Learn/muios/public/花映塚 (15键).txt
Trigger特利迦奥特曼主题曲,/Users/dong/Music/15/Trigger特利迦奥特曼主题曲 (15键).txt,/Users/dong/Desktop/Learn/muios/public/Trigger特利迦奥特曼主题曲 (15键).txt
Trigger特利迦奥特曼主题曲,/Users/dong/Music/15/Trigger（特利迦奥特曼主题曲） (15键).txt,/Users/dong/Desktop/Learn/muios/public/Trigger（特利迦奥特曼主题曲） (15键).txt
CrawlingLinkin-Park,/Users/dong/Music/15/CrawlingLinkin-Park (15键).txt,/Users/dong/Desktop/Learn/muios/public/CrawlingLinkin-Park (15键).txt
于是C调简单版-邓紫棋,/Users/dong/Music/15/于是C调简单版-邓紫棋 (15键).txt,/Users/dong/Desktop/Learn/muios/public/于是C调简单版-邓紫棋 (15键).txt
铃儿响叮当,/Users/dong/Music/15/铃儿响叮当 (15键).txt,/Users/dong/Desktop/Learn/muios/public/铃儿响叮当 (15键).txt
铃儿响叮当,/Users/dong/Music/15/铃儿响叮当， (15键).txt,/Users/dong/Desktop/Learn/muios/public/铃儿响叮当， (15键).txt
WorkRihannaDrake,/Users/dong/Music/15/WorkRihannaDrake (15键).txt,/Users/dong/Desktop/Learn/muios/public/WorkRihannaDrake (15键).txt
超级英雄奔跑吧兄弟主题曲,/Users/dong/Music/15/超级英雄奔跑吧兄弟主题曲 (15键).txt,/Users/dong/Desktop/Learn/muios/public/超级英雄奔跑吧兄弟主题曲 (15键).txt
若有缘由(不会玩版),/Users/dong/Music/15/若有缘由（不会玩版） (15键).txt,/Users/dong/Desktop/Learn/muios/public/若有缘由（不会玩版） (15键).txt
NoOne-Knows-Me-Like-the-Piano-Sampha,/Users/dong/Music/15/NoOne-Knows-Me-Like-the-Piano-Sampha (15键).txt,/Users/dong/Desktop/Learn/muios/public/NoOne-Knows-Me-Like-the-Piano-Sampha (15键).txt
ParisienneWalkways-Gary-Moore,/Users/dong/Music/15/ParisienneWalkways-Gary-Moore (15键).txt,/Users/dong/Desktop/Learn/muios/public/ParisienneWalkways-Gary-Moore (15键).txt
厚颜无耻,/Users/dong/Music/15/厚颜无耻 (15键).txt,/Users/dong/Desktop/Learn/muios/public/厚颜无耻 (15键).txt
DarkNecessities,/Users/dong/Music/15/DarkNecessities (15键).txt,/Users/dong/Desktop/Learn/muios/public/DarkNecessities (15键).txt
What are Words,/Users/dong/Music/15/What.are.Words (15键).txt,/Users/dong/Desktop/Learn/muios/public/What.are.Words (15键).txt
What are Words,/Users/dong/Music/15/What are Words (15键).txt,/Users/dong/Desktop/Learn/muios/public/What are Words (15键).txt
JealousNick-Jonas,/Users/dong/Music/15/JealousNick-Jonas (15键).txt,/Users/dong/Desktop/Learn/muios/public/JealousNick-Jonas (15键).txt
宝可梦主题曲Title Theme,/Users/dong/Music/15/宝可梦主题曲Title Theme (15键).txt,/Users/dong/Desktop/Learn/muios/public/宝可梦主题曲Title Theme (15键).txt
宝可梦主题曲Title Theme,/Users/dong/Music/15/宝可梦主题曲Title.Theme (15键).txt,/Users/dong/Desktop/Learn/muios/public/宝可梦主题曲Title.Theme (15键).txt
莫扎特的旋律汤普森现代钢琴第一册,/Users/dong/Music/15/莫扎特的旋律汤普森现代钢琴第一册 (15键).txt,/Users/dong/Desktop/Learn/muios/public/莫扎特的旋律汤普森现代钢琴第一册 (15键).txt
遥远的你,/Users/dong/Music/15/遥远的你 (15键).txt,/Users/dong/Desktop/Learn/muios/public/遥远的你 (15键).txt
水月与深蓝之树,/Users/dong/Music/15/水月与深蓝之树 (15键).txt,/Users/dong/Desktop/Learn/muios/public/水月与深蓝之树 (15键).txt
空白刺客伍六七,/Users/dong/Music/15/空白刺客伍六七 (15键).txt,/Users/dong/Desktop/Learn/muios/public/空白刺客伍六七 (15键).txt
Diefrom-a-Broken-Heart-Maddie-Tae,/Users/dong/Music/15/Diefrom-a-Broken-Heart-Maddie-Tae (15键).txt,/Users/dong/Desktop/Learn/muios/public/Diefrom-a-Broken-Heart-Maddie-Tae (15键).txt
咱们结婚吧齐晨,/Users/dong/Music/15/咱们结婚吧齐晨 (15键).txt,/Users/dong/Desktop/Learn/muios/public/咱们结婚吧齐晨 (15键).txt
Somnus最终幻想XV背景音乐,/Users/dong/Music/15/Somnus最终幻想XV背景音乐 (15键).txt,/Users/dong/Desktop/Learn/muios/public/Somnus最终幻想XV背景音乐 (15键).txt
你说易烊千玺,/Users/dong/Music/15/你说易烊千玺 (15键).txt,/Users/dong/Desktop/Learn/muios/public/你说易烊千玺 (15键).txt
愛にできることはまだあるかい天气之子主题曲,/Users/dong/Music/15/愛にできることはまだあるかい天气之子主题曲 (15键).txt,/Users/dong/Desktop/Learn/muios/public/愛にできることはまだあるかい天气之子主题曲 (15键).txt
不醉不会演奏版,/Users/dong/Music/15/不醉不会演奏版 (15键).txt,/Users/dong/Desktop/Learn/muios/public/不醉不会演奏版 (15键).txt
热爱105度的你(俏皮版),/Users/dong/Music/15/热爱105度的你（俏皮版） (15键).txt,/Users/dong/Desktop/Learn/muios/public/热爱105度的你（俏皮版） (15键).txt
寂静之声,/Users/dong/Music/15/寂静之声 (15键).txt,/Users/dong/Desktop/Learn/muios/public/寂静之声 (15键).txt
いつか王子様がSomeday-My-Prince-Will-Come,/Users/dong/Music/15/いつか王子様がSomeday-My-Prince-Will-Come (15键).txt,/Users/dong/Desktop/Learn/muios/public/いつか王子様がSomeday-My-Prince-Will-Come (15键).txt
At My Worst,/Users/dong/Music/15/At.My.Worst (15键).txt,/Users/dong/Desktop/Learn/muios/public/At.My.Worst (15键).txt
DaddyIssues-Demi-Lovato,/Users/dong/Music/15/DaddyIssues-Demi-Lovato (15键).txt,/Users/dong/Desktop/Learn/muios/public/DaddyIssues-Demi-Lovato (15键).txt
幸存者林俊杰,/Users/dong/Music/15/幸存者林俊杰 (15键).txt,/Users/dong/Desktop/Learn/muios/public/幸存者林俊杰 (15键).txt
难道爱一个人有错吗郑源,/Users/dong/Music/15/难道爱一个人有错吗郑源 (15键).txt,/Users/dong/Desktop/Learn/muios/public/难道爱一个人有错吗郑源 (15键).txt
梦与叶樱(外婆桥),/Users/dong/Music/15/梦与叶樱（外婆桥） (15键).txt,/Users/dong/Desktop/Learn/muios/public/梦与叶樱（外婆桥） (15键).txt
Payphone,/Users/dong/Music/15/Payphone (15键).txt,/Users/dong/Desktop/Learn/muios/public/Payphone (15键).txt
FOR FOREVER,/Users/dong/Music/15/FOR FOREVER (15键).txt,/Users/dong/Desktop/Learn/muios/public/FOR FOREVER (15键).txt
FOR FOREVER,/Users/dong/Music/15/For.Forever (15键).txt,/Users/dong/Desktop/Learn/muios/public/For.Forever (15键).txt
FirstCall-Jessia,/Users/dong/Music/15/FirstCall-Jessia (15键).txt,/Users/dong/Desktop/Learn/muios/public/FirstCall-Jessia (15键).txt
羊羊顶,/Users/dong/Music/15/羊羊顶 (15键).txt,/Users/dong/Desktop/Learn/muios/public/羊羊顶 (15键).txt
不朽盗墓笔记•张起灵,/Users/dong/Music/15/不朽盗墓笔记•张起灵 (15键).txt,/Users/dong/Desktop/Learn/muios/public/不朽盗墓笔记•张起灵 (15键).txt
肯去承担爱射雕英雄传之东邪西毒插曲,/Users/dong/Music/15/肯去承担爱射雕英雄传之东邪西毒插曲 (15键).txt,/Users/dong/Desktop/Learn/muios/public/肯去承担爱射雕英雄传之东邪西毒插曲 (15键).txt
FebruarySea二月海-Winter-Into-Spring-George-Winston,/Users/dong/Music/15/FebruarySea二月海--Winter-Into-Spring-George-Winston (15键).txt,/Users/dong/Desktop/Learn/muios/public/FebruarySea二月海--Winter-Into-Spring-George-Winston (15键).txt
夜的第七章,/Users/dong/Music/15/夜的第七章  (15键).txt,/Users/dong/Desktop/Learn/muios/public/夜的第七章  (15键).txt
夜的第七章,/Users/dong/Music/15/夜的第七章 (15键).txt,/Users/dong/Desktop/Learn/muios/public/夜的第七章 (15键).txt
end,/Users/dong/Music/15/end (15键).txt,/Users/dong/Desktop/Learn/muios/public/end (15键).txt
多年以前,/Users/dong/Music/15/多年以前 (15键).txt,/Users/dong/Desktop/Learn/muios/public/多年以前 (15键).txt
夜的钢琴曲19,/Users/dong/Music/15/夜的钢琴曲19 (15键).txt,/Users/dong/Desktop/Learn/muios/public/夜的钢琴曲19 (15键).txt
黄昏,/Users/dong/Music/15/黄昏 (15键).txt,/Users/dong/Desktop/Learn/muios/public/黄昏 (15键).txt
情意结简单版-你把玻璃放低请给我跪愿这便和你有新话题,/Users/dong/Music/15/情意结简单版-你把玻璃放低请给我跪愿这便和你有新话题 (15键).txt,/Users/dong/Desktop/Learn/muios/public/情意结简单版-你把玻璃放低请给我跪愿这便和你有新话题 (15键).txt
偏爱-何以解忧,/Users/dong/Music/15/《偏爱》-何以解忧 (15键).txt,/Users/dong/Desktop/Learn/muios/public/《偏爱》-何以解忧 (15键).txt
相信你的人银河补习班推广曲,/Users/dong/Music/15/相信你的人银河补习班推广曲 (15键).txt,/Users/dong/Desktop/Learn/muios/public/相信你的人银河补习班推广曲 (15键).txt
Loveis-a-Beautiful-Pain-Endless-Tears,/Users/dong/Music/15/Loveis-a-Beautiful-Pain-Endless-Tears (15键).txt,/Users/dong/Desktop/Learn/muios/public/Loveis-a-Beautiful-Pain-Endless-Tears (15键).txt
倒数有你别无所求,/Users/dong/Music/15/倒数有你别无所求 (15键).txt,/Users/dong/Desktop/Learn/muios/public/倒数有你别无所求 (15键).txt
友谊天长地久,/Users/dong/Music/15/友谊天长地久 (15键).txt,/Users/dong/Desktop/Learn/muios/public/友谊天长地久 (15键).txt
PutYour-Records-On-Ritt-Momney,/Users/dong/Music/15/PutYour-Records-On-Ritt-Momney (15键).txt,/Users/dong/Desktop/Learn/muios/public/PutYour-Records-On-Ritt-Momney (15键).txt
辞九门回忆,/Users/dong/Music/15/辞九门回忆 (15键).txt,/Users/dong/Desktop/Learn/muios/public/辞九门回忆 (15键).txt
桃太郎,/Users/dong/Music/15/桃太郎 (15键).txt,/Users/dong/Desktop/Learn/muios/public/桃太郎 (15键).txt
晚风(前段),/Users/dong/Music/15/晚风（前段） (15键).txt,/Users/dong/Desktop/Learn/muios/public/晚风（前段） (15键).txt
轻飘飘时光,/Users/dong/Music/15/轻飘飘时光 (15键).txt,/Users/dong/Desktop/Learn/muios/public/轻飘飘时光 (15键).txt
我还有点小糊涂,/Users/dong/Music/15/我还有点小糊涂 (15键).txt,/Users/dong/Desktop/Learn/muios/public/我还有点小糊涂 (15键).txt
Refrain,/Users/dong/Music/15/Refrain (15键).txt,/Users/dong/Desktop/Learn/muios/public/Refrain (15键).txt
Refrain,/Users/dong/Music/15/Ref:rain (15键).txt,/Users/dong/Desktop/Learn/muios/public/Ref:rain (15键).txt
匆匆那年,/Users/dong/Music/15/匆匆那年 (15键).txt,/Users/dong/Desktop/Learn/muios/public/匆匆那年 (15键).txt
Kinsman Main Theme,/Users/dong/Music/15/Kinsman.Main.Theme (15键).txt,/Users/dong/Desktop/Learn/muios/public/Kinsman.Main.Theme (15键).txt
Kinsman Main Theme,/Users/dong/Music/15/Kinsman Main Theme (15键).txt,/Users/dong/Desktop/Learn/muios/public/Kinsman Main Theme (15键).txt
身世酒杯中,/Users/dong/Music/15/身世酒杯中 (15键).txt,/Users/dong/Desktop/Learn/muios/public/身世酒杯中 (15键).txt
权御天下(琵琶),/Users/dong/Music/15/权御天下(琵琶) (15键).txt,/Users/dong/Desktop/Learn/muios/public/权御天下(琵琶) (15键).txt
Traveler电音,/Users/dong/Music/15/Traveler电音 (15键).txt,/Users/dong/Desktop/Learn/muios/public/Traveler电音 (15键).txt
点星pointthestar,/Users/dong/Music/15/点星pointthestar (15键).txt,/Users/dong/Desktop/Learn/muios/public/点星pointthestar (15键).txt
恋与情长,/Users/dong/Music/15/恋与情长 (15键).txt,/Users/dong/Desktop/Learn/muios/public/恋与情长 (15键).txt
龙卷风邓紫棋,/Users/dong/Music/15/龙卷风邓紫棋 (15键).txt,/Users/dong/Desktop/Learn/muios/public/龙卷风邓紫棋 (15键).txt
宝贝别哭-艾索,/Users/dong/Music/15/宝贝别哭-艾索 (15键).txt,/Users/dong/Desktop/Learn/muios/public/宝贝别哭-艾索 (15键).txt
Viva La Vida 烛子ikina,/Users/dong/Music/15/Viva La Vida 烛子ikina (15键).txt,/Users/dong/Desktop/Learn/muios/public/Viva La Vida 烛子ikina (15键).txt
Autumn leaves,/Users/dong/Music/15/Autumn.leaves (15键).txt,/Users/dong/Desktop/Learn/muios/public/Autumn.leaves (15键).txt
超时空要塞△,/Users/dong/Music/15/超时空要塞△ (15键).txt,/Users/dong/Desktop/Learn/muios/public/超时空要塞△ (15键).txt
可颂猫ylang ylang,/Users/dong/Music/15/可颂猫ylang.ylang (15键).txt,/Users/dong/Desktop/Learn/muios/public/可颂猫ylang.ylang (15键).txt
GraceLewis-Capaldi,/Users/dong/Music/15/GraceLewis-Capaldi (15键).txt,/Users/dong/Desktop/Learn/muios/public/GraceLewis-Capaldi (15键).txt
交换舞伴Changing-Partners-Patti-Page,/Users/dong/Music/15/交换舞伴Changing-Partners-Patti-Page (15键).txt,/Users/dong/Desktop/Learn/muios/public/交换舞伴Changing-Partners-Patti-Page (15键).txt
WonderfulU,/Users/dong/Music/15/WonderfulU (15键).txt,/Users/dong/Desktop/Learn/muios/public/WonderfulU (15键).txt
WonderfulU,/Users/dong/Music/15/Wonderful.u (15键).txt,/Users/dong/Desktop/Learn/muios/public/Wonderful.u (15键).txt
WonderfulU,/Users/dong/Music/15/wonderful u (15键).txt,/Users/dong/Desktop/Learn/muios/public/wonderful u (15键).txt
小草,/Users/dong/Music/15/小草 (15键).txt,/Users/dong/Desktop/Learn/muios/public/小草 (15键).txt
IKnow-What-You-Did-Last-Summer,/Users/dong/Music/15/IKnow-What-You-Did-Last-Summer (15键).txt,/Users/dong/Desktop/Learn/muios/public/IKnow-What-You-Did-Last-Summer (15键).txt
FreeLoop欧美经典-丹尼尔-波特,/Users/dong/Music/15/FreeLoop欧美经典-丹尼尔-波特 (15键).txt,/Users/dong/Desktop/Learn/muios/public/FreeLoop欧美经典-丹尼尔-波特 (15键).txt
Youngblood5-Seconds-of-Summer,/Users/dong/Music/15/Youngblood5-Seconds-of-Summer (15键).txt,/Users/dong/Desktop/Learn/muios/public/Youngblood5-Seconds-of-Summer (15键).txt
知足[五月天],/Users/dong/Music/15/知足[五月天] (15键).txt,/Users/dong/Desktop/Learn/muios/public/知足[五月天] (15键).txt
知足[五月天],/Users/dong/Music/15/知足五月天 (15键).txt,/Users/dong/Desktop/Learn/muios/public/知足五月天 (15键).txt
冥想班得瑞,/Users/dong/Music/15/冥想班得瑞 (15键).txt,/Users/dong/Desktop/Learn/muios/public/冥想班得瑞 (15键).txt
忍者弹唱版-周杰伦,/Users/dong/Music/15/忍者弹唱版-周杰伦 (15键).txt,/Users/dong/Desktop/Learn/muios/public/忍者弹唱版-周杰伦 (15键).txt
心墙(未完成),/Users/dong/Music/15/心墙（未完成） (15键).txt,/Users/dong/Desktop/Learn/muios/public/心墙（未完成） (15键).txt
划船,/Users/dong/Music/15/划船 (15键).txt,/Users/dong/Desktop/Learn/muios/public/划船 (15键).txt
瑞克和莫蒂大钢琴,/Users/dong/Music/15/瑞克和莫蒂大钢琴 (15键).txt,/Users/dong/Desktop/Learn/muios/public/瑞克和莫蒂大钢琴 (15键).txt
FLYHIGH,/Users/dong/Music/15/fly.high (15键).txt,/Users/dong/Desktop/Learn/muios/public/fly.high (15键).txt
病态 薛之谦,/Users/dong/Music/15/病态.薛之谦 (15键).txt,/Users/dong/Desktop/Learn/muios/public/病态.薛之谦 (15键).txt
病态 薛之谦,/Users/dong/Music/15/病态薛之谦 (15键).txt,/Users/dong/Desktop/Learn/muios/public/病态薛之谦 (15键).txt
黄金进行曲,/Users/dong/Music/15/黄金进行曲 (15键).txt,/Users/dong/Desktop/Learn/muios/public/黄金进行曲 (15键).txt
玫瑰花的葬礼许嵩,/Users/dong/Music/15/玫瑰花的葬礼许嵩 (15键).txt,/Users/dong/Desktop/Learn/muios/public/玫瑰花的葬礼许嵩 (15键).txt
迪迦奥特曼,/Users/dong/Music/15/迪迦奥特曼 (15键).txt,/Users/dong/Desktop/Learn/muios/public/迪迦奥特曼 (15键).txt
Rightherewaiting,/Users/dong/Music/15/Rightherewaiting (15键).txt,/Users/dong/Desktop/Learn/muios/public/Rightherewaiting (15键).txt
Rightherewaiting,/Users/dong/Music/15/Right here waiting (15键).txt,/Users/dong/Desktop/Learn/muios/public/Right here waiting (15键).txt
夏日绿荫Pianoboy,/Users/dong/Music/15/夏日绿荫Pianoboy (15键).txt,/Users/dong/Desktop/Learn/muios/public/夏日绿荫Pianoboy (15键).txt
夏天的味道,/Users/dong/Music/15/夏天的味道 (15键).txt,/Users/dong/Desktop/Learn/muios/public/夏天的味道 (15键).txt
Allthe-People-Youll-Never-Know-Circadian-Eyes,/Users/dong/Music/15/Allthe-People-Youll-Never-Know-Circadian-Eyes (15键).txt,/Users/dong/Desktop/Learn/muios/public/Allthe-People-Youll-Never-Know-Circadian-Eyes (15键).txt
早春二月原创,/Users/dong/Music/15/早春二月原创 (15键).txt,/Users/dong/Desktop/Learn/muios/public/早春二月原创 (15键).txt
揉碎夜的光,/Users/dong/Music/15/揉碎夜的光 (15键).txt,/Users/dong/Desktop/Learn/muios/public/揉碎夜的光 (15键).txt
海底,/Users/dong/Music/15/海底 (15键).txt,/Users/dong/Desktop/Learn/muios/public/海底 (15键).txt
三叶(稍改版),/Users/dong/Music/15/三叶（稍改版） (15键).txt,/Users/dong/Desktop/Learn/muios/public/三叶（稍改版） (15键).txt
他和她王源,/Users/dong/Music/15/他和她王源 (15键).txt,/Users/dong/Desktop/Learn/muios/public/他和她王源 (15键).txt
寂静之空笛,/Users/dong/Music/15/寂静之空笛 (15键).txt,/Users/dong/Desktop/Learn/muios/public/寂静之空笛 (15键).txt
风铃叮叮当EOP魔鬼训练营练习曲,/Users/dong/Music/15/风铃叮叮当EOP魔鬼训练营练习曲 (15键).txt,/Users/dong/Desktop/Learn/muios/public/风铃叮叮当EOP魔鬼训练营练习曲 (15键).txt
千与千寻 永远同在 Always With Me,/Users/dong/Music/15/千与千寻 永远同在 Always With Me (15键).txt,/Users/dong/Desktop/Learn/muios/public/千与千寻 永远同在 Always With Me (15键).txt
Wheelson-the-Bus-Melanie-Martinez,/Users/dong/Music/15/Wheelson-the-Bus-Melanie-Martinez (15键).txt,/Users/dong/Desktop/Learn/muios/public/Wheelson-the-Bus-Melanie-Martinez (15键).txt
偏爱张芸京-仙剑奇侠传,/Users/dong/Music/15/偏爱张芸京-仙剑奇侠传 (15键).txt,/Users/dong/Desktop/Learn/muios/public/偏爱张芸京-仙剑奇侠传 (15键).txt
梅花三弄好听版,/Users/dong/Music/15/梅花三弄好听版 (15键).txt,/Users/dong/Desktop/Learn/muios/public/梅花三弄好听版 (15键).txt
TeamLorde,/Users/dong/Music/15/TeamLorde (15键).txt,/Users/dong/Desktop/Learn/muios/public/TeamLorde (15键).txt
Faded 烛子ikina,/Users/dong/Music/15/《Faded》 烛子ikina (15键).txt,/Users/dong/Desktop/Learn/muios/public/《Faded》 烛子ikina (15键).txt
盗将行-az,/Users/dong/Music/15/盗将行-az (15键).txt,/Users/dong/Desktop/Learn/muios/public/盗将行-az (15键).txt
DearMom-少女时代,/Users/dong/Music/15/DearMom-少女时代 (15键).txt,/Users/dong/Desktop/Learn/muios/public/DearMom-少女时代 (15键).txt
风中的蒲公英,/Users/dong/Music/15/风中的蒲公英 (15键).txt,/Users/dong/Desktop/Learn/muios/public/风中的蒲公英 (15键).txt
ChiruRobert-de-Boron,/Users/dong/Music/15/ChiruRobert-de-Boron (15键).txt,/Users/dong/Desktop/Learn/muios/public/ChiruRobert-de-Boron (15键).txt
"世末歌者(还没全,随缘补)",/Users/dong/Music/15/世末歌者（还没全，随缘补） (15键).txt,/Users/dong/Desktop/Learn/muios/public/世末歌者（还没全，随缘补） (15键).txt
BetterWay-Tom-Chaplin,/Users/dong/Music/15/BetterWay-Tom-Chaplin (15键).txt,/Users/dong/Desktop/Learn/muios/public/BetterWay-Tom-Chaplin (15键).txt
倒数 邓紫棋,/Users/dong/Music/15/倒数.邓紫棋 (15键).txt,/Users/dong/Desktop/Learn/muios/public/倒数.邓紫棋 (15键).txt
原神神里绫华pv「雪霁逢椿」这个家没有你的位置啦,/Users/dong/Music/15/原神神里绫华pv「雪霁逢椿」这个家没有你的位置啦 (15键).txt,/Users/dong/Desktop/Learn/muios/public/原神神里绫华pv「雪霁逢椿」这个家没有你的位置啦 (15键).txt
迷人的危险,/Users/dong/Music/15/迷人的危险 (15键).txt,/Users/dong/Desktop/Learn/muios/public/迷人的危险 (15键).txt
Human,/Users/dong/Music/15/Human (15键).txt,/Users/dong/Desktop/Learn/muios/public/Human (15键).txt
就算没有如果三生三世十里桃花插曲,/Users/dong/Music/15/就算没有如果三生三世十里桃花插曲 (15键).txt,/Users/dong/Desktop/Learn/muios/public/就算没有如果三生三世十里桃花插曲 (15键).txt
Again新,/Users/dong/Music/15/Again新 (15键).txt,/Users/dong/Desktop/Learn/muios/public/Again新 (15键).txt
三葉のテーマ优化版,/Users/dong/Music/15/三葉のテーマ优化版 (15键).txt,/Users/dong/Desktop/Learn/muios/public/三葉のテーマ优化版 (15键).txt
Joanof-Arc-Little-Mix,/Users/dong/Music/15/Joanof-Arc-Little-Mix (15键).txt,/Users/dong/Desktop/Learn/muios/public/Joanof-Arc-Little-Mix (15键).txt
Lovemelikeyoudo,/Users/dong/Music/15/Lovemelikeyoudo (15键).txt,/Users/dong/Desktop/Learn/muios/public/Lovemelikeyoudo (15键).txt
Lovemelikeyoudo,/Users/dong/Music/15/Love me like you do (15键).txt,/Users/dong/Desktop/Learn/muios/public/Love me like you do (15键).txt
窗 虎二【,/Users/dong/Music/15/窗虎二 (15键).txt,/Users/dong/Desktop/Learn/muios/public/窗虎二 (15键).txt
有大佬接定制吗?有偿,/Users/dong/Music/15/有大佬接定制吗？有偿 (15键).txt,/Users/dong/Desktop/Learn/muios/public/有大佬接定制吗？有偿 (15键).txt
光辉岁月Beyond,/Users/dong/Music/15/光辉岁月Beyond (15键).txt,/Users/dong/Desktop/Learn/muios/public/光辉岁月Beyond (15键).txt
新地球,/Users/dong/Music/15/新地球 (15键).txt,/Users/dong/Desktop/Learn/muios/public/新地球 (15键).txt
好的东西,/Users/dong/Music/15/好的东西 (15键).txt,/Users/dong/Desktop/Learn/muios/public/好的东西 (15键).txt
钢铁洪流进行曲,/Users/dong/Music/15/钢铁洪流进行曲 (15键).txt,/Users/dong/Desktop/Learn/muios/public/钢铁洪流进行曲 (15键).txt
原神-钟离-听书人,/Users/dong/Music/15/原神-钟离-听书人 (15键).txt,/Users/dong/Desktop/Learn/muios/public/原神-钟离-听书人 (15键).txt
RightHere-Waiting-此情可待,/Users/dong/Music/15/RightHere-Waiting-此情可待 (15键).txt,/Users/dong/Desktop/Learn/muios/public/RightHere-Waiting-此情可待 (15键).txt
The Rain,/Users/dong/Music/15/The.Rain (15键).txt,/Users/dong/Desktop/Learn/muios/public/The.Rain (15键).txt
胖丁之歌 Jigglypuffs Song,/Users/dong/Music/15/胖丁之歌.Jigglypuffs.Song (15键).txt,/Users/dong/Desktop/Learn/muios/public/胖丁之歌.Jigglypuffs.Song (15键).txt
胖丁之歌 Jigglypuffs Song,/Users/dong/Music/15/胖丁之歌 Jigglypuff_s Song (15键).txt,/Users/dong/Desktop/Learn/muios/public/胖丁之歌 Jigglypuff_s Song (15键).txt
空白格,/Users/dong/Music/15/空白格 (15键).txt,/Users/dong/Desktop/Learn/muios/public/空白格 (15键).txt
TheQueen-Of-Season-Sweet-Rain,/Users/dong/Music/15/TheQueen-Of-Season-Sweet-Rain (15键).txt,/Users/dong/Desktop/Learn/muios/public/TheQueen-Of-Season-Sweet-Rain (15键).txt
虽然歌声无形,/Users/dong/Music/15/虽然歌声无形 (15键).txt,/Users/dong/Desktop/Learn/muios/public/虽然歌声无形 (15键).txt
理想三旬【,/Users/dong/Music/15/理想三旬 (15键).txt,/Users/dong/Desktop/Learn/muios/public/理想三旬 (15键).txt
normalnomore(个人修改),/Users/dong/Music/15/normalnomore（个人修改） (15键).txt,/Users/dong/Desktop/Learn/muios/public/normalnomore（个人修改） (15键).txt
必杀技,/Users/dong/Music/15/必杀技 (15键).txt,/Users/dong/Desktop/Learn/muios/public/必杀技 (15键).txt
月光奏鸣曲第三乐章,/Users/dong/Music/15/月光奏鸣曲第三乐章 (15键).txt,/Users/dong/Desktop/Learn/muios/public/月光奏鸣曲第三乐章 (15键).txt
潮鸣りIICLANNAD背景音乐,/Users/dong/Music/15/潮鸣りIICLANNAD背景音乐 (15键).txt,/Users/dong/Desktop/Learn/muios/public/潮鸣りIICLANNAD背景音乐 (15键).txt
你看你看月亮的脸孟庭苇,/Users/dong/Music/15/你看你看月亮的脸孟庭苇 (15键).txt,/Users/dong/Desktop/Learn/muios/public/你看你看月亮的脸孟庭苇 (15键).txt
无名之辈,/Users/dong/Music/15/无名之辈 (15键).txt,/Users/dong/Desktop/Learn/muios/public/无名之辈 (15键).txt
只因你太美蔡徐坤,/Users/dong/Music/15/只因你太美蔡徐坤 (15键).txt,/Users/dong/Desktop/Learn/muios/public/只因你太美蔡徐坤 (15键).txt
花之舞(主旋律还原版),/Users/dong/Music/15/花之舞（主旋律还原版） (15键).txt,/Users/dong/Desktop/Learn/muios/public/花之舞（主旋律还原版） (15键).txt
热爱一零五度的你(俏皮版),/Users/dong/Music/15/热爱一零五度的你（俏皮版） (15键).txt,/Users/dong/Desktop/Learn/muios/public/热爱一零五度的你（俏皮版） (15键).txt
森林灰澈,/Users/dong/Music/15/森林灰澈 (15键).txt,/Users/dong/Desktop/Learn/muios/public/森林灰澈 (15键).txt
blueming,/Users/dong/Music/15/blueming (15键).txt,/Users/dong/Desktop/Learn/muios/public/blueming (15键).txt
MagicKylie-Minogue,/Users/dong/Music/15/MagicKylie-Minogue (15键).txt,/Users/dong/Desktop/Learn/muios/public/MagicKylie-Minogue (15键).txt
lucky,/Users/dong/Music/15/lucky (15键).txt,/Users/dong/Desktop/Learn/muios/public/lucky (15键).txt
最重要的决定,/Users/dong/Music/15/最重要的决定 (15键).txt,/Users/dong/Desktop/Learn/muios/public/最重要的决定 (15键).txt
OnlyMyRailgun,/Users/dong/Music/15/OnlyMyRailgun (15键).txt,/Users/dong/Desktop/Learn/muios/public/OnlyMyRailgun (15键).txt
OnlyMyRailgun,/Users/dong/Music/15/Only.my.railgun (15键).txt,/Users/dong/Desktop/Learn/muios/public/Only.my.railgun (15键).txt
OnlyMyRailgun,/Users/dong/Music/15/Only My Railgun (15键).txt,/Users/dong/Desktop/Learn/muios/public/Only My Railgun (15键).txt
OnlyMyRailgun,/Users/dong/Music/15/only  my  railgun (15键).txt,/Users/dong/Desktop/Learn/muios/public/only  my  railgun (15键).txt
OnlyMyRailgun,/Users/dong/Music/15/Only_my_railgun (15键).txt,/Users/dong/Desktop/Learn/muios/public/Only_my_railgun (15键).txt
悬崖上的金鱼公主Ponyo-On-The-Cliff,/Users/dong/Music/15/悬崖上的金鱼公主Ponyo-On-The-Cliff (15键).txt,/Users/dong/Desktop/Learn/muios/public/悬崖上的金鱼公主Ponyo-On-The-Cliff (15键).txt
One Night In Shanghai,/Users/dong/Music/15/One Night In Shanghai (15键).txt,/Users/dong/Desktop/Learn/muios/public/One Night In Shanghai (15键).txt
One Night In Shanghai,/Users/dong/Music/15/OneNightInShanghai (15键).txt,/Users/dong/Desktop/Learn/muios/public/OneNightInShanghai (15键).txt
One Night In Shanghai,/Users/dong/Music/15/One.Night.In.Shanghai (15键).txt,/Users/dong/Desktop/Learn/muios/public/One.Night.In.Shanghai (15键).txt
本草纲目周杰伦,/Users/dong/Music/15/本草纲目周杰伦 (15键).txt,/Users/dong/Desktop/Learn/muios/public/本草纲目周杰伦 (15键).txt
CaribbeanBlue-Enya,/Users/dong/Music/15/CaribbeanBlue-Enya (15键).txt,/Users/dong/Desktop/Learn/muios/public/CaribbeanBlue-Enya (15键).txt
我不配周杰伦我很忙专辑,/Users/dong/Music/15/我不配周杰伦我很忙专辑 (15键).txt,/Users/dong/Desktop/Learn/muios/public/我不配周杰伦我很忙专辑 (15键).txt
Charles,/Users/dong/Music/15/Charles (15键).txt,/Users/dong/Desktop/Learn/muios/public/Charles (15键).txt
有你C调简单版-时代少年团,/Users/dong/Music/15/有你C调简单版-时代少年团 (15键).txt,/Users/dong/Desktop/Learn/muios/public/有你C调简单版-时代少年团 (15键).txt
打上花火,/Users/dong/Music/15/打上花火 (15键).txt,/Users/dong/Desktop/Learn/muios/public/打上花火 (15键).txt
不得不爱,/Users/dong/Music/15/不得不爱 (15键).txt,/Users/dong/Desktop/Learn/muios/public/不得不爱 (15键).txt
闪灼的烛光-原神优菈,/Users/dong/Music/15/闪灼的烛光-原神优菈 (15键).txt,/Users/dong/Desktop/Learn/muios/public/闪灼的烛光-原神优菈 (15键).txt
Horizon,/Users/dong/Music/15/Horizon (15键).txt,/Users/dong/Desktop/Learn/muios/public/Horizon (15键).txt
开心超人,/Users/dong/Music/15/开心超人 (15键).txt,/Users/dong/Desktop/Learn/muios/public/开心超人 (15键).txt
Tangoto-Evora-Loreena-McKennitt,/Users/dong/Music/15/Tangoto-Evora-Loreena-McKennitt (15键).txt,/Users/dong/Desktop/Learn/muios/public/Tangoto-Evora-Loreena-McKennitt (15键).txt
孤独的王C调简单版-海来阿木,/Users/dong/Music/15/孤独的王C调简单版-海来阿木 (15键).txt,/Users/dong/Desktop/Learn/muios/public/孤独的王C调简单版-海来阿木 (15键).txt
霊知の太阳信仰~NuclearFusion-东方地灵殿~Subterranean-Animism,/Users/dong/Music/15/霊知の太阳信仰～NuclearFusion-东方地灵殿～Subterranean-Animism- (15键).txt,/Users/dong/Desktop/Learn/muios/public/霊知の太阳信仰～NuclearFusion-东方地灵殿～Subterranean-Animism- (15键).txt
tell me,/Users/dong/Music/15/tell.me (15键).txt,/Users/dong/Desktop/Learn/muios/public/tell.me (15键).txt
SuckerJonas-Brothers,/Users/dong/Music/15/SuckerJonas-Brothers (15键).txt,/Users/dong/Desktop/Learn/muios/public/SuckerJonas-Brothers (15键).txt
花海,/Users/dong/Music/15/花海 (15键).txt,/Users/dong/Desktop/Learn/muios/public/花海 (15键).txt
Riverflowsinyou[你的心河],/Users/dong/Music/15/Riverflowsinyou[你的心河] (15键).txt,/Users/dong/Desktop/Learn/muios/public/Riverflowsinyou[你的心河] (15键).txt
Riverflowsinyou[你的心河],/Users/dong/Music/15/Riverflows-in-you-你的心河 (15键).txt,/Users/dong/Desktop/Learn/muios/public/Riverflows-in-you-你的心河 (15键).txt
迪迦奥特曼主题曲Take Me Higher,/Users/dong/Music/15/《迪迦奥特曼》主题曲《Take Me Higher》 (15键).txt,/Users/dong/Desktop/Learn/muios/public/《迪迦奥特曼》主题曲《Take Me Higher》 (15键).txt
大城小爱,/Users/dong/Music/15/大城小爱 (15键).txt,/Users/dong/Desktop/Learn/muios/public/大城小爱 (15键).txt
Rain言叶之庭主题曲,/Users/dong/Music/15/Rain言叶之庭主题曲 (15键).txt,/Users/dong/Desktop/Learn/muios/public/Rain言叶之庭主题曲 (15键).txt
IfYou-Leave-Me-Now-Charlie-Puth,/Users/dong/Music/15/IfYou-Leave-Me-Now-Charlie-Puth (15键).txt,/Users/dong/Desktop/Learn/muios/public/IfYou-Leave-Me-Now-Charlie-Puth (15键).txt
你的眼睛像星星-az,/Users/dong/Music/15/你的眼睛像星星-az (15键).txt,/Users/dong/Desktop/Learn/muios/public/你的眼睛像星星-az (15键).txt
爱的华尔兹一起来看流星雨插曲,/Users/dong/Music/15/爱的华尔兹一起来看流星雨插曲 (15键).txt,/Users/dong/Desktop/Learn/muios/public/爱的华尔兹一起来看流星雨插曲 (15键).txt
全世界失眠 陈奕迅【,/Users/dong/Music/15/全世界失眠陈奕迅 (15键).txt,/Users/dong/Desktop/Learn/muios/public/全世界失眠陈奕迅 (15键).txt
pure imagination-Absolon,/Users/dong/Music/15/pure imagination—Absolon (15键).txt,/Users/dong/Desktop/Learn/muios/public/pure imagination—Absolon (15键).txt
pure imagination-Absolon,/Users/dong/Music/15/pureimagination—Absolon (15键).txt,/Users/dong/Desktop/Learn/muios/public/pureimagination—Absolon (15键).txt
第一次光良,/Users/dong/Music/15/第一次光良 (15键).txt,/Users/dong/Desktop/Learn/muios/public/第一次光良 (15键).txt
苏幕遮-az,/Users/dong/Music/15/苏幕遮-az (15键).txt,/Users/dong/Desktop/Learn/muios/public/苏幕遮-az (15键).txt
看见你的声音想见你插曲,/Users/dong/Music/15/看见你的声音想见你插曲 (15键).txt,/Users/dong/Desktop/Learn/muios/public/看见你的声音想见你插曲 (15键).txt
山人,/Users/dong/Music/15/山人 (15键).txt,/Users/dong/Desktop/Learn/muios/public/山人 (15键).txt
甘心替代你,/Users/dong/Music/15/甘心替代你 (15键).txt,/Users/dong/Desktop/Learn/muios/public/甘心替代你 (15键).txt
绿袖子,/Users/dong/Music/15/绿袖子 (15键).txt,/Users/dong/Desktop/Learn/muios/public/绿袖子 (15键).txt
前声音Yiruma李闰珉,/Users/dong/Music/15/前声音Yiruma李闰珉 (15键).txt,/Users/dong/Desktop/Learn/muios/public/前声音Yiruma李闰珉 (15键).txt
通天大道宽又阔西游记续集片头曲,/Users/dong/Music/15/通天大道宽又阔西游记续集片头曲 (15键).txt,/Users/dong/Desktop/Learn/muios/public/通天大道宽又阔西游记续集片头曲 (15键).txt
AryllsTheme-塞尔达传说风之杖,/Users/dong/Music/15/AryllsTheme-塞尔达传说风之杖 (15键).txt,/Users/dong/Desktop/Learn/muios/public/AryllsTheme-塞尔达传说风之杖 (15键).txt
白金Disco最终修改版-Micles,/Users/dong/Music/15/白金Disco最终修改版-Micles (15键).txt,/Users/dong/Desktop/Learn/muios/public/白金Disco最终修改版-Micles (15键).txt
無人区,/Users/dong/Music/15/無人区 (15键).txt,/Users/dong/Desktop/Learn/muios/public/無人区 (15键).txt
EXO-十二月的奇迹,/Users/dong/Music/15/EXO-十二月的奇迹 (15键).txt,/Users/dong/Desktop/Learn/muios/public/EXO-十二月的奇迹 (15键).txt
玫瑰本兮,/Users/dong/Music/15/玫瑰本兮 (15键).txt,/Users/dong/Desktop/Learn/muios/public/玫瑰本兮 (15键).txt
StopSam-Brown,/Users/dong/Music/15/StopSam-Brown (15键).txt,/Users/dong/Desktop/Learn/muios/public/StopSam-Brown (15键).txt
金风玉露,/Users/dong/Music/15/金风玉露 (15键).txt,/Users/dong/Desktop/Learn/muios/public/金风玉露 (15键).txt
孤身走我路梅艳芳,/Users/dong/Music/15/孤身走我路梅艳芳 (15键).txt,/Users/dong/Desktop/Learn/muios/public/孤身走我路梅艳芳 (15键).txt
123木头人,/Users/dong/Music/15/123木头人 (15键).txt,/Users/dong/Desktop/Learn/muios/public/123木头人 (15键).txt
麻雀-李荣浩一个得了健忘症的人,/Users/dong/Music/15/麻雀—李荣浩一个得了健忘症的人 (15键).txt,/Users/dong/Desktop/Learn/muios/public/麻雀—李荣浩一个得了健忘症的人 (15键).txt
麻雀-李荣浩一个得了健忘症的人,/Users/dong/Music/15/麻雀—李荣浩（一个得了健忘症的人） (15键).txt,/Users/dong/Desktop/Learn/muios/public/麻雀—李荣浩（一个得了健忘症的人） (15键).txt
宝可梦 道馆 Gym Theme,/Users/dong/Music/15/宝可梦 道馆 Gym Theme (15键).txt,/Users/dong/Desktop/Learn/muios/public/宝可梦 道馆 Gym Theme (15键).txt
宝可梦 道馆 Gym Theme,/Users/dong/Music/15/宝可梦.道馆.Gym.Theme (15键).txt,/Users/dong/Desktop/Learn/muios/public/宝可梦.道馆.Gym.Theme (15键).txt
梦中的婚礼Dream-Wedding,/Users/dong/Music/15/梦中的婚礼Dream-Wedding (15键).txt,/Users/dong/Desktop/Learn/muios/public/梦中的婚礼Dream-Wedding (15键).txt
可愛くなりたい,/Users/dong/Music/15/可愛くなりたい (15键).txt,/Users/dong/Desktop/Learn/muios/public/可愛くなりたい (15键).txt
LOVE田馥甄,/Users/dong/Music/15/LOVE田馥甄 (15键).txt,/Users/dong/Desktop/Learn/muios/public/LOVE田馥甄 (15键).txt
悟空,/Users/dong/Music/15/悟空 (15键).txt,/Users/dong/Desktop/Learn/muios/public/悟空 (15键).txt
我的果汁分你一半,/Users/dong/Music/15/我的果汁分你一半 (15键).txt,/Users/dong/Desktop/Learn/muios/public/我的果汁分你一半 (15键).txt
你听得到,/Users/dong/Music/15/你听得到 (15键).txt,/Users/dong/Desktop/Learn/muios/public/你听得到 (15键).txt
Clean,/Users/dong/Music/15/Clean (15键).txt,/Users/dong/Desktop/Learn/muios/public/Clean (15键).txt
月光酒馆,/Users/dong/Music/15/月光酒馆- (15键).txt,/Users/dong/Desktop/Learn/muios/public/月光酒馆- (15键).txt
ENEMY,/Users/dong/Music/15/ENEMY (15键).txt,/Users/dong/Desktop/Learn/muios/public/ENEMY (15键).txt
ENEMY,/Users/dong/Music/15/《Enemy》 (15键).txt,/Users/dong/Desktop/Learn/muios/public/《Enemy》 (15键).txt
幻昼,/Users/dong/Music/15/幻昼 (15键).txt,/Users/dong/Desktop/Learn/muios/public/幻昼 (15键).txt
怎么办我爱你,/Users/dong/Music/15/怎么办我爱你 (15键).txt,/Users/dong/Desktop/Learn/muios/public/怎么办我爱你 (15键).txt
夏天的风新,/Users/dong/Music/15/夏天的风新 (15键).txt,/Users/dong/Desktop/Learn/muios/public/夏天的风新 (15键).txt
ListenTo-Your-Heart-倾听你的心声-Roxette,/Users/dong/Music/15/ListenTo-Your-Heart-倾听你的心声---Roxette (15键).txt,/Users/dong/Desktop/Learn/muios/public/ListenTo-Your-Heart-倾听你的心声---Roxette (15键).txt
LoveTo-Hate-Me-Blackpink,/Users/dong/Music/15/LoveTo-Hate-Me-Blackpink (15键).txt,/Users/dong/Desktop/Learn/muios/public/LoveTo-Hate-Me-Blackpink (15键).txt
君の名は-なんでもなぃや,/Users/dong/Music/15/君の名は-なんでもなぃや (15键).txt,/Users/dong/Desktop/Learn/muios/public/君の名は-なんでもなぃや (15键).txt
阴天简单版-莫文蔚,/Users/dong/Music/15/阴天简单版-莫文蔚 (15键).txt,/Users/dong/Desktop/Learn/muios/public/阴天简单版-莫文蔚 (15键).txt
病名为爱灰澈版,/Users/dong/Music/15/病名为爱灰澈版 (15键).txt,/Users/dong/Desktop/Learn/muios/public/病名为爱灰澈版 (15键).txt
WeDont-Talk-Anymore-Charlie-Puth,/Users/dong/Music/15/WeDont-Talk-Anymore-Charlie-Puth (15键).txt,/Users/dong/Desktop/Learn/muios/public/WeDont-Talk-Anymore-Charlie-Puth (15键).txt
托卡塔曲理查德克莱德曼,/Users/dong/Music/15/托卡塔曲理查德克莱德曼 (15键).txt,/Users/dong/Desktop/Learn/muios/public/托卡塔曲理查德克莱德曼 (15键).txt
LoveIs-Blue,/Users/dong/Music/15/LoveIs-Blue (15键).txt,/Users/dong/Desktop/Learn/muios/public/LoveIs-Blue (15键).txt
宝贝,/Users/dong/Music/15/宝贝 (15键).txt,/Users/dong/Desktop/Learn/muios/public/宝贝 (15键).txt
悬日田馥甄新单直面感情断舍离,/Users/dong/Music/15/悬日田馥甄新单直面感情断舍离 (15键).txt,/Users/dong/Desktop/Learn/muios/public/悬日田馥甄新单直面感情断舍离 (15键).txt
春之雪-ハルノユキ,/Users/dong/Music/15/春之雪-ハルノユキ (15键).txt,/Users/dong/Desktop/Learn/muios/public/春之雪-ハルノユキ (15键).txt
妄想税初音ミク,/Users/dong/Music/15/妄想税初音ミク (15键).txt,/Users/dong/Desktop/Learn/muios/public/妄想税初音ミク (15键).txt
恭喜恭喜,/Users/dong/Music/15/恭喜恭喜 (15键).txt,/Users/dong/Desktop/Learn/muios/public/恭喜恭喜 (15键).txt
生死相随秦时丽人明月心片尾曲,/Users/dong/Music/15/生死相随秦时丽人明月心片尾曲 (15键).txt,/Users/dong/Desktop/Learn/muios/public/生死相随秦时丽人明月心片尾曲 (15键).txt
Empty love,/Users/dong/Music/15/Empty.love (15键).txt,/Users/dong/Desktop/Learn/muios/public/Empty.love (15键).txt
Empty love,/Users/dong/Music/15/emptylove (15键).txt,/Users/dong/Desktop/Learn/muios/public/emptylove (15键).txt
有一种悲伤比悲伤更悲伤的故事主题曲,/Users/dong/Music/15/有一种悲伤比悲伤更悲伤的故事主题曲 (15键).txt,/Users/dong/Desktop/Learn/muios/public/有一种悲伤比悲伤更悲伤的故事主题曲 (15键).txt
猫,/Users/dong/Music/15/猫 (15键).txt,/Users/dong/Desktop/Learn/muios/public/猫 (15键).txt
几个你胜女的代价插曲,/Users/dong/Music/15/几个你胜女的代价插曲 (15键).txt,/Users/dong/Desktop/Learn/muios/public/几个你胜女的代价插曲 (15键).txt
两个世界张克帆,/Users/dong/Music/15/两个世界张克帆 (15键).txt,/Users/dong/Desktop/Learn/muios/public/两个世界张克帆 (15键).txt
NightfallDeemo游戏背景音乐,/Users/dong/Music/15/NightfallDeemo游戏背景音乐 (15键).txt,/Users/dong/Desktop/Learn/muios/public/NightfallDeemo游戏背景音乐 (15键).txt
MoBamba-Sheck-Wes,/Users/dong/Music/15/MoBamba-Sheck-Wes (15键).txt,/Users/dong/Desktop/Learn/muios/public/MoBamba-Sheck-Wes (15键).txt
B站即兴弹奏,/Users/dong/Music/15/B站即兴弹奏 (15键).txt,/Users/dong/Desktop/Learn/muios/public/B站即兴弹奏 (15键).txt
LemonTree-柠檬树,/Users/dong/Music/15/LemonTree-柠檬树 (15键).txt,/Users/dong/Desktop/Learn/muios/public/LemonTree-柠檬树 (15键).txt
桓那兰那大梦调-老旧的诗琴专用,/Users/dong/Music/15/桓那兰那大梦调-老旧的诗琴专用 (15键).txt,/Users/dong/Desktop/Learn/muios/public/桓那兰那大梦调-老旧的诗琴专用 (15键).txt
寻一个你 前奏,/Users/dong/Music/15/寻一个你.前奏 (15键).txt,/Users/dong/Desktop/Learn/muios/public/寻一个你.前奏 (15键).txt
今天你要嫁给我陶喆,/Users/dong/Music/15/今天你要嫁给我陶喆 (15键).txt,/Users/dong/Desktop/Learn/muios/public/今天你要嫁给我陶喆 (15键).txt
所念皆星河,/Users/dong/Music/15/所念皆星河 (15键).txt,/Users/dong/Desktop/Learn/muios/public/所念皆星河 (15键).txt
所念皆星河,/Users/dong/Music/15/《所念皆星河》 (15键).txt,/Users/dong/Desktop/Learn/muios/public/《所念皆星河》 (15键).txt
ModernLoneliness-Lauv,/Users/dong/Music/15/ModernLoneliness-Lauv (15键).txt,/Users/dong/Desktop/Learn/muios/public/ModernLoneliness-Lauv (15键).txt
哀乐,/Users/dong/Music/15/哀乐 (15键).txt,/Users/dong/Desktop/Learn/muios/public/哀乐 (15键).txt
Rainaftersummer,/Users/dong/Music/15/Rainaftersummer (15键).txt,/Users/dong/Desktop/Learn/muios/public/Rainaftersummer (15键).txt
Rainaftersummer,/Users/dong/Music/15/rain.after.summer (15键).txt,/Users/dong/Desktop/Learn/muios/public/rain.after.summer (15键).txt
Rainaftersummer,/Users/dong/Music/15/Rain after Summer (15键).txt,/Users/dong/Desktop/Learn/muios/public/Rain after Summer (15键).txt
玫瑰少年(笛),/Users/dong/Music/15/玫瑰少年笛 (15键).txt,/Users/dong/Desktop/Learn/muios/public/玫瑰少年笛 (15键).txt
あなたの歌姫你唯一的歌姬-初音未来,/Users/dong/Music/15/あなたの歌姫你唯一的歌姬--初音未来 (15键).txt,/Users/dong/Desktop/Learn/muios/public/あなたの歌姫你唯一的歌姬--初音未来 (15键).txt
remember our sunmmer,/Users/dong/Music/15/remember.our.sunmmer (15键).txt,/Users/dong/Desktop/Learn/muios/public/remember.our.sunmmer (15键).txt
remember our sunmmer,/Users/dong/Music/15/remember our sunmmer (15键).txt,/Users/dong/Desktop/Learn/muios/public/remember our sunmmer (15键).txt
第三人称北京女子图鉴插曲,/Users/dong/Music/15/第三人称北京女子图鉴插曲 (15键).txt,/Users/dong/Desktop/Learn/muios/public/第三人称北京女子图鉴插曲 (15键).txt
Rusty lake family tune,/Users/dong/Music/15/Rusty lake family tune (15键).txt,/Users/dong/Desktop/Learn/muios/public/Rusty lake family tune (15键).txt
Rusty lake family tune,/Users/dong/Music/15/Rusty.lake.family.tune (15键).txt,/Users/dong/Desktop/Learn/muios/public/Rusty.lake.family.tune (15键).txt
原神渊下宫战斗曲,/Users/dong/Music/15/原神渊下宫战斗曲 (15键).txt,/Users/dong/Desktop/Learn/muios/public/原神渊下宫战斗曲 (15键).txt
panoramaIZ-one,/Users/dong/Music/15/panoramaIZ-one (15键).txt,/Users/dong/Desktop/Learn/muios/public/panoramaIZ-one (15键).txt
桜樹街道(phigros)半成品,/Users/dong/Music/15/桜樹街道（phigros）半成品 (15键).txt,/Users/dong/Desktop/Learn/muios/public/桜樹街道（phigros）半成品 (15键).txt
别独奏版,/Users/dong/Music/15/别独奏版 (15键).txt,/Users/dong/Desktop/Learn/muios/public/别独奏版 (15键).txt
紅蓮華简单完整版-红莲华,/Users/dong/Music/15/紅蓮華简单完整版-红莲华 (15键).txt,/Users/dong/Desktop/Learn/muios/public/紅蓮華简单完整版-红莲华 (15键).txt
青柠,/Users/dong/Music/15/青柠 (15键).txt,/Users/dong/Desktop/Learn/muios/public/青柠 (15键).txt
朋友周华健,/Users/dong/Music/15/朋友周华健 (15键).txt,/Users/dong/Desktop/Learn/muios/public/朋友周华健 (15键).txt
BeforeHe-Cheats-Carrie-Underwood,/Users/dong/Music/15/BeforeHe-Cheats-Carrie-Underwood (15键).txt,/Users/dong/Desktop/Learn/muios/public/BeforeHe-Cheats-Carrie-Underwood (15键).txt
我是一只小小鸟想要飞呀飞却飞也飞不高,/Users/dong/Music/15/我是一只小小鸟想要飞呀飞却飞也飞不高 (15键).txt,/Users/dong/Desktop/Learn/muios/public/我是一只小小鸟想要飞呀飞却飞也飞不高 (15键).txt
Loanna李闰珉,/Users/dong/Music/15/Loanna李闰珉 (15键).txt,/Users/dong/Desktop/Learn/muios/public/Loanna李闰珉 (15键).txt
我们多么幸福,/Users/dong/Music/15/我们多么幸福 (15键).txt,/Users/dong/Desktop/Learn/muios/public/我们多么幸福 (15键).txt
那些你很冒险的梦,/Users/dong/Music/15/那些你很冒险的梦 (15键).txt,/Users/dong/Desktop/Learn/muios/public/那些你很冒险的梦 (15键).txt
你比从前快乐,/Users/dong/Music/15/你比从前快乐 (15键).txt,/Users/dong/Desktop/Learn/muios/public/你比从前快乐 (15键).txt
流动的城市林海,/Users/dong/Music/15/流动的城市林海 (15键).txt,/Users/dong/Desktop/Learn/muios/public/流动的城市林海 (15键).txt
爱你,/Users/dong/Music/15/爱你 (15键).txt,/Users/dong/Desktop/Learn/muios/public/爱你 (15键).txt
东方曲*3妹红+辉夜(Mokou+Kaguya),/Users/dong/Music/15/东方曲*3妹红＋辉夜（Mokou＋Kaguya） (15键).txt,/Users/dong/Desktop/Learn/muios/public/东方曲*3妹红＋辉夜（Mokou＋Kaguya） (15键).txt
月老掉线,/Users/dong/Music/15/月老掉线 (15键).txt,/Users/dong/Desktop/Learn/muios/public/月老掉线 (15键).txt
FlickerENHYPEN,/Users/dong/Music/15/FlickerENHYPEN (15键).txt,/Users/dong/Desktop/Learn/muios/public/FlickerENHYPEN (15键).txt
当你走了,/Users/dong/Music/15/当你走了 (15键).txt,/Users/dong/Desktop/Learn/muios/public/当你走了 (15键).txt
CoChacYeuLaDay-MTP,/Users/dong/Music/15/CoChacYeuLaDay-MTP (15键).txt,/Users/dong/Desktop/Learn/muios/public/CoChacYeuLaDay-MTP (15键).txt
CoChacYeuLaDay-MTP,/Users/dong/Music/15/Co_Chac_Yeu_La_Day-MTP (15键).txt,/Users/dong/Desktop/Learn/muios/public/Co_Chac_Yeu_La_Day-MTP (15键).txt
穷哈哈,/Users/dong/Music/15/穷哈哈 (15键).txt,/Users/dong/Desktop/Learn/muios/public/穷哈哈 (15键).txt
倒数,/Users/dong/Music/15/倒数 (15键).txt,/Users/dong/Desktop/Learn/muios/public/倒数 (15键).txt
稳稳的幸福 陈奕迅,/Users/dong/Music/15/稳稳的幸福.陈奕迅 (15键).txt,/Users/dong/Desktop/Learn/muios/public/稳稳的幸福.陈奕迅 (15键).txt
下雨时你会想起谁夜的钢琴曲,/Users/dong/Music/15/下雨时你会想起谁夜的钢琴曲 (15键).txt,/Users/dong/Desktop/Learn/muios/public/下雨时你会想起谁夜的钢琴曲 (15键).txt
Pokemon Littleroot Town,/Users/dong/Music/15/Pokemon..Littleroot.Town (15键).txt,/Users/dong/Desktop/Learn/muios/public/Pokemon..Littleroot.Town (15键).txt
四月是你的谎言ed2完整版-orange,/Users/dong/Music/15/四月是你的谎言ed2完整版—orange (15键).txt,/Users/dong/Desktop/Learn/muios/public/四月是你的谎言ed2完整版—orange (15键).txt
Gooba6ix9ine,/Users/dong/Music/15/Gooba6ix9ine (15键).txt,/Users/dong/Desktop/Learn/muios/public/Gooba6ix9ine (15键).txt
千本樱 Senbonzakura 烛子ikina,/Users/dong/Music/15/千本樱 Senbonzakura 烛子ikina (15键).txt,/Users/dong/Desktop/Learn/muios/public/千本樱 Senbonzakura 烛子ikina (15键).txt
万古生香,/Users/dong/Music/15/万古生香 (15键).txt,/Users/dong/Desktop/Learn/muios/public/万古生香 (15键).txt
Swordland刀剑神域插曲,/Users/dong/Music/15/Swordland刀剑神域插曲 (15键).txt,/Users/dong/Desktop/Learn/muios/public/Swordland刀剑神域插曲 (15键).txt
Youngblood,/Users/dong/Music/15/Youngblood (15键).txt,/Users/dong/Desktop/Learn/muios/public/Youngblood (15键).txt
I knew you were trouble,/Users/dong/Music/15/IKnewYouWereTrouble. (15键).txt,/Users/dong/Desktop/Learn/muios/public/IKnewYouWereTrouble. (15键).txt
I knew you were trouble,/Users/dong/Music/15/I.Knew.You.Were.Trouble (15键).txt,/Users/dong/Desktop/Learn/muios/public/I.Knew.You.Were.Trouble (15键).txt
天空之城伴随着你卡农合奏,/Users/dong/Music/15/天空之城伴随着你卡农合奏 (15键).txt,/Users/dong/Desktop/Learn/muios/public/天空之城伴随着你卡农合奏 (15键).txt
StarsDuncan-Laurence,/Users/dong/Music/15/StarsDuncan-Laurence (15键).txt,/Users/dong/Desktop/Learn/muios/public/StarsDuncan-Laurence (15键).txt
三生三世,/Users/dong/Music/15/三生三世 (15键).txt,/Users/dong/Desktop/Learn/muios/public/三生三世 (15键).txt
没有人心疼我陈雪凝,/Users/dong/Music/15/没有人心疼我陈雪凝 (15键).txt,/Users/dong/Desktop/Learn/muios/public/没有人心疼我陈雪凝 (15键).txt
TiKToK-Ke-ha,/Users/dong/Music/15/TiKToK-Ke-ha (15键).txt,/Users/dong/Desktop/Learn/muios/public/TiKToK-Ke-ha (15键).txt
FlowerDance-花舞-很熟悉的旋律,/Users/dong/Music/15/FlowerDance-花舞-很熟悉的旋律 (15键).txt,/Users/dong/Desktop/Learn/muios/public/FlowerDance-花舞-很熟悉的旋律 (15键).txt
山河不平,/Users/dong/Music/15/山河不平 (15键).txt,/Users/dong/Desktop/Learn/muios/public/山河不平 (15键).txt
RockMe-One-Direction,/Users/dong/Music/15/RockMe-One-Direction (15键).txt,/Users/dong/Desktop/Learn/muios/public/RockMe-One-Direction (15键).txt
badapple(惨无人道。烛子普),/Users/dong/Music/15/badapple(惨无人道。烛子普) (15键).txt,/Users/dong/Desktop/Learn/muios/public/badapple(惨无人道。烛子普) (15键).txt
Nightbook,/Users/dong/Music/15/Nightbook (15键).txt,/Users/dong/Desktop/Learn/muios/public/Nightbook (15键).txt
如果有如果邓福如,/Users/dong/Music/15/如果有如果邓福如 (15键).txt,/Users/dong/Desktop/Learn/muios/public/如果有如果邓福如 (15键).txt
umbrella,/Users/dong/Music/15/umbrella (15键).txt,/Users/dong/Desktop/Learn/muios/public/umbrella (15键).txt
说爱你,/Users/dong/Music/15/说爱你 (15键).txt,/Users/dong/Desktop/Learn/muios/public/说爱你 (15键).txt
我的好兄弟,/Users/dong/Music/15/我的好兄弟 (15键).txt,/Users/dong/Desktop/Learn/muios/public/我的好兄弟 (15键).txt
双世恋人双世宠妃II插曲,/Users/dong/Music/15/双世恋人双世宠妃Ⅱ插曲 (15键).txt,/Users/dong/Desktop/Learn/muios/public/双世恋人双世宠妃Ⅱ插曲 (15键).txt
哆拉咪发梭拉西,/Users/dong/Music/15/哆拉咪发梭拉西。 (15键).txt,/Users/dong/Desktop/Learn/muios/public/哆拉咪发梭拉西。 (15键).txt
一棵会开花的树,/Users/dong/Music/15/一棵会开花的树 (15键).txt,/Users/dong/Desktop/Learn/muios/public/一棵会开花的树 (15键).txt
蜘蛛糸モノポリー(sasakure UK),/Users/dong/Music/15/蜘蛛糸モノポリー（sasakure.UK） (15键).txt,/Users/dong/Desktop/Learn/muios/public/蜘蛛糸モノポリー（sasakure.UK） (15键).txt
最好的礼物完整弹唱版-爱情公寓5,/Users/dong/Music/15/最好的礼物完整弹唱版-爱情公寓5 (15键).txt,/Users/dong/Desktop/Learn/muios/public/最好的礼物完整弹唱版-爱情公寓5 (15键).txt
来迟,/Users/dong/Music/15/来迟 (15键).txt,/Users/dong/Desktop/Learn/muios/public/来迟 (15键).txt
典狱司,/Users/dong/Music/15/典狱司 (15键).txt,/Users/dong/Desktop/Learn/muios/public/典狱司 (15键).txt
传说之下]finale,/Users/dong/Music/15/[传说之下]finale (15键).txt,/Users/dong/Desktop/Learn/muios/public/[传说之下]finale (15键).txt
10Months-Enhypen,/Users/dong/Music/15/10Months-Enhypen (15键).txt,/Users/dong/Desktop/Learn/muios/public/10Months-Enhypen (15键).txt
厄神様の通り道~-Dark-Road-東方風神錄,/Users/dong/Music/15/厄神様の通り道～-Dark-Road-東方風神錄 (15键).txt,/Users/dong/Desktop/Learn/muios/public/厄神様の通り道～-Dark-Road-東方風神錄 (15键).txt
水形物语-周深,/Users/dong/Music/15/水形物语-周深 (15键).txt,/Users/dong/Desktop/Learn/muios/public/水形物语-周深 (15键).txt
超级玛丽熔岩关卡背景音乐,/Users/dong/Music/15/超级玛丽熔岩关卡背景音乐 (15键).txt,/Users/dong/Desktop/Learn/muios/public/超级玛丽熔岩关卡背景音乐 (15键).txt
卡农21键,/Users/dong/Music/15/卡农21键 (15键).txt,/Users/dong/Desktop/Learn/muios/public/卡农21键 (15键).txt
烟花易冷🎆,/Users/dong/Music/15/烟花易冷🎆 (15键).txt,/Users/dong/Desktop/Learn/muios/public/烟花易冷🎆 (15键).txt
烟花易冷🎆,/Users/dong/Music/15/烟花易冷 (15键).txt,/Users/dong/Desktop/Learn/muios/public/烟花易冷 (15键).txt
烟花易冷🎆,/Users/dong/Music/15/烟花易冷  (15键).txt,/Users/dong/Desktop/Learn/muios/public/烟花易冷  (15键).txt
李白,/Users/dong/Music/15/李白 (15键).txt,/Users/dong/Desktop/Learn/muios/public/李白 (15键).txt
Summer Rainbow,/Users/dong/Music/15/Summer Rainbow (15键).txt,/Users/dong/Desktop/Learn/muios/public/Summer Rainbow (15键).txt
Summer Rainbow,/Users/dong/Music/15/Summer.Rainbow (15键).txt,/Users/dong/Desktop/Learn/muios/public/Summer.Rainbow (15键).txt
问题天天都多樱桃小丸子主题曲,/Users/dong/Music/15/问题天天都多樱桃小丸子主题曲 (15键).txt,/Users/dong/Desktop/Learn/muios/public/问题天天都多樱桃小丸子主题曲 (15键).txt
ニュースハウント,/Users/dong/Music/15/ニュースハウント (15键).txt,/Users/dong/Desktop/Learn/muios/public/ニュースハウント (15键).txt
Remei(phigros,/Users/dong/Music/15/Remei(phigros (15键).txt,/Users/dong/Desktop/Learn/muios/public/Remei(phigros (15键).txt
山溪,/Users/dong/Music/15/山溪 (15键).txt,/Users/dong/Desktop/Learn/muios/public/山溪 (15键).txt
三键成曲,/Users/dong/Music/15/三键成曲 (15键).txt,/Users/dong/Desktop/Learn/muios/public/三键成曲 (15键).txt
支柱SNH48,/Users/dong/Music/15/支柱SNH48 (15键).txt,/Users/dong/Desktop/Learn/muios/public/支柱SNH48 (15键).txt
渊下宫,/Users/dong/Music/15/渊下宫 (15键).txt,/Users/dong/Desktop/Learn/muios/public/渊下宫 (15键).txt
月光奏鸣曲三(Rem02),/Users/dong/Music/15/月光奏鸣曲三（Rem02） (15键).txt,/Users/dong/Desktop/Learn/muios/public/月光奏鸣曲三（Rem02） (15键).txt
斯卡保罗集市,/Users/dong/Music/15/斯卡保罗集市 (15键).txt,/Users/dong/Desktop/Learn/muios/public/斯卡保罗集市 (15键).txt
动漫年度串烧,/Users/dong/Music/15/动漫年度串烧 (15键).txt,/Users/dong/Desktop/Learn/muios/public/动漫年度串烧 (15键).txt
KarmaAlicia-Keys,/Users/dong/Music/15/KarmaAlicia-Keys (15键).txt,/Users/dong/Desktop/Learn/muios/public/KarmaAlicia-Keys (15键).txt
心眼,/Users/dong/Music/15/心眼 (15键).txt,/Users/dong/Desktop/Learn/muios/public/心眼 (15键).txt
送我一支玫瑰花朱逢博,/Users/dong/Music/15/送我一支玫瑰花朱逢博 (15键).txt,/Users/dong/Desktop/Learn/muios/public/送我一支玫瑰花朱逢博 (15键).txt
PushBack-Ne-Yo和Bebe-Rexha和Stefflon-Don,/Users/dong/Music/15/PushBack-Ne-Yo和Bebe-Rexha和Stefflon-Don (15键).txt,/Users/dong/Desktop/Learn/muios/public/PushBack-Ne-Yo和Bebe-Rexha和Stefflon-Don (15键).txt
航拍中国结尾钢琴,/Users/dong/Music/15/航拍中国结尾钢琴 (15键).txt,/Users/dong/Desktop/Learn/muios/public/航拍中国结尾钢琴 (15键).txt
Johnny boy,/Users/dong/Music/15/Johnny.boy (15键).txt,/Users/dong/Desktop/Learn/muios/public/Johnny.boy (15键).txt
astlives,/Users/dong/Music/15/astlives (15键).txt,/Users/dong/Desktop/Learn/muios/public/astlives (15键).txt
回到夏天简单版-希望大家遇到一个能永远陪你过夏天的人,/Users/dong/Music/15/回到夏天简单版-希望大家遇到一个能永远陪你过夏天的人 (15键).txt,/Users/dong/Desktop/Learn/muios/public/回到夏天简单版-希望大家遇到一个能永远陪你过夏天的人 (15键).txt
windy hill,/Users/dong/Music/15/windy hill (15键).txt,/Users/dong/Desktop/Learn/muios/public/windy hill (15键).txt
windy hill,/Users/dong/Music/15/WindyHill (15键).txt,/Users/dong/Desktop/Learn/muios/public/WindyHill (15键).txt
Cello Suite Piano,/Users/dong/Music/15/Cello_Suite_Piano (15键).txt,/Users/dong/Desktop/Learn/muios/public/Cello_Suite_Piano (15键).txt
Cello Suite Piano,/Users/dong/Music/15/Cello.Suite.Piano (15键).txt,/Users/dong/Desktop/Learn/muios/public/Cello.Suite.Piano (15键).txt
砕月东方萃梦想-Immaterial-and-Missing-Power,/Users/dong/Music/15/砕月东方萃梦想--Immaterial-and-Missing-Power- (15键).txt,/Users/dong/Desktop/Learn/muios/public/砕月东方萃梦想--Immaterial-and-Missing-Power- (15键).txt
难念的经天龙八部主题曲,/Users/dong/Music/15/难念的经天龙八部主题曲 (15键).txt,/Users/dong/Desktop/Learn/muios/public/难念的经天龙八部主题曲 (15键).txt
周董-倒影,/Users/dong/Music/15/周董-倒影 (15键).txt,/Users/dong/Desktop/Learn/muios/public/周董-倒影 (15键).txt
回忆里的那个人两生花主题曲,/Users/dong/Music/15/回忆里的那个人两生花主题曲 (15键).txt,/Users/dong/Desktop/Learn/muios/public/回忆里的那个人两生花主题曲 (15键).txt
EverybodyHurts-R-E-M,/Users/dong/Music/15/EverybodyHurts-R-E-M- (15键).txt,/Users/dong/Desktop/Learn/muios/public/EverybodyHurts-R-E-M- (15键).txt
有谁共鸣张国荣,/Users/dong/Music/15/有谁共鸣张国荣 (15键).txt,/Users/dong/Desktop/Learn/muios/public/有谁共鸣张国荣 (15键).txt
Arrietty’sSong,/Users/dong/Music/15/Arrietty’sSong (15键).txt,/Users/dong/Desktop/Learn/muios/public/Arrietty’sSong (15键).txt
Arrietty’sSong,/Users/dong/Music/15/Arrietty's_Song (15键).txt,/Users/dong/Desktop/Learn/muios/public/Arrietty's_Song (15键).txt
OneDance-Drake,/Users/dong/Music/15/OneDance-Drake (15键).txt,/Users/dong/Desktop/Learn/muios/public/OneDance-Drake (15键).txt
Always With Me(,/Users/dong/Music/15/AlwaysWithMe (15键).txt,/Users/dong/Desktop/Learn/muios/public/AlwaysWithMe (15键).txt
Always With Me(,/Users/dong/Music/15/Always.with.me (15键).txt,/Users/dong/Desktop/Learn/muios/public/Always.with.me (15键).txt
不可思议的病例,/Users/dong/Music/15/不可思议的病例 (15键).txt,/Users/dong/Desktop/Learn/muios/public/不可思议的病例 (15键).txt
いつも何度でも千与千寻主题曲,/Users/dong/Music/15/いつも何度でも千与千寻主题曲 (15键).txt,/Users/dong/Desktop/Learn/muios/public/いつも何度でも千与千寻主题曲 (15键).txt
风信子の思念,/Users/dong/Music/15/风信子の思念 (15键).txt,/Users/dong/Desktop/Learn/muios/public/风信子の思念 (15键).txt
月亮惹的祸,/Users/dong/Music/15/月亮惹的祸 (15键).txt,/Users/dong/Desktop/Learn/muios/public/月亮惹的祸 (15键).txt
他一定很爱你,/Users/dong/Music/15/他一定很爱你 (15键).txt,/Users/dong/Desktop/Learn/muios/public/他一定很爱你 (15键).txt
千百度,/Users/dong/Music/15/千百度 (15键).txt,/Users/dong/Desktop/Learn/muios/public/千百度 (15键).txt
最熟悉的陌生人萧亚轩,/Users/dong/Music/15/最熟悉的陌生人萧亚轩 (15键).txt,/Users/dong/Desktop/Learn/muios/public/最熟悉的陌生人萧亚轩 (15键).txt
RewriteThe-Stars,/Users/dong/Music/15/Rewrite.the.Stars (15键).txt,/Users/dong/Desktop/Learn/muios/public/Rewrite.the.Stars (15键).txt
美丽拍档,/Users/dong/Music/15/美丽拍档 (15键).txt,/Users/dong/Desktop/Learn/muios/public/美丽拍档 (15键).txt
水形物语水形物语电影推广曲,/Users/dong/Music/15/水形物语水形物语电影推广曲 (15键).txt,/Users/dong/Desktop/Learn/muios/public/水形物语水形物语电影推广曲 (15键).txt
爱情的故事,/Users/dong/Music/15/爱情的故事 (15键).txt,/Users/dong/Desktop/Learn/muios/public/爱情的故事 (15键).txt
摩天大楼薛之谦,/Users/dong/Music/15/摩天大楼薛之谦 (15键).txt,/Users/dong/Desktop/Learn/muios/public/摩天大楼薛之谦 (15键).txt
Always,/Users/dong/Music/15/Always By your Side (15键).txt,/Users/dong/Desktop/Learn/muios/public/Always By your Side (15键).txt
Always,/Users/dong/Music/15/Always.By.your.Side (15键).txt,/Users/dong/Desktop/Learn/muios/public/Always.By.your.Side (15键).txt
China-P,/Users/dong/Music/15/China-P (15键).txt,/Users/dong/Desktop/Learn/muios/public/China-P (15键).txt
朔与亚纪在世界中心呼唤爱插曲,/Users/dong/Music/15/朔与亚纪在世界中心呼唤爱插曲 (15键).txt,/Users/dong/Desktop/Learn/muios/public/朔与亚纪在世界中心呼唤爱插曲 (15键).txt
察觉,/Users/dong/Music/15/察觉 (15键).txt,/Users/dong/Desktop/Learn/muios/public/察觉 (15键).txt
本兮-空虚沸腾,/Users/dong/Music/15/本兮-空虚沸腾 (15键).txt,/Users/dong/Desktop/Learn/muios/public/本兮-空虚沸腾 (15键).txt
如果突然想起我,/Users/dong/Music/15/如果突然想起我 (15键).txt,/Users/dong/Desktop/Learn/muios/public/如果突然想起我 (15键).txt
最天使曾轶可,/Users/dong/Music/15/最天使曾轶可 (15键).txt,/Users/dong/Desktop/Learn/muios/public/最天使曾轶可 (15键).txt
是非题,/Users/dong/Music/15/是非题 (15键).txt,/Users/dong/Desktop/Learn/muios/public/是非题 (15键).txt
98K手碟按键按键!只对按键,/Users/dong/Music/15/98K手碟按键按键！只对按键 (15键).txt,/Users/dong/Desktop/Learn/muios/public/98K手碟按键按键！只对按键 (15键).txt
98K手碟按键按键!只对按键,/Users/dong/Music/15/98K手碟按键按键只对按键 (15键).txt,/Users/dong/Desktop/Learn/muios/public/98K手碟按键按键只对按键 (15键).txt
SomeonesWatching-Over-Me-劲歌飞扬-Raise-Your-Voice,/Users/dong/Music/15/SomeonesWatching-Over-Me-劲歌飞扬-Raise-Your-Voice (15键).txt,/Users/dong/Desktop/Learn/muios/public/SomeonesWatching-Over-Me-劲歌飞扬-Raise-Your-Voice (15键).txt
RightNow-One-Direction,/Users/dong/Music/15/RightNow-One-Direction (15键).txt,/Users/dong/Desktop/Learn/muios/public/RightNow-One-Direction (15键).txt
一条大河(一碗什锦饭,/Users/dong/Music/15/一条大河(一碗什锦饭 (15键).txt,/Users/dong/Desktop/Learn/muios/public/一条大河(一碗什锦饭 (15键).txt
一条大河(一碗什锦饭,/Users/dong/Music/15/一条大河一碗什锦饭 (15键).txt,/Users/dong/Desktop/Learn/muios/public/一条大河一碗什锦饭 (15键).txt
夜的钢琴曲21,/Users/dong/Music/15/夜的钢琴曲21 (15键).txt,/Users/dong/Desktop/Learn/muios/public/夜的钢琴曲21 (15键).txt
SlowHands-Niall-Horan,/Users/dong/Music/15/SlowHands-Niall-Horan (15键).txt,/Users/dong/Desktop/Learn/muios/public/SlowHands-Niall-Horan (15键).txt
无法原谅回家的诱惑片头曲,/Users/dong/Music/15/无法原谅回家的诱惑片头曲 (15键).txt,/Users/dong/Desktop/Learn/muios/public/无法原谅回家的诱惑片头曲 (15键).txt
三国恋,/Users/dong/Music/15/三国恋 (15键).txt,/Users/dong/Desktop/Learn/muios/public/三国恋 (15键).txt
红马,/Users/dong/Music/15/红马 (15键).txt,/Users/dong/Desktop/Learn/muios/public/红马 (15键).txt
omemoretime,/Users/dong/Music/15/omemoretime (15键).txt,/Users/dong/Desktop/Learn/muios/public/omemoretime (15键).txt
这一程情深缘浅夜的钢琴曲-II,/Users/dong/Music/15/这一程情深缘浅夜的钢琴曲-Ⅱ (15键).txt,/Users/dong/Desktop/Learn/muios/public/这一程情深缘浅夜的钢琴曲-Ⅱ (15键).txt
Lifeof-the-Party,/Users/dong/Music/15/Lifeof-the-Party (15键).txt,/Users/dong/Desktop/Learn/muios/public/Lifeof-the-Party (15键).txt
Allof-Me,/Users/dong/Music/15/All.Of.Me (15键).txt,/Users/dong/Desktop/Learn/muios/public/All.Of.Me (15键).txt
One last time,/Users/dong/Music/15/One last time (15键).txt,/Users/dong/Desktop/Learn/muios/public/One last time (15键).txt
One last time,/Users/dong/Music/15/Onelasttime (15键).txt,/Users/dong/Desktop/Learn/muios/public/Onelasttime (15键).txt
月亮代表我的心五线谱简谱对应版,/Users/dong/Music/15/月亮代表我的心五线谱简谱对应版 (15键).txt,/Users/dong/Desktop/Learn/muios/public/月亮代表我的心五线谱简谱对应版 (15键).txt
numb,/Users/dong/Music/15/numb (15键).txt,/Users/dong/Desktop/Learn/muios/public/numb (15键).txt
鲁冰花,/Users/dong/Music/15/鲁冰花 (15键).txt,/Users/dong/Desktop/Learn/muios/public/鲁冰花 (15键).txt
遠い空へ,/Users/dong/Music/15/遠い空へ- (15键).txt,/Users/dong/Desktop/Learn/muios/public/遠い空へ- (15键).txt
遠い空へ,/Users/dong/Music/15/遠い空へ (15键).txt,/Users/dong/Desktop/Learn/muios/public/遠い空へ (15键).txt
狂恋你,/Users/dong/Music/15/狂恋你 (15键).txt,/Users/dong/Desktop/Learn/muios/public/狂恋你 (15键).txt
KnowNo-Better-Major-Lazer,/Users/dong/Music/15/KnowNo-Better-Major-Lazer (15键).txt,/Users/dong/Desktop/Learn/muios/public/KnowNo-Better-Major-Lazer (15键).txt
练习曲21Midi版EOP自学速成班第一季-基础指法篇,/Users/dong/Music/15/练习曲21Midi版EOP自学速成班第一季-基础指法篇 (15键).txt,/Users/dong/Desktop/Learn/muios/public/练习曲21Midi版EOP自学速成班第一季-基础指法篇 (15键).txt
初恋奥华子,/Users/dong/Music/15/初恋奥华子 (15键).txt,/Users/dong/Desktop/Learn/muios/public/初恋奥华子 (15键).txt
清风徐来港囧主题曲,/Users/dong/Music/15/清风徐来港囧主题曲 (15键).txt,/Users/dong/Desktop/Learn/muios/public/清风徐来港囧主题曲 (15键).txt
生死不离,/Users/dong/Music/15/生死不离 (15键).txt,/Users/dong/Desktop/Learn/muios/public/生死不离 (15键).txt
微微,/Users/dong/Music/15/微微 (15键).txt,/Users/dong/Desktop/Learn/muios/public/微微 (15键).txt
崩坏Rubia,/Users/dong/Music/15/崩坏Rubia (15键).txt,/Users/dong/Desktop/Learn/muios/public/崩坏Rubia (15键).txt
刚刚好,/Users/dong/Music/15/刚刚好 (15键).txt,/Users/dong/Desktop/Learn/muios/public/刚刚好 (15键).txt
在家中利什内,/Users/dong/Music/15/在家中利什内 (15键).txt,/Users/dong/Desktop/Learn/muios/public/在家中利什内 (15键).txt
西游记-云宫迅音,/Users/dong/Music/15/西游记-云宫迅音 (15键).txt,/Users/dong/Desktop/Learn/muios/public/西游记-云宫迅音 (15键).txt
MoonlightShadow,/Users/dong/Music/15/MoonlightShadow (15键).txt,/Users/dong/Desktop/Learn/muios/public/MoonlightShadow (15键).txt
我不曾忘记,/Users/dong/Music/15/我不曾忘记 (15键).txt,/Users/dong/Desktop/Learn/muios/public/我不曾忘记 (15键).txt
如果有来生,/Users/dong/Music/15/如果有来生 (15键).txt,/Users/dong/Desktop/Learn/muios/public/如果有来生 (15键).txt
想自由,/Users/dong/Music/15/想自由 (15键).txt,/Users/dong/Desktop/Learn/muios/public/想自由 (15键).txt
五月天-你不是真正的快乐,/Users/dong/Music/15/五月天-你不是真正的快乐 (15键).txt,/Users/dong/Desktop/Learn/muios/public/五月天-你不是真正的快乐 (15键).txt
上弦之月,/Users/dong/Music/15/上弦之月 (15键).txt,/Users/dong/Desktop/Learn/muios/public/上弦之月 (15键).txt
算什么男人PLUS周杰伦歌曲串烧,/Users/dong/Music/15/算什么男人PLUS周杰伦歌曲串烧 (15键).txt,/Users/dong/Desktop/Learn/muios/public/算什么男人PLUS周杰伦歌曲串烧 (15键).txt
算什么男人PLUS周杰伦歌曲串烧,/Users/dong/Music/15/算什么男人PLUS-周杰伦歌曲串烧 (15键).txt,/Users/dong/Desktop/Learn/muios/public/算什么男人PLUS-周杰伦歌曲串烧 (15键).txt
我爱他,/Users/dong/Music/15/我爱他 (15键).txt,/Users/dong/Desktop/Learn/muios/public/我爱他 (15键).txt
悄悄告诉你被偷走的那五年主题曲,/Users/dong/Music/15/悄悄告诉你被偷走的那五年主题曲 (15键).txt,/Users/dong/Desktop/Learn/muios/public/悄悄告诉你被偷走的那五年主题曲 (15键).txt
这一生关于你的风景,/Users/dong/Music/15/这一生关于你的风景。 (15键).txt,/Users/dong/Desktop/Learn/muios/public/这一生关于你的风景。 (15键).txt
这一生关于你的风景,/Users/dong/Music/15/这一生关于你的风景 (15键).txt,/Users/dong/Desktop/Learn/muios/public/这一生关于你的风景 (15键).txt
StayKygo,/Users/dong/Music/15/StayKygo (15键).txt,/Users/dong/Desktop/Learn/muios/public/StayKygo (15键).txt
As long as you love me,/Users/dong/Music/15/As.long.as.you.love.me (15键).txt,/Users/dong/Desktop/Learn/muios/public/As.long.as.you.love.me (15键).txt
As long as you love me,/Users/dong/Music/15/As long as you love me  (15键).txt,/Users/dong/Desktop/Learn/muios/public/As long as you love me  (15键).txt
As long as you love me,/Users/dong/Music/15/Aslongasyouloveme (15键).txt,/Users/dong/Desktop/Learn/muios/public/Aslongasyouloveme (15键).txt
摩天动物园邓紫棋,/Users/dong/Music/15/摩天动物园邓紫棋 (15键).txt,/Users/dong/Desktop/Learn/muios/public/摩天动物园邓紫棋 (15键).txt
生活在别处的你 Another me,/Users/dong/Music/15/生活在别处的你 Another me (15键).txt,/Users/dong/Desktop/Learn/muios/public/生活在别处的你 Another me (15键).txt
生活在别处的你 Another me,/Users/dong/Music/15/生活在别处的你.Another.me (15键).txt,/Users/dong/Desktop/Learn/muios/public/生活在别处的你.Another.me (15键).txt
ダダダダ天使ナナヲアカリ,/Users/dong/Music/15/ダダダダ天使ナナヲアカリ (15键).txt,/Users/dong/Desktop/Learn/muios/public/ダダダダ天使ナナヲアカリ (15键).txt
一般男性脱粪,/Users/dong/Music/15/一般男性脱粪 (15键).txt,/Users/dong/Desktop/Learn/muios/public/一般男性脱粪 (15键).txt
日落大道,/Users/dong/Music/15/日落大道 (15键).txt,/Users/dong/Desktop/Learn/muios/public/日落大道 (15键).txt
葬花吟C调简单版-红楼梦,/Users/dong/Music/15/葬花吟C调简单版-红楼梦 (15键).txt,/Users/dong/Desktop/Learn/muios/public/葬花吟C调简单版-红楼梦 (15键).txt
太阳新,/Users/dong/Music/15/太阳新 (15键).txt,/Users/dong/Desktop/Learn/muios/public/太阳新 (15键).txt
MarryU-Super-Junior,/Users/dong/Music/15/MarryU-Super-Junior (15键).txt,/Users/dong/Desktop/Learn/muios/public/MarryU-Super-Junior (15键).txt
土耳其进行曲(莫扎特),/Users/dong/Music/15/土耳其进行曲(莫扎特) (15键).txt,/Users/dong/Desktop/Learn/muios/public/土耳其进行曲(莫扎特) (15键).txt
终于等到你咱们结婚吧主题曲,/Users/dong/Music/15/终于等到你咱们结婚吧主题曲 (15键).txt,/Users/dong/Desktop/Learn/muios/public/终于等到你咱们结婚吧主题曲 (15键).txt
东方曲*8众神眷恋的幻想乡TheGensoKyotheGods,/Users/dong/Music/15/东方曲*8众神眷恋的幻想乡TheGensoKyotheGods (15键).txt,/Users/dong/Desktop/Learn/muios/public/东方曲*8众神眷恋的幻想乡TheGensoKyotheGods (15键).txt
7Summers-Morgan-Wallen,/Users/dong/Music/15/7Summers-Morgan-Wallen (15键).txt,/Users/dong/Desktop/Learn/muios/public/7Summers-Morgan-Wallen (15键).txt
BlameCalvin-Harris-ft-John-Newman,/Users/dong/Music/15/BlameCalvin-Harris-ft--John-Newman (15键).txt,/Users/dong/Desktop/Learn/muios/public/BlameCalvin-Harris-ft--John-Newman (15键).txt
笑纳,/Users/dong/Music/15/笑纳 (15键).txt,/Users/dong/Desktop/Learn/muios/public/笑纳 (15键).txt
中华墨水娘,/Users/dong/Music/15/中华墨水娘 (15键).txt,/Users/dong/Desktop/Learn/muios/public/中华墨水娘 (15键).txt
灵魂伴侣别那么骄傲片尾曲,/Users/dong/Music/15/灵魂伴侣别那么骄傲片尾曲 (15键).txt,/Users/dong/Desktop/Learn/muios/public/灵魂伴侣别那么骄傲片尾曲 (15键).txt
爱我还是他陶喆,/Users/dong/Music/15/爱我还是他陶喆 (15键).txt,/Users/dong/Desktop/Learn/muios/public/爱我还是他陶喆 (15键).txt
GirlsLike-You,/Users/dong/Music/15/Girls.like.you (15键).txt,/Users/dong/Desktop/Learn/muios/public/Girls.like.you (15键).txt
SoSimple-Alicia-Keys,/Users/dong/Music/15/SoSimple-Alicia-Keys (15键).txt,/Users/dong/Desktop/Learn/muios/public/SoSimple-Alicia-Keys (15键).txt
TheMiddle-Zedd和Maren-Morris和Grey,/Users/dong/Music/15/TheMiddle-Zedd和Maren-Morris和Grey (15键).txt,/Users/dong/Desktop/Learn/muios/public/TheMiddle-Zedd和Maren-Morris和Grey (15键).txt
爱的魔法,/Users/dong/Music/15/爱的魔法 (15键).txt,/Users/dong/Desktop/Learn/muios/public/爱的魔法 (15键).txt
IBelieve-我相信,/Users/dong/Music/15/IBelieve-我相信 (15键).txt,/Users/dong/Desktop/Learn/muios/public/IBelieve-我相信 (15键).txt
star unkind,/Users/dong/Music/15/star.unkind (15键).txt,/Users/dong/Desktop/Learn/muios/public/star.unkind (15键).txt
大家一起喜羊羊,/Users/dong/Music/15/大家一起喜羊羊 (15键).txt,/Users/dong/Desktop/Learn/muios/public/大家一起喜羊羊 (15键).txt
蜂鸟我在北京等你主题曲,/Users/dong/Music/15/蜂鸟我在北京等你主题曲 (15键).txt,/Users/dong/Desktop/Learn/muios/public/蜂鸟我在北京等你主题曲 (15键).txt
前尘如梦洛天依,/Users/dong/Music/15/前尘如梦洛天依 (15键).txt,/Users/dong/Desktop/Learn/muios/public/前尘如梦洛天依 (15键).txt
鼓浪屿之波李光曦,/Users/dong/Music/15/鼓浪屿之波李光曦 (15键).txt,/Users/dong/Desktop/Learn/muios/public/鼓浪屿之波李光曦 (15键).txt
世末歌者,/Users/dong/Music/15/世末歌者 (15键).txt,/Users/dong/Desktop/Learn/muios/public/世末歌者 (15键).txt
世末歌者,/Users/dong/Music/15/《世末歌者》 (15键).txt,/Users/dong/Desktop/Learn/muios/public/《世末歌者》 (15键).txt
Tears岚,/Users/dong/Music/15/Tears岚 (15键).txt,/Users/dong/Desktop/Learn/muios/public/Tears岚 (15键).txt
琵琶行,/Users/dong/Music/15/琵琶行 (15键).txt,/Users/dong/Desktop/Learn/muios/public/琵琶行 (15键).txt
下一秒微微一笑很倾城插曲,/Users/dong/Music/15/下一秒微微一笑很倾城插曲 (15键).txt,/Users/dong/Desktop/Learn/muios/public/下一秒微微一笑很倾城插曲 (15键).txt
甩葱歌,/Users/dong/Music/15/甩葱歌 (15键).txt,/Users/dong/Desktop/Learn/muios/public/甩葱歌 (15键).txt
山行,/Users/dong/Music/15/山行 (15键).txt,/Users/dong/Desktop/Learn/muios/public/山行 (15键).txt
阳炎days触手猴带力度版,/Users/dong/Music/15/阳炎days触手猴带力度版 (15键).txt,/Users/dong/Desktop/Learn/muios/public/阳炎days触手猴带力度版 (15键).txt
promare觉醒,/Users/dong/Music/15/promare觉醒 (15键).txt,/Users/dong/Desktop/Learn/muios/public/promare觉醒 (15键).txt
唯爱画皮主题曲,/Users/dong/Music/15/唯爱画皮主题曲 (15键).txt,/Users/dong/Desktop/Learn/muios/public/唯爱画皮主题曲 (15键).txt
怎么了周兴哲,/Users/dong/Music/15/怎么了周兴哲 (15键).txt,/Users/dong/Desktop/Learn/muios/public/怎么了周兴哲 (15键).txt
魔法少女小圆-connect,/Users/dong/Music/15/魔法少女小圆—connect (15键).txt,/Users/dong/Desktop/Learn/muios/public/魔法少女小圆—connect (15键).txt
ilventod'oro(黄金之风处刑曲),/Users/dong/Music/15/ilventod'oro（黄金之风处刑曲） (15键).txt,/Users/dong/Desktop/Learn/muios/public/ilventod'oro（黄金之风处刑曲） (15键).txt
飞鸥不下,/Users/dong/Music/15/飞鸥不下 (15键).txt,/Users/dong/Desktop/Learn/muios/public/飞鸥不下 (15键).txt
爱染香颂,/Users/dong/Music/15/爱染香颂 (15键).txt,/Users/dong/Desktop/Learn/muios/public/爱染香颂 (15键).txt
流星花火,/Users/dong/Music/15/流星花火 (15键).txt,/Users/dong/Desktop/Learn/muios/public/流星花火 (15键).txt
传说之下undertale决心主题曲,/Users/dong/Music/15/传说之下undertale决心主题曲 (15键).txt,/Users/dong/Desktop/Learn/muios/public/传说之下undertale决心主题曲 (15键).txt
Synchrogazer战姫绝唱,/Users/dong/Music/15/Synchrogazer战姫绝唱 (15键).txt,/Users/dong/Desktop/Learn/muios/public/Synchrogazer战姫绝唱 (15键).txt
我怀念的孙燕姿,/Users/dong/Music/15/我怀念的孙燕姿 (15键).txt,/Users/dong/Desktop/Learn/muios/public/我怀念的孙燕姿 (15键).txt
够爱修改,/Users/dong/Music/15/够爱修改 (15键).txt,/Users/dong/Desktop/Learn/muios/public/够爱修改 (15键).txt
萤火之森,/Users/dong/Music/15/萤火之森 (15键).txt,/Users/dong/Desktop/Learn/muios/public/萤火之森 (15键).txt
デート,/Users/dong/Music/15/デート (15键).txt,/Users/dong/Desktop/Learn/muios/public/デート (15键).txt
浅唱许嵩,/Users/dong/Music/15/浅唱许嵩 (15键).txt,/Users/dong/Desktop/Learn/muios/public/浅唱许嵩 (15键).txt
那些年EOP教学曲-胡夏,/Users/dong/Music/15/那些年EOP教学曲-胡夏 (15键).txt,/Users/dong/Desktop/Learn/muios/public/那些年EOP教学曲-胡夏 (15键).txt
安慰门德尔松,/Users/dong/Music/15/安慰门德尔松 (15键).txt,/Users/dong/Desktop/Learn/muios/public/安慰门德尔松 (15键).txt
BlueGrey-防弹少年团,/Users/dong/Music/15/BlueGrey-防弹少年团 (15键).txt,/Users/dong/Desktop/Learn/muios/public/BlueGrey-防弹少年团 (15键).txt
TheStars-and-Stripes-Forever-John-Philip-Sousa,/Users/dong/Music/15/TheStars-and-Stripes-Forever-John-Philip-Sousa (15键).txt,/Users/dong/Desktop/Learn/muios/public/TheStars-and-Stripes-Forever-John-Philip-Sousa (15键).txt
我太笨,/Users/dong/Music/15/我太笨 (15键).txt,/Users/dong/Desktop/Learn/muios/public/我太笨 (15键).txt
限りなく灰色へ,/Users/dong/Music/15/限りなく灰色へ (15键).txt,/Users/dong/Desktop/Learn/muios/public/限りなく灰色へ (15键).txt
天份弹唱谱-我有点疼但是我还能忍,/Users/dong/Music/15/天份弹唱谱-我有点疼但是我还能忍 (15键).txt,/Users/dong/Desktop/Learn/muios/public/天份弹唱谱-我有点疼但是我还能忍 (15键).txt
野孩子,/Users/dong/Music/15/野孩子 (15键).txt,/Users/dong/Desktop/Learn/muios/public/野孩子 (15键).txt
野孩子,/Users/dong/Music/15/野孩子  by小社 (15键).txt,/Users/dong/Desktop/Learn/muios/public/野孩子  by小社 (15键).txt
一吻天荒,/Users/dong/Music/15/一吻天荒 (15键).txt,/Users/dong/Desktop/Learn/muios/public/一吻天荒 (15键).txt
Kaikai Kitan,/Users/dong/Music/15/Kaikai_Kitan_ (15键).txt,/Users/dong/Desktop/Learn/muios/public/Kaikai_Kitan_ (15键).txt
Kaikai Kitan,/Users/dong/Music/15/Kaikai.Kitan (15键).txt,/Users/dong/Desktop/Learn/muios/public/Kaikai.Kitan (15键).txt
很好孙燕姿,/Users/dong/Music/15/很好孙燕姿 (15键).txt,/Users/dong/Desktop/Learn/muios/public/很好孙燕姿 (15键).txt
像鱼,/Users/dong/Music/15/像鱼 (15键).txt,/Users/dong/Desktop/Learn/muios/public/像鱼 (15键).txt
新年好英国民谣,/Users/dong/Music/15/新年好英国民谣 (15键).txt,/Users/dong/Desktop/Learn/muios/public/新年好英国民谣 (15键).txt
隔壁泰山我是隔壁的泰山抓住爱情的藤蔓,/Users/dong/Music/15/隔壁泰山我是隔壁的泰山抓住爱情的藤蔓 (15键).txt,/Users/dong/Desktop/Learn/muios/public/隔壁泰山我是隔壁的泰山抓住爱情的藤蔓 (15键).txt
UT,/Users/dong/Music/15/UT (15键).txt,/Users/dong/Desktop/Learn/muios/public/UT (15键).txt
BigBig-World,/Users/dong/Music/15/bigbigworld (15键).txt,/Users/dong/Desktop/Learn/muios/public/bigbigworld (15键).txt
BigBig-World,/Users/dong/Music/15/Big Big World (15键).txt,/Users/dong/Desktop/Learn/muios/public/Big Big World (15键).txt
Spring Day,/Users/dong/Music/15/Spring.Day (15键).txt,/Users/dong/Desktop/Learn/muios/public/Spring.Day (15键).txt
Spring Day,/Users/dong/Music/15/springday (15键).txt,/Users/dong/Desktop/Learn/muios/public/springday (15键).txt
撒野慢谱,/Users/dong/Music/15/撒野慢谱 (15键).txt,/Users/dong/Desktop/Learn/muios/public/撒野慢谱 (15键).txt
是想你的声音啊,/Users/dong/Music/15/是想你的声音啊 (15键).txt,/Users/dong/Desktop/Learn/muios/public/是想你的声音啊 (15键).txt
嘘月,/Users/dong/Music/15/嘘月 (15键).txt,/Users/dong/Desktop/Learn/muios/public/嘘月 (15键).txt
MemoryCats插曲,/Users/dong/Music/15/MemoryCats插曲 (15键).txt,/Users/dong/Desktop/Learn/muios/public/MemoryCats插曲 (15键).txt
thespectre(光遇),/Users/dong/Music/15/thespectre（光遇） (15键).txt,/Users/dong/Desktop/Learn/muios/public/thespectre（光遇） (15键).txt
想唱就唱张含韵,/Users/dong/Music/15/想唱就唱张含韵 (15键).txt,/Users/dong/Desktop/Learn/muios/public/想唱就唱张含韵 (15键).txt
空空如也胡66,/Users/dong/Music/15/空空如也胡66 (15键).txt,/Users/dong/Desktop/Learn/muios/public/空空如也胡66 (15键).txt
So Far Away,/Users/dong/Music/15/So.Far.Away (15键).txt,/Users/dong/Desktop/Learn/muios/public/So.Far.Away (15键).txt
So Far Away,/Users/dong/Music/15/So far away (15键).txt,/Users/dong/Desktop/Learn/muios/public/So far away (15键).txt
So Far Away,/Users/dong/Music/15/Sofaraway (15键).txt,/Users/dong/Desktop/Learn/muios/public/Sofaraway (15键).txt
NoIdea-Don-Toliver,/Users/dong/Music/15/NoIdea-Don-Toliver (15键).txt,/Users/dong/Desktop/Learn/muios/public/NoIdea-Don-Toliver (15键).txt
Senorita,/Users/dong/Music/15/Senorita (15键).txt,/Users/dong/Desktop/Learn/muios/public/Senorita (15键).txt
回忆的沙漏,/Users/dong/Music/15/回忆的沙漏 (15键).txt,/Users/dong/Desktop/Learn/muios/public/回忆的沙漏 (15键).txt
致青春弹唱谱,/Users/dong/Music/15/致青春弹唱谱 (15键).txt,/Users/dong/Desktop/Learn/muios/public/致青春弹唱谱 (15键).txt
练习曲26Midi版EOP自学速成班第二季-孩子们的拜厄-上,/Users/dong/Music/15/练习曲26Midi版EOP自学速成班第二季-孩子们的拜厄-上- (15键).txt,/Users/dong/Desktop/Learn/muios/public/练习曲26Midi版EOP自学速成班第二季-孩子们的拜厄-上- (15键).txt
不要说话,/Users/dong/Music/15/不要说话 (15键).txt,/Users/dong/Desktop/Learn/muios/public/不要说话 (15键).txt
可爱的朋友,/Users/dong/Music/15/可爱的朋友 (15键).txt,/Users/dong/Desktop/Learn/muios/public/可爱的朋友 (15键).txt
我是一只鱼,/Users/dong/Music/15/我是一只鱼 (15键).txt,/Users/dong/Desktop/Learn/muios/public/我是一只鱼 (15键).txt
Liyue 璃月-Absolon,/Users/dong/Music/15/Liyue 璃月—Absolon (15键).txt,/Users/dong/Desktop/Learn/muios/public/Liyue 璃月—Absolon (15键).txt
Liyue 璃月-Absolon,/Users/dong/Music/15/Liyue.璃月—Absolon (15键).txt,/Users/dong/Desktop/Learn/muios/public/Liyue.璃月—Absolon (15键).txt
问风,/Users/dong/Music/15/问风 (15键).txt,/Users/dong/Desktop/Learn/muios/public/问风 (15键).txt
地平线,/Users/dong/Music/15/地平线 (15键).txt,/Users/dong/Desktop/Learn/muios/public/地平线 (15键).txt
红蓝黄 真新镇 Pallet Town,/Users/dong/Music/15/红蓝黄 真新镇 Pallet Town (15键).txt,/Users/dong/Desktop/Learn/muios/public/红蓝黄 真新镇 Pallet Town (15键).txt
红蓝黄 真新镇 Pallet Town,/Users/dong/Music/15/红蓝黄.真新镇.Pallet.Town (15键).txt,/Users/dong/Desktop/Learn/muios/public/红蓝黄.真新镇.Pallet.Town (15键).txt
赤伶,/Users/dong/Music/15/赤伶 (15键).txt,/Users/dong/Desktop/Learn/muios/public/赤伶 (15键).txt
OutWest-JackBoys,/Users/dong/Music/15/OutWest-JackBoys (15键).txt,/Users/dong/Desktop/Learn/muios/public/OutWest-JackBoys (15键).txt
BattleScars-Guy-Sebastian-ft-Lupe-Fiasco,/Users/dong/Music/15/BattleScars-Guy-Sebastian-ft--Lupe-Fiasco (15键).txt,/Users/dong/Desktop/Learn/muios/public/BattleScars-Guy-Sebastian-ft--Lupe-Fiasco (15键).txt
LetMe-Love-You-Like-A-Woman-Lana-Del-Rey,/Users/dong/Music/15/LetMe-Love-You-Like-A-Woman-Lana-Del-Rey (15键).txt,/Users/dong/Desktop/Learn/muios/public/LetMe-Love-You-Like-A-Woman-Lana-Del-Rey (15键).txt
前しか向かねえAKB48,/Users/dong/Music/15/前しか向かねえAKB48 (15键).txt,/Users/dong/Desktop/Learn/muios/public/前しか向かねえAKB48 (15键).txt
绅士,/Users/dong/Music/15/绅士 (15键).txt,/Users/dong/Desktop/Learn/muios/public/绅士 (15键).txt
Fade (未完成版),/Users/dong/Music/15/Fade.（未完成版） (15键).txt,/Users/dong/Desktop/Learn/muios/public/Fade.（未完成版） (15键).txt
婚约战争,/Users/dong/Music/15/婚约战争 (15键).txt,/Users/dong/Desktop/Learn/muios/public/婚约战争 (15键).txt
RIVERAKB48,/Users/dong/Music/15/RIVERAKB48 (15键).txt,/Users/dong/Desktop/Learn/muios/public/RIVERAKB48 (15键).txt
7%小段,/Users/dong/Music/15/7%小段 (15键).txt,/Users/dong/Desktop/Learn/muios/public/7%小段 (15键).txt
熊猫京京片尾曲,/Users/dong/Music/15/熊猫京京片尾曲 (15键).txt,/Users/dong/Desktop/Learn/muios/public/熊猫京京片尾曲 (15键).txt
AutumnJuly,/Users/dong/Music/15/AutumnJuly (15键).txt,/Users/dong/Desktop/Learn/muios/public/AutumnJuly (15键).txt
Колыбельная(俄罗斯摇篮曲),/Users/dong/Music/15/Колыбельная（俄罗斯摇篮曲） (15键).txt,/Users/dong/Desktop/Learn/muios/public/Колыбельная（俄罗斯摇篮曲） (15键).txt
Колыбельная(俄罗斯摇篮曲),/Users/dong/Music/15/Колыбельная俄罗斯摇篮曲 (15键).txt,/Users/dong/Desktop/Learn/muios/public/Колыбельная俄罗斯摇篮曲 (15键).txt
只要有你少年包青天片尾曲,/Users/dong/Music/15/只要有你少年包青天片尾曲 (15键).txt,/Users/dong/Desktop/Learn/muios/public/只要有你少年包青天片尾曲 (15键).txt
下坠汪峰,/Users/dong/Music/15/下坠汪峰 (15键).txt,/Users/dong/Desktop/Learn/muios/public/下坠汪峰 (15键).txt
失恋阵线联盟失恋不怪他阵线联盟-她开着邻居家的Toyota追着日落,/Users/dong/Music/15/失恋阵线联盟失恋不怪他阵线联盟-她开着邻居家的Toyota追着日落 (15键).txt,/Users/dong/Desktop/Learn/muios/public/失恋阵线联盟失恋不怪他阵线联盟-她开着邻居家的Toyota追着日落 (15键).txt
4分钟串烧,/Users/dong/Music/15/4分钟串烧 (15键).txt,/Users/dong/Desktop/Learn/muios/public/4分钟串烧 (15键).txt
老男孩 2,/Users/dong/Music/15/老男孩 2 (15键).txt,/Users/dong/Desktop/Learn/muios/public/老男孩 2 (15键).txt
老男孩 2,/Users/dong/Music/15/老男孩 (2) (15键).txt,/Users/dong/Desktop/Learn/muios/public/老男孩 (2) (15键).txt
一纸流年,/Users/dong/Music/15/一纸流年 (15键).txt,/Users/dong/Desktop/Learn/muios/public/一纸流年 (15键).txt
相见在明天,/Users/dong/Music/15/相见在明天 (15键).txt,/Users/dong/Desktop/Learn/muios/public/相见在明天 (15键).txt
SoloDemi-Lovato,/Users/dong/Music/15/SoloDemi-Lovato (15键).txt,/Users/dong/Desktop/Learn/muios/public/SoloDemi-Lovato (15键).txt
SmoothSantana-Rob-Thomas,/Users/dong/Music/15/SmoothSantana---Rob-Thomas (15键).txt,/Users/dong/Desktop/Learn/muios/public/SmoothSantana---Rob-Thomas (15键).txt
印尼神曲,/Users/dong/Music/15/印尼神曲 (15键).txt,/Users/dong/Desktop/Learn/muios/public/印尼神曲 (15键).txt
平凡之路【,/Users/dong/Music/15/平凡之路 (15键).txt,/Users/dong/Desktop/Learn/muios/public/平凡之路 (15键).txt
若能绽放光芒,/Users/dong/Music/15/若能绽放光芒 (15键).txt,/Users/dong/Desktop/Learn/muios/public/若能绽放光芒 (15键).txt
随风而逝剑灵50级主题曲中文版,/Users/dong/Music/15/随风而逝剑灵50级主题曲中文版 (15键).txt,/Users/dong/Desktop/Learn/muios/public/随风而逝剑灵50级主题曲中文版 (15键).txt
谢谢你的爱,/Users/dong/Music/15/谢谢你的爱 (15键).txt,/Users/dong/Desktop/Learn/muios/public/谢谢你的爱 (15键).txt
遗失的乐园,/Users/dong/Music/15/遗失的乐园 (15键).txt,/Users/dong/Desktop/Learn/muios/public/遗失的乐园 (15键).txt
BlankSpace,/Users/dong/Music/15/BlankSpace (15键).txt,/Users/dong/Desktop/Learn/muios/public/BlankSpace (15键).txt
BlankSpace,/Users/dong/Music/15/Blank Space  (15键).txt,/Users/dong/Desktop/Learn/muios/public/Blank Space  (15键).txt
BlankSpace,/Users/dong/Music/15/Blank space (15键).txt,/Users/dong/Desktop/Learn/muios/public/Blank space (15键).txt
BlankSpace,/Users/dong/Music/15/Blank.Space (15键).txt,/Users/dong/Desktop/Learn/muios/public/Blank.Space (15键).txt
光遇雨林,/Users/dong/Music/15/光遇雨林 (15键).txt,/Users/dong/Desktop/Learn/muios/public/光遇雨林 (15键).txt
光遇雨林,/Users/dong/Music/15/光遇-雨林 (15键).txt,/Users/dong/Desktop/Learn/muios/public/光遇-雨林 (15键).txt
不染香蜜沉沉烬如霜主题曲,/Users/dong/Music/15/不染香蜜沉沉烬如霜主题曲 (15键).txt,/Users/dong/Desktop/Learn/muios/public/不染香蜜沉沉烬如霜主题曲 (15键).txt
超级马里奥,/Users/dong/Music/15/超级马里奥 (15键).txt,/Users/dong/Desktop/Learn/muios/public/超级马里奥 (15键).txt
Rise,/Users/dong/Music/15/Rise (15键).txt,/Users/dong/Desktop/Learn/muios/public/Rise (15键).txt
热情奏鸣曲第3乐章第23钢琴奏鸣曲-贝多芬,/Users/dong/Music/15/热情奏鸣曲第3乐章第23钢琴奏鸣曲-贝多芬 (15键).txt,/Users/dong/Desktop/Learn/muios/public/热情奏鸣曲第3乐章第23钢琴奏鸣曲-贝多芬 (15键).txt
RockstarA-Great-Big-World,/Users/dong/Music/15/RockstarA-Great-Big-World (15键).txt,/Users/dong/Desktop/Learn/muios/public/RockstarA-Great-Big-World (15键).txt
原神鹤观,/Users/dong/Music/15/原神鹤观 (15键).txt,/Users/dong/Desktop/Learn/muios/public/原神鹤观 (15键).txt
会不会【修改版】,/Users/dong/Music/15/会不会【修改版】 (15键).txt,/Users/dong/Desktop/Learn/muios/public/会不会【修改版】 (15键).txt
海洋之歌Lechantdelamer,/Users/dong/Music/15/海洋之歌Lechantdelamer (15键).txt,/Users/dong/Desktop/Learn/muios/public/海洋之歌Lechantdelamer (15键).txt
小步舞曲1-Minuet-1,/Users/dong/Music/15/小步舞曲1-Minuet-1 (15键).txt,/Users/dong/Desktop/Learn/muios/public/小步舞曲1-Minuet-1 (15键).txt
One Day (Hare Je Remix),/Users/dong/Music/15/One Day (Hare Je Remix) (15键).txt,/Users/dong/Desktop/Learn/muios/public/One Day (Hare Je Remix) (15键).txt
陌上花开,/Users/dong/Music/15/陌上花开 (15键).txt,/Users/dong/Desktop/Learn/muios/public/陌上花开 (15键).txt
Treasury from North Land,/Users/dong/Music/15/Treasury.from.North.Land (15键).txt,/Users/dong/Desktop/Learn/muios/public/Treasury.from.North.Land (15键).txt
假面骑士black rx主题曲音符,/Users/dong/Music/15/假面骑士black rx主题曲音符 (15键).txt,/Users/dong/Desktop/Learn/muios/public/假面骑士black rx主题曲音符 (15键).txt
My Dearest,/Users/dong/Music/15/My.Dearest (15键).txt,/Users/dong/Desktop/Learn/muios/public/My.Dearest (15键).txt
My Dearest,/Users/dong/Music/15/MyDearest (15键).txt,/Users/dong/Desktop/Learn/muios/public/MyDearest (15键).txt
Runningwith-the-Wolves-Aurora,/Users/dong/Music/15/Runningwith-the-Wolves-Aurora (15键).txt,/Users/dong/Desktop/Learn/muios/public/Runningwith-the-Wolves-Aurora (15键).txt
芒种适配版,/Users/dong/Music/15/芒种适配版 (15键).txt,/Users/dong/Desktop/Learn/muios/public/芒种适配版 (15键).txt
Flower Dance,/Users/dong/Music/15/Flower Dance (15键).txt,/Users/dong/Desktop/Learn/muios/public/Flower Dance (15键).txt
Flower Dance,/Users/dong/Music/15/Flower.Dance (15键).txt,/Users/dong/Desktop/Learn/muios/public/Flower.Dance (15键).txt
Flower Dance,/Users/dong/Music/15/Flower_Dance (15键).txt,/Users/dong/Desktop/Learn/muios/public/Flower_Dance (15键).txt
ThroughDarkness-Approaching-Nirvana,/Users/dong/Music/15/ThroughDarkness-Approaching-Nirvana (15键).txt,/Users/dong/Desktop/Learn/muios/public/ThroughDarkness-Approaching-Nirvana (15键).txt
梦想季主题曲,/Users/dong/Music/15/梦想季主题曲 (15键).txt,/Users/dong/Desktop/Learn/muios/public/梦想季主题曲 (15键).txt
十面埋伏,/Users/dong/Music/15/十面埋伏 (15键).txt,/Users/dong/Desktop/Learn/muios/public/十面埋伏 (15键).txt
原神主题曲,/Users/dong/Music/15/原神-主题曲 (15键).txt,/Users/dong/Desktop/Learn/muios/public/原神-主题曲 (15键).txt
向日葵〖自己做的〗,/Users/dong/Music/15/向日葵〖自己做的〗 (15键).txt,/Users/dong/Desktop/Learn/muios/public/向日葵〖自己做的〗 (15键).txt
醉太平,/Users/dong/Music/15/醉太平 (15键).txt,/Users/dong/Desktop/Learn/muios/public/醉太平 (15键).txt
烟火人间,/Users/dong/Music/15/烟火人间 (15键).txt,/Users/dong/Desktop/Learn/muios/public/烟火人间 (15键).txt
死了都要爱,/Users/dong/Music/15/死了都要爱 (15键).txt,/Users/dong/Desktop/Learn/muios/public/死了都要爱 (15键).txt
等一场大雨C调简单版-等一场大雨下个痛快冲掉一切再重来,/Users/dong/Music/15/等一场大雨C调简单版-等一场大雨下个痛快冲掉一切再重来 (15键).txt,/Users/dong/Desktop/Learn/muios/public/等一场大雨C调简单版-等一场大雨下个痛快冲掉一切再重来 (15键).txt
hymn for the weekend,/Users/dong/Music/15/hymn.for.the.weekend (15键).txt,/Users/dong/Desktop/Learn/muios/public/hymn.for.the.weekend (15键).txt
hymn for the weekend,/Users/dong/Music/15/HymnfortheWeekend (15键).txt,/Users/dong/Desktop/Learn/muios/public/HymnfortheWeekend (15键).txt
hymn for the weekend,/Users/dong/Music/15/Hymnfor-the-Weekend (15键).txt,/Users/dong/Desktop/Learn/muios/public/Hymnfor-the-Weekend (15键).txt
hymn for the weekend,/Users/dong/Music/15/Hymn for the Weekend (15键).txt,/Users/dong/Desktop/Learn/muios/public/Hymn for the Weekend (15键).txt
艾斯奥特曼ウルトラマンエース,/Users/dong/Music/15/艾斯奥特曼ウルトラマンエース (15键).txt,/Users/dong/Desktop/Learn/muios/public/艾斯奥特曼ウルトラマンエース (15键).txt
万人非你河图,/Users/dong/Music/15/万人非你河图 (15键).txt,/Users/dong/Desktop/Learn/muios/public/万人非你河图 (15键).txt
嘎俄丽泰哈萨克民歌,/Users/dong/Music/15/嘎俄丽泰哈萨克民歌 (15键).txt,/Users/dong/Desktop/Learn/muios/public/嘎俄丽泰哈萨克民歌 (15键).txt
全名,/Users/dong/Music/15/全名 (15键).txt,/Users/dong/Desktop/Learn/muios/public/全名 (15键).txt
海德薇变奏曲,/Users/dong/Music/15/海德薇变奏曲 (15键).txt,/Users/dong/Desktop/Learn/muios/public/海德薇变奏曲 (15键).txt
天天看到你C调简单版-阿杜,/Users/dong/Music/15/天天看到你C调简单版-阿杜 (15键).txt,/Users/dong/Desktop/Learn/muios/public/天天看到你C调简单版-阿杜 (15键).txt
we are the world,/Users/dong/Music/15/we are the world (15键).txt,/Users/dong/Desktop/Learn/muios/public/we are the world (15键).txt
we are the world,/Users/dong/Music/15/we.are.the.world (15键).txt,/Users/dong/Desktop/Learn/muios/public/we.are.the.world (15键).txt
法国儿歌贝尔,/Users/dong/Music/15/法国儿歌贝尔 (15键).txt,/Users/dong/Desktop/Learn/muios/public/法国儿歌贝尔 (15键).txt
东方红,/Users/dong/Music/15/东方红 (15键).txt,/Users/dong/Desktop/Learn/muios/public/东方红 (15键).txt
Rain on Me,/Users/dong/Music/15/Rain on Me (15键).txt,/Users/dong/Desktop/Learn/muios/public/Rain on Me (15键).txt
Rain on Me,/Users/dong/Music/15/RainonMe (15键).txt,/Users/dong/Desktop/Learn/muios/public/RainonMe (15键).txt
米津玄师-海之幽灵,/Users/dong/Music/15/米津玄师-海之幽灵 (15键).txt,/Users/dong/Desktop/Learn/muios/public/米津玄师-海之幽灵 (15键).txt
MigraineTwenty-One-Pilots,/Users/dong/Music/15/MigraineTwenty-One-Pilots (15键).txt,/Users/dong/Desktop/Learn/muios/public/MigraineTwenty-One-Pilots (15键).txt
安妮的仙境,/Users/dong/Music/15/安妮的仙境 (15键).txt,/Users/dong/Desktop/Learn/muios/public/安妮的仙境 (15键).txt
小猪佩奇身上纹¥,/Users/dong/Music/15/小猪佩奇身上纹¥ (15键).txt,/Users/dong/Desktop/Learn/muios/public/小猪佩奇身上纹¥ (15键).txt
蓝莲花C调简单版-动人旋律引发无数人共鸣,/Users/dong/Music/15/蓝莲花C调简单版-动人旋律引发无数人共鸣 (15键).txt,/Users/dong/Desktop/Learn/muios/public/蓝莲花C调简单版-动人旋律引发无数人共鸣 (15键).txt
书记舞,/Users/dong/Music/15/书记舞 (15键).txt,/Users/dong/Desktop/Learn/muios/public/书记舞 (15键).txt
PartyGirl-StaySolidRocky,/Users/dong/Music/15/PartyGirl-StaySolidRocky (15键).txt,/Users/dong/Desktop/Learn/muios/public/PartyGirl-StaySolidRocky (15键).txt
发个库存证明我还活着,/Users/dong/Music/15/发个库存证明我还活着 (15键).txt,/Users/dong/Desktop/Learn/muios/public/发个库存证明我还活着 (15键).txt
梦时々-触手猴,/Users/dong/Music/15/梦时々-触手猴 (15键).txt,/Users/dong/Desktop/Learn/muios/public/梦时々-触手猴 (15键).txt
赐我(一只白羊),/Users/dong/Music/15/赐我（一只白羊） (15键).txt,/Users/dong/Desktop/Learn/muios/public/赐我（一只白羊） (15键).txt
红鼻子驯鹿鲁道夫,/Users/dong/Music/15/红鼻子驯鹿鲁道夫 (15键).txt,/Users/dong/Desktop/Learn/muios/public/红鼻子驯鹿鲁道夫 (15键).txt
TellYour-World-初音ミク,/Users/dong/Music/15/TellYour-World-初音ミク (15键).txt,/Users/dong/Desktop/Learn/muios/public/TellYour-World-初音ミク (15键).txt
贝多芬病毒,/Users/dong/Music/15/贝多芬病毒 (15键).txt,/Users/dong/Desktop/Learn/muios/public/贝多芬病毒 (15键).txt
忧伤的步美,/Users/dong/Music/15/忧伤的步美 (15键).txt,/Users/dong/Desktop/Learn/muios/public/忧伤的步美 (15键).txt
原神艾尔海森角色演示思而后行,/Users/dong/Music/15/原神艾尔海森角色演示思而后行 (15键).txt,/Users/dong/Desktop/Learn/muios/public/原神艾尔海森角色演示思而后行 (15键).txt
如果我们不曾相遇,/Users/dong/Music/15/如果我们不曾相遇 (15键).txt,/Users/dong/Desktop/Learn/muios/public/如果我们不曾相遇 (15键).txt
造梦,/Users/dong/Music/15/造梦 (15键).txt,/Users/dong/Desktop/Learn/muios/public/造梦 (15键).txt
夜的钢琴曲16-石进,/Users/dong/Music/15/夜的钢琴曲16-石进 (15键).txt,/Users/dong/Desktop/Learn/muios/public/夜的钢琴曲16-石进 (15键).txt
还是分开何以解忧,/Users/dong/Music/15/《还是分开》何以解忧 (15键).txt,/Users/dong/Desktop/Learn/muios/public/《还是分开》何以解忧 (15键).txt
暗示分离,/Users/dong/Music/15/暗示分离 (15键).txt,/Users/dong/Desktop/Learn/muios/public/暗示分离 (15键).txt
我爱她,/Users/dong/Music/15/我爱她 (15键).txt,/Users/dong/Desktop/Learn/muios/public/我爱她 (15键).txt
这世界那么多人,/Users/dong/Music/15/这世界那么多人 (15键).txt,/Users/dong/Desktop/Learn/muios/public/这世界那么多人 (15键).txt
動く動く,/Users/dong/Music/15/動く動く (15键).txt,/Users/dong/Desktop/Learn/muios/public/動く動く (15键).txt
crossing field,/Users/dong/Music/15/crossing.field (15键).txt,/Users/dong/Desktop/Learn/muios/public/crossing.field (15键).txt
crossing field,/Users/dong/Music/15/crossing field (15键).txt,/Users/dong/Desktop/Learn/muios/public/crossing field (15键).txt
crossing field,/Users/dong/Music/15/crossingfield (15键).txt,/Users/dong/Desktop/Learn/muios/public/crossingfield (15键).txt
十六年神雕侠侣插曲,/Users/dong/Music/15/十六年神雕侠侣插曲 (15键).txt,/Users/dong/Desktop/Learn/muios/public/十六年神雕侠侣插曲 (15键).txt
好大一棵树,/Users/dong/Music/15/好大一棵树 (15键).txt,/Users/dong/Desktop/Learn/muios/public/好大一棵树 (15键).txt
SkyHigh-星之卡比DX,/Users/dong/Music/15/SkyHigh--星之卡比DX- (15键).txt,/Users/dong/Desktop/Learn/muios/public/SkyHigh--星之卡比DX- (15键).txt
FelicityIsaac-Shepard,/Users/dong/Music/15/FelicityIsaac-Shepard (15键).txt,/Users/dong/Desktop/Learn/muios/public/FelicityIsaac-Shepard (15键).txt
LoveIsGone,/Users/dong/Music/15/LoveIsGone (15键).txt,/Users/dong/Desktop/Learn/muios/public/LoveIsGone (15键).txt
LoveIsGone,/Users/dong/Music/15/Love.Is.Gone (15键).txt,/Users/dong/Desktop/Learn/muios/public/Love.Is.Gone (15键).txt
EnergyFlow-坂本龙一,/Users/dong/Music/15/EnergyFlow-坂本龙一 (15键).txt,/Users/dong/Desktop/Learn/muios/public/EnergyFlow-坂本龙一 (15键).txt
ControllaDrake,/Users/dong/Music/15/ControllaDrake (15键).txt,/Users/dong/Desktop/Learn/muios/public/ControllaDrake (15键).txt
贝加尔湖畔,/Users/dong/Music/15/贝加尔湖畔 (15键).txt,/Users/dong/Desktop/Learn/muios/public/贝加尔湖畔 (15键).txt
暗香,/Users/dong/Music/15/暗香 (15键).txt,/Users/dong/Desktop/Learn/muios/public/暗香 (15键).txt
画风,/Users/dong/Music/15/画风 (15键).txt,/Users/dong/Desktop/Learn/muios/public/画风 (15键).txt
临安初雨,/Users/dong/Music/15/临安初雨 (15键).txt,/Users/dong/Desktop/Learn/muios/public/临安初雨 (15键).txt
小蓝背心好一点,/Users/dong/Music/15/小蓝背心好一点 (15键).txt,/Users/dong/Desktop/Learn/muios/public/小蓝背心好一点 (15键).txt
AllTime-Low-Jon-Bellion,/Users/dong/Music/15/AllTime-Low-Jon-Bellion (15键).txt,/Users/dong/Desktop/Learn/muios/public/AllTime-Low-Jon-Bellion (15键).txt
Johnny boysantino,/Users/dong/Music/15/Johnny.boysantino (15键).txt,/Users/dong/Desktop/Learn/muios/public/Johnny.boysantino (15键).txt
爱你不是两三天简单版-梁静茹,/Users/dong/Music/15/爱你不是两三天简单版-梁静茹 (15键).txt,/Users/dong/Desktop/Learn/muios/public/爱你不是两三天简单版-梁静茹 (15键).txt
香水百合张韶涵,/Users/dong/Music/15/香水百合张韶涵 (15键).txt,/Users/dong/Desktop/Learn/muios/public/香水百合张韶涵 (15键).txt
翼をください一首简单的日本民歌,/Users/dong/Music/15/翼をください一首简单的日本民歌 (15键).txt,/Users/dong/Desktop/Learn/muios/public/翼をください一首简单的日本民歌 (15键).txt
翼をください一首简单的日本民歌,/Users/dong/Music/15/翼をください(一首简单的日本民歌 (15键).txt,/Users/dong/Desktop/Learn/muios/public/翼をください(一首简单的日本民歌 (15键).txt
吹梦到西洲被天使吻过的嗓音让人怦然心动,/Users/dong/Music/15/吹梦到西洲被天使吻过的嗓音让人怦然心动 (15键).txt,/Users/dong/Desktop/Learn/muios/public/吹梦到西洲被天使吻过的嗓音让人怦然心动 (15键).txt
失眠周思涵,/Users/dong/Music/15/失眠周思涵 (15键).txt,/Users/dong/Desktop/Learn/muios/public/失眠周思涵 (15键).txt
彼女は旅に出る,/Users/dong/Music/15/彼女は旅に出る (15键).txt,/Users/dong/Desktop/Learn/muios/public/彼女は旅に出る (15键).txt
Renai Circulation恋爱循环,/Users/dong/Music/15/Renai.Circulation恋爱循环 (15键).txt,/Users/dong/Desktop/Learn/muios/public/Renai.Circulation恋爱循环 (15键).txt
onmyway,/Users/dong/Music/15/onmyway (15键).txt,/Users/dong/Desktop/Learn/muios/public/onmyway (15键).txt
Miku,/Users/dong/Music/15/Miku (15键).txt,/Users/dong/Desktop/Learn/muios/public/Miku (15键).txt
音苑汤普森现代钢琴第一册,/Users/dong/Music/15/音苑汤普森现代钢琴第一册 (15键).txt,/Users/dong/Desktop/Learn/muios/public/音苑汤普森现代钢琴第一册 (15键).txt
世界多美丽邓丽君版,/Users/dong/Music/15/世界多美丽邓丽君版 (15键).txt,/Users/dong/Desktop/Learn/muios/public/世界多美丽邓丽君版 (15键).txt
呐呐呐,/Users/dong/Music/15/呐呐呐 (15键).txt,/Users/dong/Desktop/Learn/muios/public/呐呐呐 (15键).txt
呐呐呐,/Users/dong/Music/15/呐呐呐。BY-Micles (15键).txt,/Users/dong/Desktop/Learn/muios/public/呐呐呐。BY-Micles (15键).txt
告五人-唯一,/Users/dong/Music/15/告五人-唯一 (15键).txt,/Users/dong/Desktop/Learn/muios/public/告五人-唯一 (15键).txt
飞雪玉花,/Users/dong/Music/15/《飞雪玉花》 (15键).txt,/Users/dong/Desktop/Learn/muios/public/《飞雪玉花》 (15键).txt
sei情整オルガンのカデンツ,/Users/dong/Music/15/sei情整オルガンのカデンツ (15键).txt,/Users/dong/Desktop/Learn/muios/public/sei情整オルガンのカデンツ (15键).txt
予君书,/Users/dong/Music/15/予君书 (15键).txt,/Users/dong/Desktop/Learn/muios/public/予君书 (15键).txt
Therefor-You,/Users/dong/Music/15/There.For.You (15键).txt,/Users/dong/Desktop/Learn/muios/public/There.For.You (15键).txt
蓝色降落伞周深,/Users/dong/Music/15/蓝色降落伞周深 (15键).txt,/Users/dong/Desktop/Learn/muios/public/蓝色降落伞周深 (15键).txt
发誓搜神传,/Users/dong/Music/15/发誓搜神传 (15键).txt,/Users/dong/Desktop/Learn/muios/public/发誓搜神传 (15键).txt
三清序,/Users/dong/Music/15/三清序 (15键).txt,/Users/dong/Desktop/Learn/muios/public/三清序 (15键).txt
一切还好陈奕迅,/Users/dong/Music/15/一切还好陈奕迅 (15键).txt,/Users/dong/Desktop/Learn/muios/public/一切还好陈奕迅 (15键).txt
冰雪奇缘(烛子),/Users/dong/Music/15/冰雪奇缘（烛子） (15键).txt,/Users/dong/Desktop/Learn/muios/public/冰雪奇缘（烛子） (15键).txt
Rainbow Girl,/Users/dong/Music/15/Rainbow.Girl (15键).txt,/Users/dong/Desktop/Learn/muios/public/Rainbow.Girl (15键).txt
love-home,/Users/dong/Music/15/love-home (15键).txt,/Users/dong/Desktop/Learn/muios/public/love-home (15键).txt
love-home,/Users/dong/Music/15/love.home (15键).txt,/Users/dong/Desktop/Learn/muios/public/love.home (15键).txt
虹之间,/Users/dong/Music/15/虹之间 (15键).txt,/Users/dong/Desktop/Learn/muios/public/虹之间 (15键).txt
TrainwreckDemi-Lovato,/Users/dong/Music/15/TrainwreckDemi-Lovato (15键).txt,/Users/dong/Desktop/Learn/muios/public/TrainwreckDemi-Lovato (15键).txt
Sign mkf,/Users/dong/Music/15/Sign.mkf (15键).txt,/Users/dong/Desktop/Learn/muios/public/Sign.mkf (15键).txt
直到世界尽头,/Users/dong/Music/15/直到世界尽头 (15键).txt,/Users/dong/Desktop/Learn/muios/public/直到世界尽头 (15键).txt
pvz一,/Users/dong/Music/15/pvz一 (15键).txt,/Users/dong/Desktop/Learn/muios/public/pvz一 (15键).txt
你曾是少年,/Users/dong/Music/15/你曾是少年 (15键).txt,/Users/dong/Desktop/Learn/muios/public/你曾是少年 (15键).txt
未闻花名,/Users/dong/Music/15/未闻花名 (15键).txt,/Users/dong/Desktop/Learn/muios/public/未闻花名 (15键).txt
追,/Users/dong/Music/15/追 (15键).txt,/Users/dong/Desktop/Learn/muios/public/追 (15键).txt
海绵宝宝,/Users/dong/Music/15/海绵宝宝 (15键).txt,/Users/dong/Desktop/Learn/muios/public/海绵宝宝 (15键).txt
SourDiesel-ZAYN,/Users/dong/Music/15/SourDiesel-ZAYN (15键).txt,/Users/dong/Desktop/Learn/muios/public/SourDiesel-ZAYN (15键).txt
好春光(单音),/Users/dong/Music/15/好春光（单音） (15键).txt,/Users/dong/Desktop/Learn/muios/public/好春光（单音） (15键).txt
だんご大家族团子大家族,/Users/dong/Music/15/だんご大家族团子大家族 (15键).txt,/Users/dong/Desktop/Learn/muios/public/だんご大家族团子大家族 (15键).txt
Abiogenesis,/Users/dong/Music/15/Abiogenesis (15键).txt,/Users/dong/Desktop/Learn/muios/public/Abiogenesis (15键).txt
TheBlackest-Day-Lana-Del-Rey,/Users/dong/Music/15/TheBlackest-Day-Lana-Del-Rey (15键).txt,/Users/dong/Desktop/Learn/muios/public/TheBlackest-Day-Lana-Del-Rey (15键).txt
RingRing-Ring,"/Users/dong/Music/15/Ring,Ring,Ring (15键).txt","/Users/dong/Desktop/Learn/muios/public/Ring,Ring,Ring (15键).txt"
RingRing-Ring,/Users/dong/Music/15/Ring ring ring (15键).txt,/Users/dong/Desktop/Learn/muios/public/Ring ring ring (15键).txt
RingRing-Ring,/Users/dong/Music/15/Ringringring (15键).txt,/Users/dong/Desktop/Learn/muios/public/Ringringring (15键).txt
听见下雨的声音听见下雨的声音主题曲,/Users/dong/Music/15/听见下雨的声音听见下雨的声音主题曲 (15键).txt,/Users/dong/Desktop/Learn/muios/public/听见下雨的声音听见下雨的声音主题曲 (15键).txt
shape of you 楠魏Dcedillbey,/Users/dong/Music/15/shape of you 楠魏Dcedillbey (15键).txt,/Users/dong/Desktop/Learn/muios/public/shape of you 楠魏Dcedillbey (15键).txt
SayYou-Wont-Let-Go-James-Arthur,/Users/dong/Music/15/SayYou-Wont-Let-Go-James-Arthur (15键).txt,/Users/dong/Desktop/Learn/muios/public/SayYou-Wont-Let-Go-James-Arthur (15键).txt
疯人愿,/Users/dong/Music/15/疯人愿 (15键).txt,/Users/dong/Desktop/Learn/muios/public/疯人愿 (15键).txt
Beatrix-春野-班得瑞,/Users/dong/Music/15/Beatrix-春野-班得瑞 (15键).txt,/Users/dong/Desktop/Learn/muios/public/Beatrix-春野-班得瑞 (15键).txt
肖邦 离别 chopin etude 3 烛子ikina,/Users/dong/Music/15/肖邦 离别 chopin etude 3 烛子ikina (15键).txt,/Users/dong/Desktop/Learn/muios/public/肖邦 离别 chopin etude 3 烛子ikina (15键).txt
名侦探柯南,/Users/dong/Music/15/《名侦探柯南》 (15键).txt,/Users/dong/Desktop/Learn/muios/public/《名侦探柯南》 (15键).txt
名侦探柯南,/Users/dong/Music/15/名侦探柯南 (15键).txt,/Users/dong/Desktop/Learn/muios/public/名侦探柯南 (15键).txt
onelove,/Users/dong/Music/15/onelove (15键).txt,/Users/dong/Desktop/Learn/muios/public/onelove (15键).txt
RollingGirl-初音未来,/Users/dong/Music/15/RollingGirl-初音未来 (15键).txt,/Users/dong/Desktop/Learn/muios/public/RollingGirl-初音未来 (15键).txt
ハナミズキ花水木主题曲,/Users/dong/Music/15/ハナミズキ花水木主题曲 (15键).txt,/Users/dong/Desktop/Learn/muios/public/ハナミズキ花水木主题曲 (15键).txt
在他乡水木年华,/Users/dong/Music/15/在他乡水木年华 (15键).txt,/Users/dong/Desktop/Learn/muios/public/在他乡水木年华 (15键).txt
BeforeYou-Start-Your-Day-Twenty-One-Pilots,/Users/dong/Music/15/BeforeYou-Start-Your-Day-Twenty-One-Pilots (15键).txt,/Users/dong/Desktop/Learn/muios/public/BeforeYou-Start-Your-Day-Twenty-One-Pilots (15键).txt
稻香完整版Mkf,/Users/dong/Music/15/稻香完整版Mkf (15键).txt,/Users/dong/Desktop/Learn/muios/public/稻香完整版Mkf (15键).txt
东方曲*10愚人节快乐!,/Users/dong/Music/15/东方曲*10愚人节快乐！ (15键).txt,/Users/dong/Desktop/Learn/muios/public/东方曲*10愚人节快乐！ (15键).txt
InMy-Life-Kevin-Kern,/Users/dong/Music/15/InMy-Life-Kevin-Kern (15键).txt,/Users/dong/Desktop/Learn/muios/public/InMy-Life-Kevin-Kern (15键).txt
恋爱循环完全和弦版!,/Users/dong/Music/15/《恋爱循环》完全和弦版！ (15键).txt,/Users/dong/Desktop/Learn/muios/public/《恋爱循环》完全和弦版！ (15键).txt
天地似无情C调简单版-笑谈天地似无情看淡生死不由命,/Users/dong/Music/15/天地似无情C调简单版-笑谈天地似无情看淡生死不由命 (15键).txt,/Users/dong/Desktop/Learn/muios/public/天地似无情C调简单版-笑谈天地似无情看淡生死不由命 (15键).txt
PlayDate,/Users/dong/Music/15/PlayDate (15键).txt,/Users/dong/Desktop/Learn/muios/public/PlayDate (15键).txt
PlayDate,/Users/dong/Music/15/Play Date (15键).txt,/Users/dong/Desktop/Learn/muios/public/Play Date (15键).txt
PlayDate,/Users/dong/Music/15/Play.Date (15键).txt,/Users/dong/Desktop/Learn/muios/public/Play.Date (15键).txt
105°C的蒸馏水,/Users/dong/Music/15/105°C的蒸馏水 (15键).txt,/Users/dong/Desktop/Learn/muios/public/105°C的蒸馏水 (15键).txt
有多少爱可以重来黄仲昆,/Users/dong/Music/15/有多少爱可以重来黄仲昆 (15键).txt,/Users/dong/Desktop/Learn/muios/public/有多少爱可以重来黄仲昆 (15键).txt
默默,/Users/dong/Music/15/默默 (15键).txt,/Users/dong/Desktop/Learn/muios/public/默默 (15键).txt
残酷天使的行动纲领完美和旋版,/Users/dong/Music/15/残酷天使的行动纲领完美和旋版 (15键).txt,/Users/dong/Desktop/Learn/muios/public/残酷天使的行动纲领完美和旋版 (15键).txt
Shivers,/Users/dong/Music/15/Shivers (15键).txt,/Users/dong/Desktop/Learn/muios/public/Shivers (15键).txt
予你成歌(单音),/Users/dong/Music/15/予你成歌（单音） (15键).txt,/Users/dong/Desktop/Learn/muios/public/予你成歌（单音） (15键).txt
"仙剑奇侠传三,雪见",/Users/dong/Music/15/仙剑奇侠传三，雪见 (15键).txt,/Users/dong/Desktop/Learn/muios/public/仙剑奇侠传三，雪见 (15键).txt
Dance Monkey,/Users/dong/Music/15/Dance_Monkey (15键).txt,/Users/dong/Desktop/Learn/muios/public/Dance_Monkey (15键).txt
Dance Monkey,/Users/dong/Music/15/Dance.Monkey (15键).txt,/Users/dong/Desktop/Learn/muios/public/Dance.Monkey (15键).txt
你要结婚了新郎不是我,/Users/dong/Music/15/你要结婚了新郎不是我 (15键).txt,/Users/dong/Desktop/Learn/muios/public/你要结婚了新郎不是我 (15键).txt
关不上的窗一听便能勾起那曾被爱刺痛的回忆,/Users/dong/Music/15/关不上的窗一听便能勾起那曾被爱刺痛的回忆 (15键).txt,/Users/dong/Desktop/Learn/muios/public/关不上的窗一听便能勾起那曾被爱刺痛的回忆 (15键).txt
虹,/Users/dong/Music/15/虹 (15键).txt,/Users/dong/Desktop/Learn/muios/public/虹 (15键).txt
虹,/Users/dong/Music/15/虹 by 光遇-天使 (15键).txt,/Users/dong/Desktop/Learn/muios/public/虹 by 光遇-天使 (15键).txt
十个字完整扒,/Users/dong/Music/15/十个字完整扒 (15键).txt,/Users/dong/Desktop/Learn/muios/public/十个字完整扒 (15键).txt
十个字完整扒,/Users/dong/Music/15/十个字完整（扒） (15键).txt,/Users/dong/Desktop/Learn/muios/public/十个字完整（扒） (15键).txt
解脱张惠妹,/Users/dong/Music/15/解脱张惠妹 (15键).txt,/Users/dong/Desktop/Learn/muios/public/解脱张惠妹 (15键).txt
三叶主题曲,/Users/dong/Music/15/三叶主题曲 (15键).txt,/Users/dong/Desktop/Learn/muios/public/三叶主题曲 (15键).txt
借月,/Users/dong/Music/15/借月 (15键).txt,/Users/dong/Desktop/Learn/muios/public/借月 (15键).txt
红山果星光大道总决赛冠军曲目,/Users/dong/Music/15/红山果星光大道总决赛冠军曲目 (15键).txt,/Users/dong/Desktop/Learn/muios/public/红山果星光大道总决赛冠军曲目 (15键).txt
Friends防弹少年团,/Users/dong/Music/15/Friends防弹少年团 (15键).txt,/Users/dong/Desktop/Learn/muios/public/Friends防弹少年团 (15键).txt
茉莉雨,/Users/dong/Music/15/茉莉雨 (15键).txt,/Users/dong/Desktop/Learn/muios/public/茉莉雨 (15键).txt
遥远的她张学友,/Users/dong/Music/15/遥远的她张学友 (15键).txt,/Users/dong/Desktop/Learn/muios/public/遥远的她张学友 (15键).txt
义勇军进行曲中华人民共和国国歌,/Users/dong/Music/15/义勇军进行曲中华人民共和国国歌 (15键).txt,/Users/dong/Desktop/Learn/muios/public/义勇军进行曲中华人民共和国国歌 (15键).txt
更替的四季Changing-of-the-Seasons,/Users/dong/Music/15/更替的四季Changing-of-the-Seasons (15键).txt,/Users/dong/Desktop/Learn/muios/public/更替的四季Changing-of-the-Seasons (15键).txt
白羊徐秉龙和沈以诚,/Users/dong/Music/15/白羊徐秉龙和沈以诚 (15键).txt,/Users/dong/Desktop/Learn/muios/public/白羊徐秉龙和沈以诚 (15键).txt
复刻回忆完整纯钢版,/Users/dong/Music/15/复刻回忆完整纯钢版 (15键).txt,/Users/dong/Desktop/Learn/muios/public/复刻回忆完整纯钢版 (15键).txt
我结婚了C调简单版-钟嘉欣,/Users/dong/Music/15/我结婚了C调简单版-钟嘉欣 (15键).txt,/Users/dong/Desktop/Learn/muios/public/我结婚了C调简单版-钟嘉欣 (15键).txt
暗号,/Users/dong/Music/15/暗号 (15键).txt,/Users/dong/Desktop/Learn/muios/public/暗号 (15键).txt
花涧唯美浪漫钢琴曲,/Users/dong/Music/15/花涧唯美浪漫钢琴曲 (15键).txt,/Users/dong/Desktop/Learn/muios/public/花涧唯美浪漫钢琴曲 (15键).txt
鸳鸯债,/Users/dong/Music/15/鸳鸯债 (15键).txt,/Users/dong/Desktop/Learn/muios/public/鸳鸯债 (15键).txt
FourFiveSecondsRihanna,/Users/dong/Music/15/FourFiveSecondsRihanna (15键).txt,/Users/dong/Desktop/Learn/muios/public/FourFiveSecondsRihanna (15键).txt
ぐるぐるカーテン乃木坂46,/Users/dong/Music/15/ぐるぐるカーテン乃木坂46 (15键).txt,/Users/dong/Desktop/Learn/muios/public/ぐるぐるカーテン乃木坂46 (15键).txt
Diamond City lights,/Users/dong/Music/15/Diamond.City.lights (15键).txt,/Users/dong/Desktop/Learn/muios/public/Diamond.City.lights (15键).txt
AmorAmor-Amor-Jennifer-Lopez,/Users/dong/Music/15/AmorAmor-Amor-Jennifer-Lopez (15键).txt,/Users/dong/Desktop/Learn/muios/public/AmorAmor-Amor-Jennifer-Lopez (15键).txt
国际歌,/Users/dong/Music/15/国际歌 (15键).txt,/Users/dong/Desktop/Learn/muios/public/国际歌 (15键).txt
度春风,/Users/dong/Music/15/度春风 (15键).txt,/Users/dong/Desktop/Learn/muios/public/度春风 (15键).txt
Lily,/Users/dong/Music/15/Lily (15键).txt,/Users/dong/Desktop/Learn/muios/public/Lily (15键).txt
随便,/Users/dong/Music/15/随便 (15键).txt,/Users/dong/Desktop/Learn/muios/public/随便 (15键).txt
深情的少女,/Users/dong/Music/15/深情的少女 (15键).txt,/Users/dong/Desktop/Learn/muios/public/深情的少女 (15键).txt
梦望断古风歌曲,/Users/dong/Music/15/梦望断古风歌曲 (15键).txt,/Users/dong/Desktop/Learn/muios/public/梦望断古风歌曲 (15键).txt
Kerry's Song,/Users/dong/Music/15/Kerry's.Song (15键).txt,/Users/dong/Desktop/Learn/muios/public/Kerry's.Song (15键).txt
千本樱初音未来,/Users/dong/Music/15/千本樱初音未来 (15键).txt,/Users/dong/Desktop/Learn/muios/public/千本樱初音未来 (15键).txt
Fly me to the moon,/Users/dong/Music/15/Fly.me.to.the.moon (15键).txt,/Users/dong/Desktop/Learn/muios/public/Fly.me.to.the.moon (15键).txt
Fly me to the moon,/Users/dong/Music/15/Fly me to the moon (15键).txt,/Users/dong/Desktop/Learn/muios/public/Fly me to the moon (15键).txt
Fly me to the moon,/Users/dong/Music/15/FlyMeToTheMoon (15键).txt,/Users/dong/Desktop/Learn/muios/public/FlyMeToTheMoon (15键).txt
【璃月bgm】杯中明月,/Users/dong/Music/15/【璃月bgm】杯中明月 (15键).txt,/Users/dong/Desktop/Learn/muios/public/【璃月bgm】杯中明月 (15键).txt
Young&Beautiful超长颤音多声部长笛版,/Users/dong/Music/15/《Young&Beautiful》超长颤音多声部长笛版 (15键).txt,/Users/dong/Desktop/Learn/muios/public/《Young&Beautiful》超长颤音多声部长笛版 (15键).txt
LoveisGone钢琴曲,/Users/dong/Music/15/LoveisGone钢琴曲 (15键).txt,/Users/dong/Desktop/Learn/muios/public/LoveisGone钢琴曲 (15键).txt
日常(恋与制作人),/Users/dong/Music/15/日常（恋与制作人） (15键).txt,/Users/dong/Desktop/Learn/muios/public/日常（恋与制作人） (15键).txt
探望爱人归来的我Quant-je-sui-mis-au-retour,/Users/dong/Music/15/探望爱人归来的我Quant-je-sui-mis-au-retour (15键).txt,/Users/dong/Desktop/Learn/muios/public/探望爱人归来的我Quant-je-sui-mis-au-retour (15键).txt
三指solo,/Users/dong/Music/15/三指solo (15键).txt,/Users/dong/Desktop/Learn/muios/public/三指solo (15键).txt
花非花,/Users/dong/Music/15/花非花 (15键).txt,/Users/dong/Desktop/Learn/muios/public/花非花 (15键).txt
Town of windnill,/Users/dong/Music/15/Town.of.windnill (15键).txt,/Users/dong/Desktop/Learn/muios/public/Town.of.windnill (15键).txt
Town of windnill,/Users/dong/Music/15/Town of windnill (15键).txt,/Users/dong/Desktop/Learn/muios/public/Town of windnill (15键).txt
三葉のテーマ,/Users/dong/Music/15/三葉のテーマ (15键).txt,/Users/dong/Desktop/Learn/muios/public/三葉のテーマ (15键).txt
odds ends,/Users/dong/Music/15/odds ends (15键).txt,/Users/dong/Desktop/Learn/muios/public/odds ends (15键).txt
odds ends,/Users/dong/Music/15/oddsends (15键).txt,/Users/dong/Desktop/Learn/muios/public/oddsends (15键).txt
夜的钢琴曲11-石进,/Users/dong/Music/15/夜的钢琴曲11-石进 (15键).txt,/Users/dong/Desktop/Learn/muios/public/夜的钢琴曲11-石进 (15键).txt
YouBroke-Me-First-Tate-McRae,/Users/dong/Music/15/YouBroke-Me-First-Tate-McRae (15键).txt,/Users/dong/Desktop/Learn/muios/public/YouBroke-Me-First-Tate-McRae (15键).txt
真相是真,/Users/dong/Music/15/真相是真 (15键).txt,/Users/dong/Desktop/Learn/muios/public/真相是真 (15键).txt
天后,/Users/dong/Music/15/天后 (15键).txt,/Users/dong/Desktop/Learn/muios/public/天后 (15键).txt
GhostElla-Henderson,/Users/dong/Music/15/GhostElla-Henderson (15键).txt,/Users/dong/Desktop/Learn/muios/public/GhostElla-Henderson (15键).txt
别在伤口撒盐张惠妹,/Users/dong/Music/15/别在伤口撒盐张惠妹 (15键).txt,/Users/dong/Desktop/Learn/muios/public/别在伤口撒盐张惠妹 (15键).txt
被生命厌恶,/Users/dong/Music/15/被生命厌恶 (15键).txt,/Users/dong/Desktop/Learn/muios/public/被生命厌恶 (15键).txt
九湘,/Users/dong/Music/15/九湘 (15键).txt,/Users/dong/Desktop/Learn/muios/public/九湘 (15键).txt
Sweet Despair,/Users/dong/Music/15/Sweet.Despair (15键).txt,/Users/dong/Desktop/Learn/muios/public/Sweet.Despair (15键).txt
大鱼,/Users/dong/Music/15/大鱼 (15键).txt,/Users/dong/Desktop/Learn/muios/public/大鱼 (15键).txt
大鱼,/Users/dong/Music/15/大鱼🐟 (15键).txt,/Users/dong/Desktop/Learn/muios/public/大鱼🐟 (15键).txt
野蜂飞舞,/Users/dong/Music/15/野蜂飞舞 (15键).txt,/Users/dong/Desktop/Learn/muios/public/野蜂飞舞 (15键).txt
野蜂飞舞,/Users/dong/Music/15/野蜂飞舞* (15键).txt,/Users/dong/Desktop/Learn/muios/public/野蜂飞舞* (15键).txt
同花顺,/Users/dong/Music/15/同花顺 (15键).txt,/Users/dong/Desktop/Learn/muios/public/同花顺 (15键).txt
菊次郎的夏天和孤勇者,/Users/dong/Music/15/菊次郎的夏天和孤勇者 (15键).txt,/Users/dong/Desktop/Learn/muios/public/菊次郎的夏天和孤勇者 (15键).txt
爱的回答辛晓琪,/Users/dong/Music/15/爱的回答辛晓琪 (15键).txt,/Users/dong/Desktop/Learn/muios/public/爱的回答辛晓琪 (15键).txt
小情歌一部分,/Users/dong/Music/15/小情歌一部分 (15键).txt,/Users/dong/Desktop/Learn/muios/public/小情歌一部分 (15键).txt
毒苹果,/Users/dong/Music/15/毒苹果 (15键).txt,/Users/dong/Desktop/Learn/muios/public/毒苹果 (15键).txt
letter,/Users/dong/Music/15/letter (15键).txt,/Users/dong/Desktop/Learn/muios/public/letter (15键).txt
Wolves,/Users/dong/Music/15/Wolves (15键).txt,/Users/dong/Desktop/Learn/muios/public/Wolves (15键).txt
OldMemory缘之空插曲,/Users/dong/Music/15/OldMemory缘之空插曲 (15键).txt,/Users/dong/Desktop/Learn/muios/public/OldMemory缘之空插曲 (15键).txt
AllI-Ask-Adele,/Users/dong/Music/15/AllI-Ask-Adele (15键).txt,/Users/dong/Desktop/Learn/muios/public/AllI-Ask-Adele (15键).txt
My R,/Users/dong/Music/15/My.R (15键).txt,/Users/dong/Desktop/Learn/muios/public/My.R (15键).txt
精卫还原,/Users/dong/Music/15/精卫还原 (15键).txt,/Users/dong/Desktop/Learn/muios/public/精卫还原 (15键).txt
friendships,/Users/dong/Music/15/friendships (15键).txt,/Users/dong/Desktop/Learn/muios/public/friendships (15键).txt
天外来物薛之谦新曲生日惊喜上线满心眷恋只为一人,/Users/dong/Music/15/天外来物薛之谦新曲生日惊喜上线满心眷恋只为一人 (15键).txt,/Users/dong/Desktop/Learn/muios/public/天外来物薛之谦新曲生日惊喜上线满心眷恋只为一人 (15键).txt
まつり藤井风,/Users/dong/Music/15/まつり藤井风 (15键).txt,/Users/dong/Desktop/Learn/muios/public/まつり藤井风 (15键).txt
以人民的名义,/Users/dong/Music/15/以人民的名义 (15键).txt,/Users/dong/Desktop/Learn/muios/public/以人民的名义 (15键).txt
敢问路在何方,/Users/dong/Music/15/敢问路在何方 (15键).txt,/Users/dong/Desktop/Learn/muios/public/敢问路在何方 (15键).txt
华丽大圆舞曲肖邦,/Users/dong/Music/15/华丽大圆舞曲肖邦 (15键).txt,/Users/dong/Desktop/Learn/muios/public/华丽大圆舞曲肖邦 (15键).txt
精卫普通,/Users/dong/Music/15/精卫普通 (15键).txt,/Users/dong/Desktop/Learn/muios/public/精卫普通 (15键).txt
当我娶过她,/Users/dong/Music/15/当我娶过她 (15键).txt,/Users/dong/Desktop/Learn/muios/public/当我娶过她 (15键).txt
关山酒(简音),/Users/dong/Music/15/关山酒（简音） (15键).txt,/Users/dong/Desktop/Learn/muios/public/关山酒（简音） (15键).txt
欢乐颂,/Users/dong/Music/15/欢乐颂 (15键).txt,/Users/dong/Desktop/Learn/muios/public/欢乐颂 (15键).txt
大喜黑田,/Users/dong/Music/15/大喜黑田 (15键).txt,/Users/dong/Desktop/Learn/muios/public/大喜黑田 (15键).txt
我爱你不问归期,/Users/dong/Music/15/我爱你不问归期 (15键).txt,/Users/dong/Desktop/Learn/muios/public/我爱你不问归期 (15键).txt
AYear-Without-Rain-Selena-Gomez-the-Scene,/Users/dong/Music/15/AYear-Without-Rain-Selena-Gomez---the-Scene (15键).txt,/Users/dong/Desktop/Learn/muios/public/AYear-Without-Rain-Selena-Gomez---the-Scene (15键).txt
天空之城精美版,/Users/dong/Music/15/天空之城精美版 (15键).txt,/Users/dong/Desktop/Learn/muios/public/天空之城精美版 (15键).txt
新春序曲,/Users/dong/Music/15/新春序曲 (15键).txt,/Users/dong/Desktop/Learn/muios/public/新春序曲 (15键).txt
山海不可平,/Users/dong/Music/15/山海不可平 (15键).txt,/Users/dong/Desktop/Learn/muios/public/山海不可平 (15键).txt
GamblerMonsta-X,/Users/dong/Music/15/GamblerMonsta-X (15键).txt,/Users/dong/Desktop/Learn/muios/public/GamblerMonsta-X (15键).txt
OldMe-5-Seconds-of-Summer,/Users/dong/Music/15/OldMe-5-Seconds-of-Summer (15键).txt,/Users/dong/Desktop/Learn/muios/public/OldMe-5-Seconds-of-Summer (15键).txt
土耳其冰淇淋周杰伦,/Users/dong/Music/15/土耳其冰淇淋周杰伦 (15键).txt,/Users/dong/Desktop/Learn/muios/public/土耳其冰淇淋周杰伦 (15键).txt
李白李荣浩,/Users/dong/Music/15/李白李荣浩 (15键).txt,/Users/dong/Desktop/Learn/muios/public/李白李荣浩 (15键).txt
幸福的火车,/Users/dong/Music/15/幸福的火车 (15键).txt,/Users/dong/Desktop/Learn/muios/public/幸福的火车 (15键).txt
回忆遥远的往日秒速5厘米插曲,/Users/dong/Music/15/回忆遥远的往日秒速5厘米插曲 (15键).txt,/Users/dong/Desktop/Learn/muios/public/回忆遥远的往日秒速5厘米插曲 (15键).txt
AnonymousNoicybino,/Users/dong/Music/15/AnonymousNoicybino (15键).txt,/Users/dong/Desktop/Learn/muios/public/AnonymousNoicybino (15键).txt
"像鱼,完结",/Users/dong/Music/15/像鱼，完结 (15键).txt,/Users/dong/Desktop/Learn/muios/public/像鱼，完结 (15键).txt
胖小鸭,/Users/dong/Music/15/胖小鸭 (15键).txt,/Users/dong/Desktop/Learn/muios/public/胖小鸭 (15键).txt
浪漫主义,/Users/dong/Music/15/浪漫主义 (15键).txt,/Users/dong/Desktop/Learn/muios/public/浪漫主义 (15键).txt
他不懂,/Users/dong/Music/15/他不懂 (15键).txt,/Users/dong/Desktop/Learn/muios/public/他不懂 (15键).txt
祝!恋ばな成就!,/Users/dong/Music/15/祝!恋ばな成就! (15键).txt,/Users/dong/Desktop/Learn/muios/public/祝!恋ばな成就! (15键).txt
祝!恋ばな成就!,/Users/dong/Music/15/祝恋ばな成就 (15键).txt,/Users/dong/Desktop/Learn/muios/public/祝恋ばな成就 (15键).txt
水手怕水弹唱版-周杰伦,/Users/dong/Music/15/水手怕水弹唱版-周杰伦 (15键).txt,/Users/dong/Desktop/Learn/muios/public/水手怕水弹唱版-周杰伦 (15键).txt
我知道,/Users/dong/Music/15/我知道 (15键).txt,/Users/dong/Desktop/Learn/muios/public/我知道 (15键).txt
句号,/Users/dong/Music/15/句号 (15键).txt,/Users/dong/Desktop/Learn/muios/public/句号 (15键).txt
百分之七(短,/Users/dong/Music/15/百分之七（短 (15键).txt,/Users/dong/Desktop/Learn/muios/public/百分之七（短 (15键).txt
一生有你水木年华,/Users/dong/Music/15/一生有你水木年华 (15键).txt,/Users/dong/Desktop/Learn/muios/public/一生有你水木年华 (15键).txt
一生有你水木年华,/Users/dong/Music/15/一生有你～水木年华 (15键).txt,/Users/dong/Desktop/Learn/muios/public/一生有你～水木年华 (15键).txt
淡淡的爱意铠甲勇士插曲,/Users/dong/Music/15/淡淡的爱意铠甲勇士插曲 (15键).txt,/Users/dong/Desktop/Learn/muios/public/淡淡的爱意铠甲勇士插曲 (15键).txt
睡公主邓紫棋,/Users/dong/Music/15/睡公主邓紫棋 (15键).txt,/Users/dong/Desktop/Learn/muios/public/睡公主邓紫棋 (15键).txt
0→∞への跳動初音未来,/Users/dong/Music/15/0→∞への跳動初音未来 (15键).txt,/Users/dong/Desktop/Learn/muios/public/0→∞への跳動初音未来 (15键).txt
失落沙洲,/Users/dong/Music/15/失落沙洲 (15键).txt,/Users/dong/Desktop/Learn/muios/public/失落沙洲 (15键).txt
WhatayaWant-from-Me-Adam-Lambert,/Users/dong/Music/15/WhatayaWant-from-Me-Adam-Lambert (15键).txt,/Users/dong/Desktop/Learn/muios/public/WhatayaWant-from-Me-Adam-Lambert (15键).txt
DragonRoost-Island-塞尔达传说风之杖,/Users/dong/Music/15/DragonRoost-Island-塞尔达传说风之杖 (15键).txt,/Users/dong/Desktop/Learn/muios/public/DragonRoost-Island-塞尔达传说风之杖 (15键).txt
虎口脱险老狼,/Users/dong/Music/15/虎口脱险老狼 (15键).txt,/Users/dong/Desktop/Learn/muios/public/虎口脱险老狼 (15键).txt
小段汪苏泷,/Users/dong/Music/15/小段汪苏泷 (15键).txt,/Users/dong/Desktop/Learn/muios/public/小段汪苏泷 (15键).txt
闪烁的星星,/Users/dong/Music/15/闪烁的星星 (15键).txt,/Users/dong/Desktop/Learn/muios/public/闪烁的星星 (15键).txt
Seasons,/Users/dong/Music/15/Seasons (15键).txt,/Users/dong/Desktop/Learn/muios/public/Seasons (15键).txt
音乐盒舞者-Music-Box-Dancer,/Users/dong/Music/15/音乐盒舞者-Music-Box-Dancer (15键).txt,/Users/dong/Desktop/Learn/muios/public/音乐盒舞者-Music-Box-Dancer (15键).txt
巴赫,/Users/dong/Music/15/巴赫 (15键).txt,/Users/dong/Desktop/Learn/muios/public/巴赫 (15键).txt
我本人,/Users/dong/Music/15/我本人 (15键).txt,/Users/dong/Desktop/Learn/muios/public/我本人 (15键).txt
AllAbout-That-Bass-Meghan-Trainor,/Users/dong/Music/15/AllAbout-That-Bass-Meghan-Trainor (15键).txt,/Users/dong/Desktop/Learn/muios/public/AllAbout-That-Bass-Meghan-Trainor (15键).txt
海の幽霊,/Users/dong/Music/15/海の幽霊 (15键).txt,/Users/dong/Desktop/Learn/muios/public/海の幽霊 (15键).txt
烦恼歌,/Users/dong/Music/15/烦恼歌 (15键).txt,/Users/dong/Desktop/Learn/muios/public/烦恼歌 (15键).txt
想要爱他飞跃几千公里也不怕,/Users/dong/Music/15/想要爱他飞跃几千公里也不怕 (15键).txt,/Users/dong/Desktop/Learn/muios/public/想要爱他飞跃几千公里也不怕 (15键).txt
我看过,/Users/dong/Music/15/我看过 (15键).txt,/Users/dong/Desktop/Learn/muios/public/我看过 (15键).txt
GymnopedieNo1-Erik-Satie,/Users/dong/Music/15/GymnopedieNo1--Erik-Satie (15键).txt,/Users/dong/Desktop/Learn/muios/public/GymnopedieNo1--Erik-Satie (15键).txt
"爱恨此消彼长,停步回望,我陪你同往",/Users/dong/Music/15/爱恨此消彼长，停步回望，我陪你同往 (15键).txt,/Users/dong/Desktop/Learn/muios/public/爱恨此消彼长，停步回望，我陪你同往 (15键).txt
IRemember-You-Tom-Chaplin,/Users/dong/Music/15/IRemember-You-Tom-Chaplin (15键).txt,/Users/dong/Desktop/Learn/muios/public/IRemember-You-Tom-Chaplin (15键).txt
GimmeLove-Joji,/Users/dong/Music/15/GimmeLove-Joji (15键).txt,/Users/dong/Desktop/Learn/muios/public/GimmeLove-Joji (15键).txt
GimmeLove-Joji,/Users/dong/Music/15/Gimme.LoveJoji (15键).txt,/Users/dong/Desktop/Learn/muios/public/Gimme.LoveJoji (15键).txt
GimmeLove-Joji,/Users/dong/Music/15/Gimme Love-Joji (15键).txt,/Users/dong/Desktop/Learn/muios/public/Gimme Love-Joji (15键).txt
约定,/Users/dong/Music/15/约定 (15键).txt,/Users/dong/Desktop/Learn/muios/public/约定 (15键).txt
hey jude,/Users/dong/Music/15/hey.jude (15键).txt,/Users/dong/Desktop/Learn/muios/public/hey.jude (15键).txt
hey jude,/Users/dong/Music/15/HeyJude (15键).txt,/Users/dong/Desktop/Learn/muios/public/HeyJude (15键).txt
东方曲*11恋色マスタースパーク(雾雨魔理沙),/Users/dong/Music/15/东方曲*11恋色マスタースパーク（雾雨魔理沙） (15键).txt,/Users/dong/Desktop/Learn/muios/public/东方曲*11恋色マスタースパーク（雾雨魔理沙） (15键).txt
浮夸陈奕迅代表作之一,/Users/dong/Music/15/浮夸陈奕迅代表作之一 (15键).txt,/Users/dong/Desktop/Learn/muios/public/浮夸陈奕迅代表作之一 (15键).txt
飞云之上,/Users/dong/Music/15/飞云之上 (15键).txt,/Users/dong/Desktop/Learn/muios/public/飞云之上 (15键).txt
fatezero-oathsign节选,/Users/dong/Music/15/fatezero—“oathsign”节选 (15键).txt,/Users/dong/Desktop/Learn/muios/public/fatezero—“oathsign”节选 (15键).txt
RadioactiveWilliam-Joseph,/Users/dong/Music/15/RadioactiveWilliam-Joseph (15键).txt,/Users/dong/Desktop/Learn/muios/public/RadioactiveWilliam-Joseph (15键).txt
TattoosTogether-Lauv,/Users/dong/Music/15/TattoosTogether-Lauv (15键).txt,/Users/dong/Desktop/Learn/muios/public/TattoosTogether-Lauv (15键).txt
爸爸妈妈听我说,/Users/dong/Music/15/爸爸妈妈听我说 (15键).txt,/Users/dong/Desktop/Learn/muios/public/爸爸妈妈听我说 (15键).txt
就是爱你陶喆,/Users/dong/Music/15/就是爱你陶喆 (15键).txt,/Users/dong/Desktop/Learn/muios/public/就是爱你陶喆 (15键).txt
仙女的竖琴汤普森现代钢琴第一册,/Users/dong/Music/15/仙女的竖琴汤普森现代钢琴第一册 (15键).txt,/Users/dong/Desktop/Learn/muios/public/仙女的竖琴汤普森现代钢琴第一册 (15键).txt
ifyou(不完整),/Users/dong/Music/15/ifyou（不完整） (15键).txt,/Users/dong/Desktop/Learn/muios/public/ifyou（不完整） (15键).txt
Tiny Light,/Users/dong/Music/15/Tiny.Light (15键).txt,/Users/dong/Desktop/Learn/muios/public/Tiny.Light (15键).txt
从你的全世界路过,/Users/dong/Music/15/从你的全世界路过 (15键).txt,/Users/dong/Desktop/Learn/muios/public/从你的全世界路过 (15键).txt
花之舞(炫技版!),/Users/dong/Music/15/花之舞（炫技版！） (15键).txt,/Users/dong/Desktop/Learn/muios/public/花之舞（炫技版！） (15键).txt
你不是真正的快乐(求大佬排列&和旋),/Users/dong/Music/15/你不是真正的快乐(求大佬排列&和旋) (15键).txt,/Users/dong/Desktop/Learn/muios/public/你不是真正的快乐(求大佬排列&和旋) (15键).txt
雀跃C调简单版-多想留在你的身边让爱渗透了整个世界,/Users/dong/Music/15/雀跃C调简单版-多想留在你的身边让爱渗透了整个世界 (15键).txt,/Users/dong/Desktop/Learn/muios/public/雀跃C调简单版-多想留在你的身边让爱渗透了整个世界 (15键).txt
LetsNot-Fall-in-Love-Big-Bang,/Users/dong/Music/15/LetsNot-Fall-in-Love-Big-Bang (15键).txt,/Users/dong/Desktop/Learn/muios/public/LetsNot-Fall-in-Love-Big-Bang (15键).txt
夜的钢琴曲3,/Users/dong/Music/15/夜的钢琴曲3 (15键).txt,/Users/dong/Desktop/Learn/muios/public/夜的钢琴曲3 (15键).txt
夜的钢琴曲3,/Users/dong/Music/15/夜的钢琴曲3 by 光遇-天使-阳阳 (15键).txt,/Users/dong/Desktop/Learn/muios/public/夜的钢琴曲3 by 光遇-天使-阳阳 (15键).txt
LostControl-Alan-Walker和Sorana,/Users/dong/Music/15/LostControl-Alan-Walker和Sorana (15键).txt,/Users/dong/Desktop/Learn/muios/public/LostControl-Alan-Walker和Sorana (15键).txt
浪人琵琶2,/Users/dong/Music/15/浪人琵琶2 (15键).txt,/Users/dong/Desktop/Learn/muios/public/浪人琵琶2 (15键).txt
不想和你做朋友星弟-小贱,/Users/dong/Music/15/不想和你做朋友星弟-小贱 (15键).txt,/Users/dong/Desktop/Learn/muios/public/不想和你做朋友星弟-小贱 (15键).txt
尾号6208,/Users/dong/Music/15/尾号6208 (15键).txt,/Users/dong/Desktop/Learn/muios/public/尾号6208 (15键).txt
咿呀咿呀哟哟,/Users/dong/Music/15/咿呀咿呀哟哟 (15键).txt,/Users/dong/Desktop/Learn/muios/public/咿呀咿呀哟哟 (15键).txt
PillowtalkZayn,/Users/dong/Music/15/PillowtalkZayn (15键).txt,/Users/dong/Desktop/Learn/muios/public/PillowtalkZayn (15键).txt
女孩你为何踮脚尖洛天依-暗黑音乐,/Users/dong/Music/15/女孩你为何踮脚尖洛天依-暗黑音乐 (15键).txt,/Users/dong/Desktop/Learn/muios/public/女孩你为何踮脚尖洛天依-暗黑音乐 (15键).txt
樱树街道,/Users/dong/Music/15/樱树街道 (15键).txt,/Users/dong/Desktop/Learn/muios/public/樱树街道 (15键).txt
停格,/Users/dong/Music/15/停格 (15键).txt,/Users/dong/Desktop/Learn/muios/public/停格 (15键).txt
TheFoggy-Dew-迷雾水珠-班得瑞,/Users/dong/Music/15/TheFoggy-Dew-迷雾水珠-班得瑞 (15键).txt,/Users/dong/Desktop/Learn/muios/public/TheFoggy-Dew-迷雾水珠-班得瑞 (15键).txt
影子说,/Users/dong/Music/15/影子说 (15键).txt,/Users/dong/Desktop/Learn/muios/public/影子说 (15键).txt
兔子先生-安迪Zoey,/Users/dong/Music/15/兔子先生- 安迪Zoey (15键).txt,/Users/dong/Desktop/Learn/muios/public/兔子先生- 安迪Zoey (15键).txt
兔子先生-安迪Zoey,/Users/dong/Music/15/兔子先生-安迪Zoey (15键).txt,/Users/dong/Desktop/Learn/muios/public/兔子先生-安迪Zoey (15键).txt
误红妆,/Users/dong/Music/15/误红妆 (15键).txt,/Users/dong/Desktop/Learn/muios/public/误红妆 (15键).txt
用力活着,/Users/dong/Music/15/用力活着 (15键).txt,/Users/dong/Desktop/Learn/muios/public/用力活着 (15键).txt
滂沱大雨里我的前半生片尾曲,/Users/dong/Music/15/滂沱大雨里我的前半生片尾曲 (15键).txt,/Users/dong/Desktop/Learn/muios/public/滂沱大雨里我的前半生片尾曲 (15键).txt
Bloomof-Youth,/Users/dong/Music/15/Bloomof-Youth (15键).txt,/Users/dong/Desktop/Learn/muios/public/Bloomof-Youth (15键).txt
Bloomof-Youth,/Users/dong/Music/15/Bloom of youth (15键).txt,/Users/dong/Desktop/Learn/muios/public/Bloom of youth (15键).txt
Bloomof-Youth,/Users/dong/Music/15/Bloomofyouth (15键).txt,/Users/dong/Desktop/Learn/muios/public/Bloomofyouth (15键).txt
神兵小将-梦的光点(原速),/Users/dong/Music/15/神兵小将-梦的光点（原速） (15键).txt,/Users/dong/Desktop/Learn/muios/public/神兵小将-梦的光点（原速） (15键).txt
MyAll,/Users/dong/Music/15/MyAll (15键).txt,/Users/dong/Desktop/Learn/muios/public/MyAll (15键).txt
越界,/Users/dong/Music/15/越界 (15键).txt,/Users/dong/Desktop/Learn/muios/public/越界 (15键).txt
Swden,/Users/dong/Music/15/Swden (15键).txt,/Users/dong/Desktop/Learn/muios/public/Swden (15键).txt
Staywith-Me,/Users/dong/Music/15/staywithme (15键).txt,/Users/dong/Desktop/Learn/muios/public/staywithme (15键).txt
一双手林奕匡,/Users/dong/Music/15/一双手林奕匡 (15键).txt,/Users/dong/Desktop/Learn/muios/public/一双手林奕匡 (15键).txt
时光之末石进,/Users/dong/Music/15/时光之末石进 (15键).txt,/Users/dong/Desktop/Learn/muios/public/时光之末石进 (15键).txt
爷爷泡的茶周杰伦,/Users/dong/Music/15/爷爷泡的茶周杰伦 (15键).txt,/Users/dong/Desktop/Learn/muios/public/爷爷泡的茶周杰伦 (15键).txt
ChopsticksEuphemia-Allen,/Users/dong/Music/15/ChopsticksEuphemia-Allen (15键).txt,/Users/dong/Desktop/Learn/muios/public/ChopsticksEuphemia-Allen (15键).txt
恋のうた,/Users/dong/Music/15/恋のうた (15键).txt,/Users/dong/Desktop/Learn/muios/public/恋のうた (15键).txt
月光徐良和阿悄,/Users/dong/Music/15/月光徐良和阿悄 (15键).txt,/Users/dong/Desktop/Learn/muios/public/月光徐良和阿悄 (15键).txt
踏山河(天刀),/Users/dong/Music/15/踏山河（天刀） (15键).txt,/Users/dong/Desktop/Learn/muios/public/踏山河（天刀） (15键).txt
Sunflower蜘蛛侠平行宇宙插曲,/Users/dong/Music/15/Sunflower蜘蛛侠平行宇宙插曲 (15键).txt,/Users/dong/Desktop/Learn/muios/public/Sunflower蜘蛛侠平行宇宙插曲 (15键).txt
水管的友情,/Users/dong/Music/15/水管的友情 (15键).txt,/Users/dong/Desktop/Learn/muios/public/水管的友情 (15键).txt
偏爱,/Users/dong/Music/15/偏爱 (15键).txt,/Users/dong/Desktop/Learn/muios/public/偏爱 (15键).txt
哪里都是你,/Users/dong/Music/15/哪里都是你 (15键).txt,/Users/dong/Desktop/Learn/muios/public/哪里都是你 (15键).txt
遥远的她,/Users/dong/Music/15/遥远的她 (15键).txt,/Users/dong/Desktop/Learn/muios/public/遥远的她 (15键).txt
timeback,/Users/dong/Music/15/Time.back (15键).txt,/Users/dong/Desktop/Learn/muios/public/Time.back (15键).txt
timeback,/Users/dong/Music/15/Time Back (15键).txt,/Users/dong/Desktop/Learn/muios/public/Time Back (15键).txt
timeback,/Users/dong/Music/15/TimeBack (15键).txt,/Users/dong/Desktop/Learn/muios/public/TimeBack (15键).txt
找朋友,/Users/dong/Music/15/找朋友 (15键).txt,/Users/dong/Desktop/Learn/muios/public/找朋友 (15键).txt
敢问路在何方西游记主题歌,/Users/dong/Music/15/敢问路在何方-西游记-主题歌 (15键).txt,/Users/dong/Desktop/Learn/muios/public/敢问路在何方-西游记-主题歌 (15键).txt
敢问路在何方西游记主题歌,/Users/dong/Music/15/敢问路在何方西游记主题歌 (15键).txt,/Users/dong/Desktop/Learn/muios/public/敢问路在何方西游记主题歌 (15键).txt
Never gonna give you up,/Users/dong/Music/15/nevergonnagiveyouup (15键).txt,/Users/dong/Desktop/Learn/muios/public/nevergonnagiveyouup (15键).txt
Never gonna give you up,/Users/dong/Music/15/Never_Gonna_Give_You_Up (15键).txt,/Users/dong/Desktop/Learn/muios/public/Never_Gonna_Give_You_Up (15键).txt
November,/Users/dong/Music/15/November (15键).txt,/Users/dong/Desktop/Learn/muios/public/November (15键).txt
做勇敢的大人,/Users/dong/Music/15/做勇敢的大人 (15键).txt,/Users/dong/Desktop/Learn/muios/public/做勇敢的大人 (15键).txt
流光MusicBox♡,/Users/dong/Music/15/流光MusicBox♡ (15键).txt,/Users/dong/Desktop/Learn/muios/public/流光MusicBox♡ (15键).txt
蜘蛛丝,/Users/dong/Music/15/蜘蛛丝 (15键).txt,/Users/dong/Desktop/Learn/muios/public/蜘蛛丝 (15键).txt
Rolling In The Deep,/Users/dong/Music/15/Rolling In The Deep (15键).txt,/Users/dong/Desktop/Learn/muios/public/Rolling In The Deep (15键).txt
Rolling In The Deep,/Users/dong/Music/15/RollingInTheDeep (15键).txt,/Users/dong/Desktop/Learn/muios/public/RollingInTheDeep (15键).txt
玻璃之情,/Users/dong/Music/15/玻璃之情 (15键).txt,/Users/dong/Desktop/Learn/muios/public/玻璃之情 (15键).txt
一生有你,/Users/dong/Music/15/一生有你 (15键).txt,/Users/dong/Desktop/Learn/muios/public/一生有你 (15键).txt
NeverForget-You-Zara-Larsson-MNEK,/Users/dong/Music/15/NeverForget-You-Zara-Larsson---MNEK (15键).txt,/Users/dong/Desktop/Learn/muios/public/NeverForget-You-Zara-Larsson---MNEK (15键).txt
DominoJessie-J,/Users/dong/Music/15/DominoJessie-J (15键).txt,/Users/dong/Desktop/Learn/muios/public/DominoJessie-J (15键).txt
明日夜空的巡逻班IA,/Users/dong/Music/15/明日夜空的巡逻班IA (15键).txt,/Users/dong/Desktop/Learn/muios/public/明日夜空的巡逻班IA (15键).txt
忘羡,/Users/dong/Music/15/忘羡 (15键).txt,/Users/dong/Desktop/Learn/muios/public/忘羡 (15键).txt
汪汪队立大功,/Users/dong/Music/15/汪汪队立大功 (15键).txt,/Users/dong/Desktop/Learn/muios/public/汪汪队立大功 (15键).txt
车尔尼599018,/Users/dong/Music/15/车尔尼599018 (15键).txt,/Users/dong/Desktop/Learn/muios/public/车尔尼599018 (15键).txt
三叶,/Users/dong/Music/15/三叶 (15键).txt,/Users/dong/Desktop/Learn/muios/public/三叶 (15键).txt
重归苏莲托世界名曲一百首,/Users/dong/Music/15/重归苏莲托世界名曲一百首 (15键).txt,/Users/dong/Desktop/Learn/muios/public/重归苏莲托世界名曲一百首 (15键).txt
RainbowMile,/Users/dong/Music/15/RainbowMile (15键).txt,/Users/dong/Desktop/Learn/muios/public/RainbowMile (15键).txt
天净沙古剑奇谭配乐,/Users/dong/Music/15/天净沙古剑奇谭配乐 (15键).txt,/Users/dong/Desktop/Learn/muios/public/天净沙古剑奇谭配乐 (15键).txt
异度侵入,/Users/dong/Music/15/异度侵入 (15键).txt,/Users/dong/Desktop/Learn/muios/public/异度侵入 (15键).txt
ColdOne-Eric-Church,/Users/dong/Music/15/ColdOne-Eric-Church (15键).txt,/Users/dong/Desktop/Learn/muios/public/ColdOne-Eric-Church (15键).txt
OneThing-One-Direction,/Users/dong/Music/15/OneThing-One-Direction (15键).txt,/Users/dong/Desktop/Learn/muios/public/OneThing-One-Direction (15键).txt
醉梦前尘魔道祖师主题曲,/Users/dong/Music/15/醉梦前尘魔道祖师主题曲 (15键).txt,/Users/dong/Desktop/Learn/muios/public/醉梦前尘魔道祖师主题曲 (15键).txt
不要说话时尚先生主题曲-陈奕迅,/Users/dong/Music/15/不要说话时尚先生主题曲-陈奕迅 (15键).txt,/Users/dong/Desktop/Learn/muios/public/不要说话时尚先生主题曲-陈奕迅 (15键).txt
小半测试,/Users/dong/Music/15/小半测试 (15键).txt,/Users/dong/Desktop/Learn/muios/public/小半测试 (15键).txt
告白之夜(全曲完整版),/Users/dong/Music/15/告白之夜（全曲完整版） (15键).txt,/Users/dong/Desktop/Learn/muios/public/告白之夜（全曲完整版） (15键).txt
灰色轨迹尾奏,/Users/dong/Music/15/灰色轨迹尾奏 (15键).txt,/Users/dong/Desktop/Learn/muios/public/灰色轨迹尾奏 (15键).txt
雨碎江南河图,/Users/dong/Music/15/雨碎江南河图 (15键).txt,/Users/dong/Desktop/Learn/muios/public/雨碎江南河图 (15键).txt
Great Fairy Mountain,/Users/dong/Music/15/Great.Fairy.Mountain (15键).txt,/Users/dong/Desktop/Learn/muios/public/Great.Fairy.Mountain (15键).txt
秋意浓李幸倪,/Users/dong/Music/15/秋意浓李幸倪 (15键).txt,/Users/dong/Desktop/Learn/muios/public/秋意浓李幸倪 (15键).txt
InThe-Wind-July,/Users/dong/Music/15/InThe-Wind-July (15键).txt,/Users/dong/Desktop/Learn/muios/public/InThe-Wind-July (15键).txt
Are You Ok,/Users/dong/Music/15/Are You Ok (15键).txt,/Users/dong/Desktop/Learn/muios/public/Are You Ok (15键).txt
Are You Ok,/Users/dong/Music/15/AreYouOk (15键).txt,/Users/dong/Desktop/Learn/muios/public/AreYouOk (15键).txt
云河甄妮,/Users/dong/Music/15/云河甄妮 (15键).txt,/Users/dong/Desktop/Learn/muios/public/云河甄妮 (15键).txt
好汉歌,/Users/dong/Music/15/好汉歌 (15键).txt,/Users/dong/Desktop/Learn/muios/public/好汉歌 (15键).txt
失眠的夜,/Users/dong/Music/15/失眠的夜 (15键).txt,/Users/dong/Desktop/Learn/muios/public/失眠的夜 (15键).txt
康定情歌四川民歌-李依若,/Users/dong/Music/15/康定情歌四川民歌-李依若 (15键).txt,/Users/dong/Desktop/Learn/muios/public/康定情歌四川民歌-李依若 (15键).txt
The Game is On,/Users/dong/Music/15/The Game is On (15键).txt,/Users/dong/Desktop/Learn/muios/public/The Game is On (15键).txt
The Game is On,/Users/dong/Music/15/The.Game.is.On (15键).txt,/Users/dong/Desktop/Learn/muios/public/The.Game.is.On (15键).txt
Creeper(苦力怕),/Users/dong/Music/15/Creeper（苦力怕） (15键).txt,/Users/dong/Desktop/Learn/muios/public/Creeper（苦力怕） (15键).txt
阴阳师清姬化作青烟,/Users/dong/Music/15/阴阳师清姬化作青烟 (15键).txt,/Users/dong/Desktop/Learn/muios/public/阴阳师清姬化作青烟 (15键).txt
Only my railgun超电磁炮,/Users/dong/Music/15/Only my railgun超电磁炮 (15键).txt,/Users/dong/Desktop/Learn/muios/public/Only my railgun超电磁炮 (15键).txt
时光代理人,/Users/dong/Music/15/时光代理人 (15键).txt,/Users/dong/Desktop/Learn/muios/public/时光代理人 (15键).txt
银色飞行船,/Users/dong/Music/15/银色飞行船 (15键).txt,/Users/dong/Desktop/Learn/muios/public/银色飞行船 (15键).txt
裂缝中的阳光林俊杰,/Users/dong/Music/15/裂缝中的阳光林俊杰 (15键).txt,/Users/dong/Desktop/Learn/muios/public/裂缝中的阳光林俊杰 (15键).txt
林俊杰-黑夜问白天,/Users/dong/Music/15/林俊杰-黑夜问白天 (15键).txt,/Users/dong/Desktop/Learn/muios/public/林俊杰-黑夜问白天 (15键).txt
无字碑武媚娘传奇主题曲,/Users/dong/Music/15/无字碑武媚娘传奇主题曲 (15键).txt,/Users/dong/Desktop/Learn/muios/public/无字碑武媚娘传奇主题曲 (15键).txt
热爱105度的你,/Users/dong/Music/15/热爱105度的你 (15键).txt,/Users/dong/Desktop/Learn/muios/public/热爱105度的你 (15键).txt
牡丹江,/Users/dong/Music/15/牡丹江 (15键).txt,/Users/dong/Desktop/Learn/muios/public/牡丹江 (15键).txt
親愛なるあの日々へDays-of-Love,/Users/dong/Music/15/親愛なるあの日々へDays-of-Love (15键).txt,/Users/dong/Desktop/Learn/muios/public/親愛なるあの日々へDays-of-Love (15键).txt
梦琪,/Users/dong/Music/15/梦琪 (15键).txt,/Users/dong/Desktop/Learn/muios/public/梦琪 (15键).txt
解放区的天解放区的天是明朗的天-刘西林,/Users/dong/Music/15/解放区的天解放区的天是明朗的天-刘西林 (15键).txt,/Users/dong/Desktop/Learn/muios/public/解放区的天解放区的天是明朗的天-刘西林 (15键).txt
你留下的爱 李玟,/Users/dong/Music/15/你留下的爱.李玟 (15键).txt,/Users/dong/Desktop/Learn/muios/public/你留下的爱.李玟 (15键).txt
StayGold-宇多田光,/Users/dong/Music/15/StayGold-宇多田光 (15键).txt,/Users/dong/Desktop/Learn/muios/public/StayGold-宇多田光 (15键).txt
StayGold-宇多田光,/Users/dong/Music/15/staygold宇多田光 (15键).txt,/Users/dong/Desktop/Learn/muios/public/staygold宇多田光 (15键).txt
Aisle,/Users/dong/Music/15/Aisle (15键).txt,/Users/dong/Desktop/Learn/muios/public/Aisle (15键).txt
五番目のピエロ镜音レン,/Users/dong/Music/15/五番目のピエロ镜音レン (15键).txt,/Users/dong/Desktop/Learn/muios/public/五番目のピエロ镜音レン (15键).txt
纯白Deemo游戏音乐,/Users/dong/Music/15/纯白Deemo游戏音乐 (15键).txt,/Users/dong/Desktop/Learn/muios/public/纯白Deemo游戏音乐 (15键).txt
冬眠伴奏版-你看啊春日的蝴蝶你看它颤抖着飞越,/Users/dong/Music/15/冬眠伴奏版-你看啊春日的蝴蝶你看它颤抖着飞越 (15键).txt,/Users/dong/Desktop/Learn/muios/public/冬眠伴奏版-你看啊春日的蝴蝶你看它颤抖着飞越 (15键).txt
蜘蛛侠英雄远征官方预告片音乐,/Users/dong/Music/15/蜘蛛侠英雄远征官方预告片音乐 (15键).txt,/Users/dong/Desktop/Learn/muios/public/蜘蛛侠英雄远征官方预告片音乐 (15键).txt
挪威的森林,/Users/dong/Music/15/挪威的森林 (15键).txt,/Users/dong/Desktop/Learn/muios/public/挪威的森林 (15键).txt
漂向北方,/Users/dong/Music/15/漂向北方 (15键).txt,/Users/dong/Desktop/Learn/muios/public/漂向北方 (15键).txt
BadHabits,/Users/dong/Music/15/Bad.Habits (15键).txt,/Users/dong/Desktop/Learn/muios/public/Bad.Habits (15键).txt
Midnight,/Users/dong/Music/15/Midnight (15键).txt,/Users/dong/Desktop/Learn/muios/public/Midnight (15键).txt
BethenaA-Concert-Waltz-Scott-Joplin,/Users/dong/Music/15/BethenaA-Concert-Waltz-Scott-Joplin (15键).txt,/Users/dong/Desktop/Learn/muios/public/BethenaA-Concert-Waltz-Scott-Joplin (15键).txt
光年之外,/Users/dong/Music/15/光年之外 (15键).txt,/Users/dong/Desktop/Learn/muios/public/光年之外 (15键).txt
只有一个声音,/Users/dong/Music/15/只有一个声音 (15键).txt,/Users/dong/Desktop/Learn/muios/public/只有一个声音 (15键).txt
小白船,/Users/dong/Music/15/小白船 (15键).txt,/Users/dong/Desktop/Learn/muios/public/小白船 (15键).txt
斑马斑马,/Users/dong/Music/15/斑马斑马 (15键).txt,/Users/dong/Desktop/Learn/muios/public/斑马斑马 (15键).txt
水星记翻新,/Users/dong/Music/15/水星记翻新 (15键).txt,/Users/dong/Desktop/Learn/muios/public/水星记翻新 (15键).txt
樱花雨傅许,/Users/dong/Music/15/樱花雨傅许 (15键).txt,/Users/dong/Desktop/Learn/muios/public/樱花雨傅许 (15键).txt
大出殡,/Users/dong/Music/15/大出殡 (15键).txt,/Users/dong/Desktop/Learn/muios/public/大出殡 (15键).txt
天堂与地狱,/Users/dong/Music/15/天堂与地狱 (15键).txt,/Users/dong/Desktop/Learn/muios/public/天堂与地狱 (15键).txt
DontStop-Believing-Journey,/Users/dong/Music/15/DontStop-Believing-Journey (15键).txt,/Users/dong/Desktop/Learn/muios/public/DontStop-Believing-Journey (15键).txt
"明天,你好",/Users/dong/Music/15/明天，你好 (15键).txt,/Users/dong/Desktop/Learn/muios/public/明天，你好 (15键).txt
"明天,你好",/Users/dong/Music/15/明天你好 (15键).txt,/Users/dong/Desktop/Learn/muios/public/明天你好 (15键).txt
原来爱情这么伤梁咏琪,/Users/dong/Music/15/原来爱情这么伤梁咏琪 (15键).txt,/Users/dong/Desktop/Learn/muios/public/原来爱情这么伤梁咏琪 (15键).txt
群青YOASOBI,/Users/dong/Music/15/群青YOASOBI (15键).txt,/Users/dong/Desktop/Learn/muios/public/群青YOASOBI (15键).txt
霍元甲新,/Users/dong/Music/15/霍元甲新 (15键).txt,/Users/dong/Desktop/Learn/muios/public/霍元甲新 (15键).txt
蒲公英的约定,/Users/dong/Music/15/蒲公英的约定 (15键).txt,/Users/dong/Desktop/Learn/muios/public/蒲公英的约定 (15键).txt
Lost one 的号哭,/Users/dong/Music/15/Lost.one.的号哭 (15键).txt,/Users/dong/Desktop/Learn/muios/public/Lost.one.的号哭 (15键).txt
Lost one 的号哭,/Users/dong/Music/15/lostone的号哭 (15键).txt,/Users/dong/Desktop/Learn/muios/public/lostone的号哭 (15键).txt
Lost one 的号哭,/Users/dong/Music/15/*Lostone的号哭 (15键).txt,/Users/dong/Desktop/Learn/muios/public/*Lostone的号哭 (15键).txt
XFilrs,/Users/dong/Music/15/XFilrs (15键).txt,/Users/dong/Desktop/Learn/muios/public/XFilrs (15键).txt
XFilrs,/Users/dong/Music/15/X-Filrs (15键).txt,/Users/dong/Desktop/Learn/muios/public/X-Filrs (15键).txt
风一样的勇士高音钢琴,/Users/dong/Music/15/风一样的勇士高音钢琴 (15键).txt,/Users/dong/Desktop/Learn/muios/public/风一样的勇士高音钢琴 (15键).txt
OneLast-Kiss,/Users/dong/Music/15/one.last.kiss (15键).txt,/Users/dong/Desktop/Learn/muios/public/one.last.kiss (15键).txt
OneLast-Kiss,/Users/dong/Music/15/One last kiss (15键).txt,/Users/dong/Desktop/Learn/muios/public/One last kiss (15键).txt
OneLast-Kiss,/Users/dong/Music/15/OneLastKiss (15键).txt,/Users/dong/Desktop/Learn/muios/public/OneLastKiss (15键).txt
OneLast-Kiss,/Users/dong/Music/15/ONE LAST KISS  (15键).txt,/Users/dong/Desktop/Learn/muios/public/ONE LAST KISS  (15键).txt
SoldiMahmood,/Users/dong/Music/15/SoldiMahmood (15键).txt,/Users/dong/Desktop/Learn/muios/public/SoldiMahmood (15键).txt
离岛之歌,/Users/dong/Music/15/离岛之歌 (15键).txt,/Users/dong/Desktop/Learn/muios/public/离岛之歌 (15键).txt
TheLife-Fifth-Harmony,/Users/dong/Music/15/TheLife-Fifth-Harmony (15键).txt,/Users/dong/Desktop/Learn/muios/public/TheLife-Fifth-Harmony (15键).txt
美人鱼林俊杰,/Users/dong/Music/15/美人鱼林俊杰 (15键).txt,/Users/dong/Desktop/Learn/muios/public/美人鱼林俊杰 (15键).txt
美人鱼林俊杰,/Users/dong/Music/15/美人鱼-林俊杰 (15键).txt,/Users/dong/Desktop/Learn/muios/public/美人鱼-林俊杰 (15键).txt
我的地盘,/Users/dong/Music/15/我的地盘 (15键).txt,/Users/dong/Desktop/Learn/muios/public/我的地盘 (15键).txt
草原上升起不落的太阳蒙古族歌曲,/Users/dong/Music/15/草原上升起不落的太阳蒙古族歌曲 (15键).txt,/Users/dong/Desktop/Learn/muios/public/草原上升起不落的太阳蒙古族歌曲 (15键).txt
勇气百分百忍者乱太郎主题曲,/Users/dong/Music/15/勇气百分百忍者乱太郎主题曲 (15键).txt,/Users/dong/Desktop/Learn/muios/public/勇气百分百忍者乱太郎主题曲 (15键).txt
RainAfterSummer测试版,/Users/dong/Music/15/RainAfterSummer测试版 (15键).txt,/Users/dong/Desktop/Learn/muios/public/RainAfterSummer测试版 (15键).txt
夭娘洛天依,/Users/dong/Music/15/夭娘洛天依 (15键).txt,/Users/dong/Desktop/Learn/muios/public/夭娘洛天依 (15键).txt
蜘蛛,/Users/dong/Music/15/蜘蛛 (15键).txt,/Users/dong/Desktop/Learn/muios/public/蜘蛛 (15键).txt
Seasonsof-Love-Jonathan-Larson,/Users/dong/Music/15/Seasonsof-Love-Jonathan-Larson (15键).txt,/Users/dong/Desktop/Learn/muios/public/Seasonsof-Love-Jonathan-Larson (15键).txt
东方之珠,/Users/dong/Music/15/东方之珠 (15键).txt,/Users/dong/Desktop/Learn/muios/public/东方之珠 (15键).txt
よあけのみち四八六手机铃声,/Users/dong/Music/15/よあけのみち四八六手机铃声 (15键).txt,/Users/dong/Desktop/Learn/muios/public/よあけのみち四八六手机铃声 (15键).txt
多想在平庸的生活拥抱你,/Users/dong/Music/15/多想在平庸的生活拥抱你 (15键).txt,/Users/dong/Desktop/Learn/muios/public/多想在平庸的生活拥抱你 (15键).txt
China-E,/Users/dong/Music/15/China-E (15键).txt,/Users/dong/Desktop/Learn/muios/public/China-E (15键).txt
SpeakSoftly-Love,/Users/dong/Music/15/SpeakSoftlyLove (15键).txt,/Users/dong/Desktop/Learn/muios/public/SpeakSoftlyLove (15键).txt
CarRadio-Twenty-One-Pilots,/Users/dong/Music/15/CarRadio-Twenty-One-Pilots (15键).txt,/Users/dong/Desktop/Learn/muios/public/CarRadio-Twenty-One-Pilots (15键).txt
UnbelievableWhy-Dont-We,/Users/dong/Music/15/UnbelievableWhy-Dont-We (15键).txt,/Users/dong/Desktop/Learn/muios/public/UnbelievableWhy-Dont-We (15键).txt
模特,/Users/dong/Music/15/模特 (15键).txt,/Users/dong/Desktop/Learn/muios/public/模特 (15键).txt
小瓶子假如王子睡着了印象曲,/Users/dong/Music/15/小瓶子假如王子睡着了印象曲 (15键).txt,/Users/dong/Desktop/Learn/muios/public/小瓶子假如王子睡着了印象曲 (15键).txt
傻笑,/Users/dong/Music/15/傻笑 (15键).txt,/Users/dong/Desktop/Learn/muios/public/傻笑 (15键).txt
夏目,/Users/dong/Music/15/夏目 (15键).txt,/Users/dong/Desktop/Learn/muios/public/夏目 (15键).txt
为你钟情C调简单版-叫你一声-张国荣,/Users/dong/Music/15/为你钟情C调简单版-叫你一声-张国荣 (15键).txt,/Users/dong/Desktop/Learn/muios/public/为你钟情C调简单版-叫你一声-张国荣 (15键).txt
I always smile but my eyes are sad,/Users/dong/Music/15/I always smile but my eyes are sad (15键).txt,/Users/dong/Desktop/Learn/muios/public/I always smile but my eyes are sad (15键).txt
I always smile but my eyes are sad,/Users/dong/Music/15/I.always.smile.but.my.eyes.are.sad (15键).txt,/Users/dong/Desktop/Learn/muios/public/I.always.smile.but.my.eyes.are.sad (15键).txt
那天的遇见赵海洋,/Users/dong/Music/15/那天的遇见赵海洋 (15键).txt,/Users/dong/Desktop/Learn/muios/public/那天的遇见赵海洋 (15键).txt
UntilIt-Sleeps-Metallica,/Users/dong/Music/15/UntilIt-Sleeps-Metallica (15键).txt,/Users/dong/Desktop/Learn/muios/public/UntilIt-Sleeps-Metallica (15键).txt
寄人间,/Users/dong/Music/15/寄人间 (15键).txt,/Users/dong/Desktop/Learn/muios/public/寄人间 (15键).txt
洛丽塔,/Users/dong/Music/15/洛丽塔 (15键).txt,/Users/dong/Desktop/Learn/muios/public/洛丽塔 (15键).txt
洛丽塔,/Users/dong/Music/15/洛丽塔    by小社 (15键).txt,/Users/dong/Desktop/Learn/muios/public/洛丽塔    by小社 (15键).txt
东方曲*9琪露诺9Cirno,/Users/dong/Music/15/东方曲*9琪露诺⑨Cirno (15键).txt,/Users/dong/Desktop/Learn/muios/public/东方曲*9琪露诺⑨Cirno (15键).txt
一百万个可能,/Users/dong/Music/15/一百万个可能 (15键).txt,/Users/dong/Desktop/Learn/muios/public/一百万个可能 (15键).txt
一分一寸,/Users/dong/Music/15/一分一寸 (15键).txt,/Users/dong/Desktop/Learn/muios/public/一分一寸 (15键).txt
深夜诗人,/Users/dong/Music/15/深夜诗人 (15键).txt,/Users/dong/Desktop/Learn/muios/public/深夜诗人 (15键).txt
"你不是我,我不是我【",/Users/dong/Music/15/你不是我，我不是我 (15键).txt,/Users/dong/Desktop/Learn/muios/public/你不是我，我不是我 (15键).txt
braveheart,/Users/dong/Music/15/braveheart (15键).txt,/Users/dong/Desktop/Learn/muios/public/braveheart (15键).txt
braveheart,/Users/dong/Music/15/brave heart (15键).txt,/Users/dong/Desktop/Learn/muios/public/brave heart (15键).txt
AllLoved-Up-Amy-Shark,/Users/dong/Music/15/AllLoved-Up-Amy-Shark (15键).txt,/Users/dong/Desktop/Learn/muios/public/AllLoved-Up-Amy-Shark (15键).txt
mindbrand,/Users/dong/Music/15/mindbrand (15键).txt,/Users/dong/Desktop/Learn/muios/public/mindbrand (15键).txt
Ten Thousand Stars(CircusP),/Users/dong/Music/15/Ten Thousand Stars（CircusP） (15键).txt,/Users/dong/Desktop/Learn/muios/public/Ten Thousand Stars（CircusP） (15键).txt
Ten Thousand Stars(CircusP),/Users/dong/Music/15/Ten.Thousand.Stars.CircusP (15键).txt,/Users/dong/Desktop/Learn/muios/public/Ten.Thousand.Stars.CircusP (15键).txt
PLANETラムジ,/Users/dong/Music/15/PLANETラムジ (15键).txt,/Users/dong/Desktop/Learn/muios/public/PLANETラムジ (15键).txt
青衣谣青云志插曲,/Users/dong/Music/15/青衣谣青云志插曲 (15键).txt,/Users/dong/Desktop/Learn/muios/public/青衣谣青云志插曲 (15键).txt
WhatYou-Waiting-For-Somi,/Users/dong/Music/15/WhatYou-Waiting-For-Somi (15键).txt,/Users/dong/Desktop/Learn/muios/public/WhatYou-Waiting-For-Somi (15键).txt
小小少年英俊少年插曲,/Users/dong/Music/15/小小少年英俊少年插曲 (15键).txt,/Users/dong/Desktop/Learn/muios/public/小小少年英俊少年插曲 (15键).txt
巴啦啦小魔仙,/Users/dong/Music/15/巴啦啦小魔仙 (15键).txt,/Users/dong/Desktop/Learn/muios/public/巴啦啦小魔仙 (15键).txt
Changes,/Users/dong/Music/15/Changes (15键).txt,/Users/dong/Desktop/Learn/muios/public/Changes (15键).txt
泰罗奥特曼,/Users/dong/Music/15/泰罗奥特曼 (15键).txt,/Users/dong/Desktop/Learn/muios/public/泰罗奥特曼 (15键).txt
天与地之安魂曲,/Users/dong/Music/15/天与地之安魂曲 (15键).txt,/Users/dong/Desktop/Learn/muios/public/天与地之安魂曲 (15键).txt
老街,/Users/dong/Music/15/老街 (15键).txt,/Users/dong/Desktop/Learn/muios/public/老街 (15键).txt
青花,/Users/dong/Music/15/青花 (15键).txt,/Users/dong/Desktop/Learn/muios/public/青花 (15键).txt
大丈夫天气之子插曲,/Users/dong/Music/15/大丈夫天气之子插曲 (15键).txt,/Users/dong/Desktop/Learn/muios/public/大丈夫天气之子插曲 (15键).txt
M01,/Users/dong/Music/15/M01 (15键).txt,/Users/dong/Desktop/Learn/muios/public/M01 (15键).txt
降A大调圆舞曲勃拉姆斯,/Users/dong/Music/15/降A大调圆舞曲勃拉姆斯 (15键).txt,/Users/dong/Desktop/Learn/muios/public/降A大调圆舞曲勃拉姆斯 (15键).txt
当琪琪笑起来的时候,/Users/dong/Music/15/当琪琪笑起来的时候 (15键).txt,/Users/dong/Desktop/Learn/muios/public/当琪琪笑起来的时候 (15键).txt
Livingmice,/Users/dong/Music/15/Livingmice (15键).txt,/Users/dong/Desktop/Learn/muios/public/Livingmice (15键).txt
Livingmice,/Users/dong/Music/15/Living mice (15键).txt,/Users/dong/Desktop/Learn/muios/public/Living mice (15键).txt
Dream×Dream名侦探柯南剧场版第8弹银翼的魔术师主题曲,/Users/dong/Music/15/Dream×Dream名侦探柯南剧场版第8弹银翼的魔术师主题曲 (15键).txt,/Users/dong/Desktop/Learn/muios/public/Dream×Dream名侦探柯南剧场版第8弹银翼的魔术师主题曲 (15键).txt
马,/Users/dong/Music/15/马 (15键).txt,/Users/dong/Desktop/Learn/muios/public/马 (15键).txt
可惜不是双鱼座夜的钢琴曲,/Users/dong/Music/15/可惜不是双鱼座夜的钢琴曲 (15键).txt,/Users/dong/Desktop/Learn/muios/public/可惜不是双鱼座夜的钢琴曲 (15键).txt
OneMore-Light-Linkin-Park,/Users/dong/Music/15/OneMore-Light-Linkin-Park (15键).txt,/Users/dong/Desktop/Learn/muios/public/OneMore-Light-Linkin-Park (15键).txt
小叮当哆啦A梦之歌,/Users/dong/Music/15/小叮当哆啦A梦之歌 (15键).txt,/Users/dong/Desktop/Learn/muios/public/小叮当哆啦A梦之歌 (15键).txt
很想讨厌你单恋双城主题曲,/Users/dong/Music/15/很想讨厌你单恋双城主题曲 (15键).txt,/Users/dong/Desktop/Learn/muios/public/很想讨厌你单恋双城主题曲 (15键).txt
送别(笛子号角),/Users/dong/Music/15/送别（笛子号角） (15键).txt,/Users/dong/Desktop/Learn/muios/public/送别（笛子号角） (15键).txt
盗将行(天刀),/Users/dong/Music/15/盗将行（天刀） (15键).txt,/Users/dong/Desktop/Learn/muios/public/盗将行（天刀） (15键).txt
StillDRE-Dr-Dre,/Users/dong/Music/15/StillDRE-Dr--Dre (15键).txt,/Users/dong/Desktop/Learn/muios/public/StillDRE-Dr--Dre (15键).txt
笑红尘,/Users/dong/Music/15/笑红尘 (15键).txt,/Users/dong/Desktop/Learn/muios/public/笑红尘 (15键).txt
人间指南C调简单版-时间是海欲望是船哪里才是我彼岸,/Users/dong/Music/15/人间指南C调简单版-时间是海欲望是船哪里才是我彼岸 (15键).txt,/Users/dong/Desktop/Learn/muios/public/人间指南C调简单版-时间是海欲望是船哪里才是我彼岸 (15键).txt
飘向北方,/Users/dong/Music/15/飘向北方 (15键).txt,/Users/dong/Desktop/Learn/muios/public/飘向北方 (15键).txt
DontDream-Its-Over-Crowded-House,/Users/dong/Music/15/DontDream-Its-Over-Crowded-House (15键).txt,/Users/dong/Desktop/Learn/muios/public/DontDream-Its-Over-Crowded-House (15键).txt
maybeYiruma李闰珉,/Users/dong/Music/15/maybeYiruma李闰珉 (15键).txt,/Users/dong/Desktop/Learn/muios/public/maybeYiruma李闰珉 (15键).txt
扶摇电视剧扶摇主题曲,/Users/dong/Music/15/扶摇电视剧扶摇主题曲 (15键).txt,/Users/dong/Desktop/Learn/muios/public/扶摇电视剧扶摇主题曲 (15键).txt
一格格,/Users/dong/Music/15/一格格 (15键).txt,/Users/dong/Desktop/Learn/muios/public/一格格 (15键).txt
剑盾 玛俐对战曲 Sword and Shield Marnie Theme,/Users/dong/Music/15/剑盾 玛俐对战曲 Sword and Shield Marnie Theme (15键).txt,/Users/dong/Desktop/Learn/muios/public/剑盾 玛俐对战曲 Sword and Shield Marnie Theme (15键).txt
剑盾 玛俐对战曲 Sword and Shield Marnie Theme,/Users/dong/Music/15/剑盾.玛俐对战曲.Sword.and.Shield.Marnie.Theme (15键).txt,/Users/dong/Desktop/Learn/muios/public/剑盾.玛俐对战曲.Sword.and.Shield.Marnie.Theme (15键).txt
无感王一博湿身唱跳歌词道尽心中委屈,/Users/dong/Music/15/无感王一博湿身唱跳歌词道尽心中委屈 (15键).txt,/Users/dong/Desktop/Learn/muios/public/无感王一博湿身唱跳歌词道尽心中委屈 (15键).txt
The way I still love you,/Users/dong/Music/15/The way I still love you (15键).txt,/Users/dong/Desktop/Learn/muios/public/The way I still love you (15键).txt
The way I still love you,/Users/dong/Music/15/thewayistillloveyou (15键).txt,/Users/dong/Desktop/Learn/muios/public/thewayistillloveyou (15键).txt
The way I still love you,/Users/dong/Music/15/The.Way.I.Still.Love.You (15键).txt,/Users/dong/Desktop/Learn/muios/public/The.Way.I.Still.Love.You (15键).txt
XOXO(,/Users/dong/Music/15/XOXO( (15键).txt,/Users/dong/Desktop/Learn/muios/public/XOXO( (15键).txt
XOXO(,/Users/dong/Music/15/XOXO (15键).txt,/Users/dong/Desktop/Learn/muios/public/XOXO (15键).txt
绿眼のジェラシー东方地灵殿Subterranean-Animism,/Users/dong/Music/15/绿眼のジェラシー东方地灵殿Subterranean-Animism (15键).txt,/Users/dong/Desktop/Learn/muios/public/绿眼のジェラシー东方地灵殿Subterranean-Animism (15键).txt
不为谁而作的歌,/Users/dong/Music/15/不为谁而作的歌 (15键).txt,/Users/dong/Desktop/Learn/muios/public/不为谁而作的歌 (15键).txt
unity第一部分,/Users/dong/Music/15/unity第一部分 (15键).txt,/Users/dong/Desktop/Learn/muios/public/unity第一部分 (15键).txt
IdfcI-Dont-Fucking-Care-Blackbear,/Users/dong/Music/15/IdfcI-Dont-Fucking-Care-Blackbear (15键).txt,/Users/dong/Desktop/Learn/muios/public/IdfcI-Dont-Fucking-Care-Blackbear (15键).txt
练习曲35Midi版EOP自学速成班第二季-孩子们的拜厄-上,/Users/dong/Music/15/练习曲35Midi版EOP自学速成班第二季-孩子们的拜厄-上- (15键).txt,/Users/dong/Desktop/Learn/muios/public/练习曲35Midi版EOP自学速成班第二季-孩子们的拜厄-上- (15键).txt
你会遇见更好的人离开我你会遇见更好的人我已经失去恋人这个身份,/Users/dong/Music/15/你会遇见更好的人离开我你会遇见更好的人我已经失去恋人这个身份 (15键).txt,/Users/dong/Desktop/Learn/muios/public/你会遇见更好的人离开我你会遇见更好的人我已经失去恋人这个身份 (15键).txt
初日路南,/Users/dong/Music/15/初日路南 (15键).txt,/Users/dong/Desktop/Learn/muios/public/初日路南 (15键).txt
LastKiss,/Users/dong/Music/15/LastKiss (15键).txt,/Users/dong/Desktop/Learn/muios/public/LastKiss (15键).txt
Rain言叶之庭,/Users/dong/Music/15/Rain言叶之庭 (15键).txt,/Users/dong/Desktop/Learn/muios/public/Rain言叶之庭 (15键).txt
Rain言叶之庭,/Users/dong/Music/15/Rain(言叶之庭) (15键).txt,/Users/dong/Desktop/Learn/muios/public/Rain(言叶之庭) (15键).txt
Rain言叶之庭,/Users/dong/Music/15/Rain(言叶之庭） (15键).txt,/Users/dong/Desktop/Learn/muios/public/Rain(言叶之庭） (15键).txt
陈奕迅心的距离,/Users/dong/Music/15/陈奕迅心的距离 (15键).txt,/Users/dong/Desktop/Learn/muios/public/陈奕迅心的距离 (15键).txt
陈奕迅心的距离,/Users/dong/Music/15/陈奕迅_心的距离 (15键).txt,/Users/dong/Desktop/Learn/muios/public/陈奕迅_心的距离 (15键).txt
自娱自乐,/Users/dong/Music/15/自娱自乐 (15键).txt,/Users/dong/Desktop/Learn/muios/public/自娱自乐 (15键).txt
世上只有爸爸好熊出没变形记片尾曲,/Users/dong/Music/15/世上只有爸爸好熊出没变形记片尾曲 (15键).txt,/Users/dong/Desktop/Learn/muios/public/世上只有爸爸好熊出没变形记片尾曲 (15键).txt
遇萤橙光遇龙主题曲,/Users/dong/Music/15/遇萤橙光遇龙主题曲 (15键).txt,/Users/dong/Desktop/Learn/muios/public/遇萤橙光遇龙主题曲 (15键).txt
WildLove-James-Bay,/Users/dong/Music/15/WildLove-James-Bay (15键).txt,/Users/dong/Desktop/Learn/muios/public/WildLove-James-Bay (15键).txt
小狗圆舞曲降D大调圆舞曲,/Users/dong/Music/15/小狗圆舞曲降D大调圆舞曲 (15键).txt,/Users/dong/Desktop/Learn/muios/public/小狗圆舞曲降D大调圆舞曲 (15键).txt
天堂岛之歌Hide-and-Seek,/Users/dong/Music/15/天堂岛之歌Hide-and-Seek (15键).txt,/Users/dong/Desktop/Learn/muios/public/天堂岛之歌Hide-and-Seek (15键).txt
乡愁理查德克莱德曼,/Users/dong/Music/15/乡愁理查德克莱德曼 (15键).txt,/Users/dong/Desktop/Learn/muios/public/乡愁理查德克莱德曼 (15键).txt
说书人,/Users/dong/Music/15/说书人 (15键).txt,/Users/dong/Desktop/Learn/muios/public/说书人 (15键).txt
不舍我要我们在一起推广曲,/Users/dong/Music/15/不舍我要我们在一起推广曲 (15键).txt,/Users/dong/Desktop/Learn/muios/public/不舍我要我们在一起推广曲 (15键).txt
see you again,/Users/dong/Music/15/see you again (15键).txt,/Users/dong/Desktop/Learn/muios/public/see you again (15键).txt
see you again,/Users/dong/Music/15/SeeYouAgain (15键).txt,/Users/dong/Desktop/Learn/muios/public/SeeYouAgain (15键).txt
Infinity Heaven无限天堂,/Users/dong/Music/15/Infinity.Heaven无限天堂 (15键).txt,/Users/dong/Desktop/Learn/muios/public/Infinity.Heaven无限天堂 (15键).txt
IllBe-There-Jess-Glynne,/Users/dong/Music/15/IllBe-There-Jess-Glynne (15键).txt,/Users/dong/Desktop/Learn/muios/public/IllBe-There-Jess-Glynne (15键).txt
暂时的记号林俊杰,/Users/dong/Music/15/暂时的记号林俊杰 (15键).txt,/Users/dong/Desktop/Learn/muios/public/暂时的记号林俊杰 (15键).txt
爱存在,/Users/dong/Music/15/爱，存在 (15键).txt,/Users/dong/Desktop/Learn/muios/public/爱，存在 (15键).txt
爱的誓言理查德•克莱德曼,/Users/dong/Music/15/爱的誓言理查德•克莱德曼 (15键).txt,/Users/dong/Desktop/Learn/muios/public/爱的誓言理查德•克莱德曼 (15键).txt
拜厄练习曲 No 8,/Users/dong/Music/15/拜厄练习曲 No.8 (15键).txt,/Users/dong/Desktop/Learn/muios/public/拜厄练习曲 No.8 (15键).txt
若即若离你的生命如此多情主题曲,/Users/dong/Music/15/若即若离你的生命如此多情主题曲 (15键).txt,/Users/dong/Desktop/Learn/muios/public/若即若离你的生命如此多情主题曲 (15键).txt
江南,/Users/dong/Music/15/江南 (15键).txt,/Users/dong/Desktop/Learn/muios/public/江南 (15键).txt
Parasyte - Next To You,/Users/dong/Music/15/Parasyte_-_Next_To_You (15键).txt,/Users/dong/Desktop/Learn/muios/public/Parasyte_-_Next_To_You (15键).txt
Parasyte - Next To You,/Users/dong/Music/15/Parasyte.-.Next.To.You (15键).txt,/Users/dong/Desktop/Learn/muios/public/Parasyte.-.Next.To.You (15键).txt
恋弾けました齐木楠雄的灾难主题曲,/Users/dong/Music/15/恋弾けました齐木楠雄的灾难主题曲 (15键).txt,/Users/dong/Desktop/Learn/muios/public/恋弾けました齐木楠雄的灾难主题曲 (15键).txt
萤火虫之森,/Users/dong/Music/15/萤火虫之森 (15键).txt,/Users/dong/Desktop/Learn/muios/public/萤火虫之森 (15键).txt
告白,/Users/dong/Music/15/告白 (15键).txt,/Users/dong/Desktop/Learn/muios/public/告白 (15键).txt
男儿当自强黄飞鸿之二男儿当自强主题曲,/Users/dong/Music/15/男儿当自强黄飞鸿之二男儿当自强主题曲 (15键).txt,/Users/dong/Desktop/Learn/muios/public/男儿当自强黄飞鸿之二男儿当自强主题曲 (15键).txt
故乡的味道,/Users/dong/Music/15/故乡的味道 (15键).txt,/Users/dong/Desktop/Learn/muios/public/故乡的味道 (15键).txt
大串烧,/Users/dong/Music/15/大串烧 (15键).txt,/Users/dong/Desktop/Learn/muios/public/大串烧 (15键).txt
XOBeyonce,/Users/dong/Music/15/XOBeyonce (15键).txt,/Users/dong/Desktop/Learn/muios/public/XOBeyonce (15键).txt
渡我不渡她,/Users/dong/Music/15/渡我不渡她 (15键).txt,/Users/dong/Desktop/Learn/muios/public/渡我不渡她 (15键).txt
烟火光良-不会分离,/Users/dong/Music/15/烟火光良-不会分离- (15键).txt,/Users/dong/Desktop/Learn/muios/public/烟火光良-不会分离- (15键).txt
真心英雄,/Users/dong/Music/15/真心英雄 (15键).txt,/Users/dong/Desktop/Learn/muios/public/真心英雄 (15键).txt
麻醉师【新】,/Users/dong/Music/15/麻醉师【新】 (15键).txt,/Users/dong/Desktop/Learn/muios/public/麻醉师【新】 (15键).txt
LoveThe-Way-You-Lie-爱你说谎的样子,/Users/dong/Music/15/LoveThe-Way-You-Lie-爱你说谎的样子 (15键).txt,/Users/dong/Desktop/Learn/muios/public/LoveThe-Way-You-Lie-爱你说谎的样子 (15键).txt
LetHerGo,/Users/dong/Music/15/LetHerGo (15键).txt,/Users/dong/Desktop/Learn/muios/public/LetHerGo (15键).txt
LetHerGo,/Users/dong/Music/15/Let.her.go (15键).txt,/Users/dong/Desktop/Learn/muios/public/Let.her.go (15键).txt
LetHerGo,/Users/dong/Music/15/Let her go (15键).txt,/Users/dong/Desktop/Learn/muios/public/Let her go (15键).txt
1981石进,/Users/dong/Music/15/1981石进 (15键).txt,/Users/dong/Desktop/Learn/muios/public/1981石进 (15键).txt
恋爱裁判初音ミク,/Users/dong/Music/15/恋爱裁判初音ミク (15键).txt,/Users/dong/Desktop/Learn/muios/public/恋爱裁判初音ミク (15键).txt
3月9日一公升的眼泪插曲,/Users/dong/Music/15/3月9日一公升的眼泪插曲 (15键).txt,/Users/dong/Desktop/Learn/muios/public/3月9日一公升的眼泪插曲 (15键).txt
EmpireShakira,/Users/dong/Music/15/EmpireShakira (15键).txt,/Users/dong/Desktop/Learn/muios/public/EmpireShakira (15键).txt
Sally is Song,/Users/dong/Music/15/Sally is Song (15键).txt,/Users/dong/Desktop/Learn/muios/public/Sally is Song (15键).txt
Sally is Song,/Users/dong/Music/15/Sally.is.Song (15键).txt,/Users/dong/Desktop/Learn/muios/public/Sally.is.Song (15键).txt
秒速五厘米想い出は哞くの日々,/Users/dong/Music/15/秒速五厘米想い出は哞くの日々 (15键).txt,/Users/dong/Desktop/Learn/muios/public/秒速五厘米想い出は哞くの日々 (15键).txt
桜ノ雨初音miku,/Users/dong/Music/15/桜ノ雨初音miku (15键).txt,/Users/dong/Desktop/Learn/muios/public/桜ノ雨初音miku (15键).txt
柴鱼calling,/Users/dong/Music/15/柴鱼calling (15键).txt,/Users/dong/Desktop/Learn/muios/public/柴鱼calling (15键).txt
外婆桥,/Users/dong/Music/15/外婆桥 (15键).txt,/Users/dong/Desktop/Learn/muios/public/外婆桥 (15键).txt
冰雨,/Users/dong/Music/15/冰雨 (15键).txt,/Users/dong/Desktop/Learn/muios/public/冰雨 (15键).txt
入海,/Users/dong/Music/15/入海 (15键).txt,/Users/dong/Desktop/Learn/muios/public/入海 (15键).txt
SendMy-Love-To-Your-New-Lover-Send-My-Love,/Users/dong/Music/15/SendMy-Love--To-Your-New-Lover--Send-My-Love (15键).txt,/Users/dong/Desktop/Learn/muios/public/SendMy-Love--To-Your-New-Lover--Send-My-Love (15键).txt
野蜂飞舞马克西姆-Flight-of-the-Bumble-Bee,/Users/dong/Music/15/野蜂飞舞马克西姆-Flight-of-the-Bumble-Bee (15键).txt,/Users/dong/Desktop/Learn/muios/public/野蜂飞舞马克西姆-Flight-of-the-Bumble-Bee (15键).txt
EndlessRain-X-JAPAN,/Users/dong/Music/15/EndlessRain-X-JAPAN (15键).txt,/Users/dong/Desktop/Learn/muios/public/EndlessRain-X-JAPAN (15键).txt
天ノ弱,/Users/dong/Music/15/天ノ弱 (15键).txt,/Users/dong/Desktop/Learn/muios/public/天ノ弱 (15键).txt
Arcade2019年欧洲歌唱大赛,/Users/dong/Music/15/Arcade2019年欧洲歌唱大赛 (15键).txt,/Users/dong/Desktop/Learn/muios/public/Arcade2019年欧洲歌唱大赛 (15键).txt
世界这么大我还是遇见你,/Users/dong/Music/15/世界这么大我还是遇见你 (15键).txt,/Users/dong/Desktop/Learn/muios/public/世界这么大我还是遇见你 (15键).txt
HomesickKane-Brown,/Users/dong/Music/15/HomesickKane-Brown (15键).txt,/Users/dong/Desktop/Learn/muios/public/HomesickKane-Brown (15键).txt
止战之殇,/Users/dong/Music/15/止战之殇 (15键).txt,/Users/dong/Desktop/Learn/muios/public/止战之殇 (15键).txt
我有一个道姑老婆,/Users/dong/Music/15/我有一个道姑老婆 (15键).txt,/Users/dong/Desktop/Learn/muios/public/我有一个道姑老婆 (15键).txt
Coldin-LA-Why-Dont-We,/Users/dong/Music/15/Coldin-LA-Why-Dont-We (15键).txt,/Users/dong/Desktop/Learn/muios/public/Coldin-LA-Why-Dont-We (15键).txt
今天也想见到你,/Users/dong/Music/15/今天也想见到你 (15键).txt,/Users/dong/Desktop/Learn/muios/public/今天也想见到你 (15键).txt
ChinaY,/Users/dong/Music/15/ChinaY (15键).txt,/Users/dong/Desktop/Learn/muios/public/ChinaY (15键).txt
Time Reflection,/Users/dong/Music/15/Time.Reflection (15键).txt,/Users/dong/Desktop/Learn/muios/public/Time.Reflection (15键).txt
Time Reflection,/Users/dong/Music/15/Time Reflection (15键).txt,/Users/dong/Desktop/Learn/muios/public/Time Reflection (15键).txt
DiorPop-Smoke,/Users/dong/Music/15/DiorPop-Smoke (15键).txt,/Users/dong/Desktop/Learn/muios/public/DiorPop-Smoke (15键).txt
春紫苑,/Users/dong/Music/15/春紫苑 (15键).txt,/Users/dong/Desktop/Learn/muios/public/春紫苑 (15键).txt
UntitledUntitled-How-Could-This-Happen-to-Me,/Users/dong/Music/15/UntitledUntitled--How-Could-This-Happen-to-Me- (15键).txt,/Users/dong/Desktop/Learn/muios/public/UntitledUntitled--How-Could-This-Happen-to-Me- (15键).txt
不羡,/Users/dong/Music/15/不羡 (15键).txt,/Users/dong/Desktop/Learn/muios/public/不羡 (15键).txt
IFeel-It-Coming,/Users/dong/Music/15/I.Feel.It.Coming (15键).txt,/Users/dong/Desktop/Learn/muios/public/I.Feel.It.Coming (15键).txt
PepasFarruko,/Users/dong/Music/15/PepasFarruko (15键).txt,/Users/dong/Desktop/Learn/muios/public/PepasFarruko (15键).txt
RainyDay,/Users/dong/Music/15/RainyDay (15键).txt,/Users/dong/Desktop/Learn/muios/public/RainyDay (15键).txt
钢琴 夏洛特烦恼主题曲,/Users/dong/Music/15/钢琴_夏洛特烦恼主题曲 (15键).txt,/Users/dong/Desktop/Learn/muios/public/钢琴_夏洛特烦恼主题曲 (15键).txt
桜の花びらたち伴奏版-前田敦子-AKB48,/Users/dong/Music/15/桜の花びらたち伴奏版-前田敦子-AKB48 (15键).txt,/Users/dong/Desktop/Learn/muios/public/桜の花びらたち伴奏版-前田敦子-AKB48 (15键).txt
天问山河令主题曲,/Users/dong/Music/15/天问山河令主题曲 (15键).txt,/Users/dong/Desktop/Learn/muios/public/天问山河令主题曲 (15键).txt
天问山河令主题曲,/Users/dong/Music/15/《天问》山河令主题曲 (15键).txt,/Users/dong/Desktop/Learn/muios/public/《天问》山河令主题曲 (15键).txt
野子苏运莹,/Users/dong/Music/15/野子苏运莹 (15键).txt,/Users/dong/Desktop/Learn/muios/public/野子苏运莹 (15键).txt
白鹭归庭,/Users/dong/Music/15/白鹭归庭 (15键).txt,/Users/dong/Desktop/Learn/muios/public/白鹭归庭 (15键).txt
IWill-Follow-You-Into-the-Dark,/Users/dong/Music/15/IWill-Follow-You-Into-the-Dark (15键).txt,/Users/dong/Desktop/Learn/muios/public/IWill-Follow-You-Into-the-Dark (15键).txt
梦之安魂曲,/Users/dong/Music/15/梦之安魂曲 (15键).txt,/Users/dong/Desktop/Learn/muios/public/梦之安魂曲 (15键).txt
LeanOn-Major-Lazer,/Users/dong/Music/15/LeanOn-Major-Lazer (15键).txt,/Users/dong/Desktop/Learn/muios/public/LeanOn-Major-Lazer (15键).txt
HeavenDepeche-Mode,/Users/dong/Music/15/HeavenDepeche-Mode (15键).txt,/Users/dong/Desktop/Learn/muios/public/HeavenDepeche-Mode (15键).txt
不染,/Users/dong/Music/15/不染 (15键).txt,/Users/dong/Desktop/Learn/muios/public/不染 (15键).txt
白狐,/Users/dong/Music/15/白狐 (15键).txt,/Users/dong/Desktop/Learn/muios/public/白狐 (15键).txt
文爱,/Users/dong/Music/15/文爱 (15键).txt,/Users/dong/Desktop/Learn/muios/public/文爱 (15键).txt
天下张杰,/Users/dong/Music/15/天下张杰 (15键).txt,/Users/dong/Desktop/Learn/muios/public/天下张杰 (15键).txt
来自天堂的魔鬼,/Users/dong/Music/15/来自天堂的魔鬼 (15键).txt,/Users/dong/Desktop/Learn/muios/public/来自天堂的魔鬼 (15键).txt
星のように 宇宙英雄之超银河传说主題歌,/Users/dong/Music/15/星のように…宇宙英雄之超银河传说主題歌 (15键).txt,/Users/dong/Desktop/Learn/muios/public/星のように…宇宙英雄之超银河传说主題歌 (15键).txt
TheStorm-TheFatRat和Maisy-Kay,/Users/dong/Music/15/TheStorm-TheFatRat和Maisy-Kay (15键).txt,/Users/dong/Desktop/Learn/muios/public/TheStorm-TheFatRat和Maisy-Kay (15键).txt
Writerin-the-Dark-Lorde,/Users/dong/Music/15/Writerin-the-Dark-Lorde (15键).txt,/Users/dong/Desktop/Learn/muios/public/Writerin-the-Dark-Lorde (15键).txt
WishYou-Were-Here-艾薇儿,/Users/dong/Music/15/WishYou-Were-Here-艾薇儿 (15键).txt,/Users/dong/Desktop/Learn/muios/public/WishYou-Were-Here-艾薇儿 (15键).txt
月亮藤原樱,/Users/dong/Music/15/月亮藤原樱 (15键).txt,/Users/dong/Desktop/Learn/muios/public/月亮藤原樱 (15键).txt
你的🍺馆对我打了烊,/Users/dong/Music/15/你的🍺馆对我打了烊 (15键).txt,/Users/dong/Desktop/Learn/muios/public/你的🍺馆对我打了烊 (15键).txt
小兔子乖乖(单和一起),/Users/dong/Music/15/小兔子乖乖(单和一起) (15键).txt,/Users/dong/Desktop/Learn/muios/public/小兔子乖乖(单和一起) (15键).txt
过大年俞静,/Users/dong/Music/15/过大年俞静 (15键).txt,/Users/dong/Desktop/Learn/muios/public/过大年俞静 (15键).txt
Giant宋雨琦,/Users/dong/Music/15/Giant宋雨琦 (15键).txt,/Users/dong/Desktop/Learn/muios/public/Giant宋雨琦 (15键).txt
白天不懂夜的黑黄小琥,/Users/dong/Music/15/白天不懂夜的黑黄小琥 (15键).txt,/Users/dong/Desktop/Learn/muios/public/白天不懂夜的黑黄小琥 (15键).txt
礼赞歌,/Users/dong/Music/15/礼赞歌 (15键).txt,/Users/dong/Desktop/Learn/muios/public/礼赞歌 (15键).txt
rollinggirl,/Users/dong/Music/15/rollinggirl (15键).txt,/Users/dong/Desktop/Learn/muios/public/rollinggirl (15键).txt
rollinggirl,/Users/dong/Music/15/rolling.girl (15键).txt,/Users/dong/Desktop/Learn/muios/public/rolling.girl (15键).txt
RiverFlowsInYou,/Users/dong/Music/15/《RiverFlowsInYou》 (15键).txt,/Users/dong/Desktop/Learn/muios/public/《RiverFlowsInYou》 (15键).txt
RiverFlowsInYou,/Users/dong/Music/15/River.Flows.in.You (15键).txt,/Users/dong/Desktop/Learn/muios/public/River.Flows.in.You (15键).txt
RiverFlowsInYou,/Users/dong/Music/15/River flows in you (15键).txt,/Users/dong/Desktop/Learn/muios/public/River flows in you (15键).txt
RiverFlowsInYou,/Users/dong/Music/15/Riverflowsinyou (15键).txt,/Users/dong/Desktop/Learn/muios/public/Riverflowsinyou (15键).txt
いのちの名前千与千寻主题歌,/Users/dong/Music/15/いのちの名前千与千寻主题歌 (15键).txt,/Users/dong/Desktop/Learn/muios/public/いのちの名前千与千寻主题歌 (15键).txt
BreakFree-Ariana-Grande-Zedd,/Users/dong/Music/15/BreakFree-Ariana-Grande---Zedd (15键).txt,/Users/dong/Desktop/Learn/muios/public/BreakFree-Ariana-Grande---Zedd (15键).txt
WishYou-Were-Here-Pink-Floyd,/Users/dong/Music/15/WishYou-Were-Here-Pink-Floyd (15键).txt,/Users/dong/Desktop/Learn/muios/public/WishYou-Were-Here-Pink-Floyd (15键).txt
你的眼睛像星星,/Users/dong/Music/15/你的眼睛像星星 (15键).txt,/Users/dong/Desktop/Learn/muios/public/你的眼睛像星星 (15键).txt
stjaelermithjerte,/Users/dong/Music/15/stjaelermithjerte (15键).txt,/Users/dong/Desktop/Learn/muios/public/stjaelermithjerte (15键).txt
再见宣言,/Users/dong/Music/15/再见宣言 (15键).txt,/Users/dong/Desktop/Learn/muios/public/再见宣言 (15键).txt
麻雀 李荣浩(白灵),/Users/dong/Music/15/麻雀_李荣浩（白灵） (15键).txt,/Users/dong/Desktop/Learn/muios/public/麻雀_李荣浩（白灵） (15键).txt
你的名字(约会),/Users/dong/Music/15/你的名字（约会） (15键).txt,/Users/dong/Desktop/Learn/muios/public/你的名字（约会） (15键).txt
你的名字(约会),/Users/dong/Music/15/你的名字约会 (15键).txt,/Users/dong/Desktop/Learn/muios/public/你的名字约会 (15键).txt
Merry Christmas Mr Lawrence,/Users/dong/Music/15/Merry.Christmas.Mr.Lawrence (15键).txt,/Users/dong/Desktop/Learn/muios/public/Merry.Christmas.Mr.Lawrence (15键).txt
Merry Christmas Mr Lawrence,/Users/dong/Music/15/merry christmas mr lawrence (15键).txt,/Users/dong/Desktop/Learn/muios/public/merry christmas mr lawrence (15键).txt
Merry Christmas Mr Lawrence,"/Users/dong/Music/15/MerryChristmas,Mr.Lawrence (15键).txt","/Users/dong/Desktop/Learn/muios/public/MerryChristmas,Mr.Lawrence (15键).txt"
Merry Christmas Mr Lawrence,/Users/dong/Music/15/MerryChristmasMr.Lawrence (15键).txt,/Users/dong/Desktop/Learn/muios/public/MerryChristmasMr.Lawrence (15键).txt
Merry Christmas Mr Lawrence,/Users/dong/Music/15/MerryChristmas-Mr-Lawrence (15键).txt,/Users/dong/Desktop/Learn/muios/public/MerryChristmas-Mr-Lawrence (15键).txt
Merry Christmas Mr Lawrence,/Users/dong/Music/15/《MerryChristmasMr.Lawrence》 (15键).txt,/Users/dong/Desktop/Learn/muios/public/《MerryChristmasMr.Lawrence》 (15键).txt
Merry Christmas Mr Lawrence,/Users/dong/Music/15/MerryChristmasMrLawrence (15键).txt,/Users/dong/Desktop/Learn/muios/public/MerryChristmasMrLawrence (15键).txt
JealousyJealousy-Olivia-Rodrigo,/Users/dong/Music/15/JealousyJealousy-Olivia-Rodrigo (15键).txt,/Users/dong/Desktop/Learn/muios/public/JealousyJealousy-Olivia-Rodrigo (15键).txt
一起向未来,/Users/dong/Music/15/一起向未来 (15键).txt,/Users/dong/Desktop/Learn/muios/public/一起向未来 (15键).txt
那个夏天,/Users/dong/Music/15/那个夏天 (15键).txt,/Users/dong/Desktop/Learn/muios/public/那个夏天 (15键).txt
睫毛弯弯-王心凌,/Users/dong/Music/15/睫毛弯弯-王心凌 (15键).txt,/Users/dong/Desktop/Learn/muios/public/睫毛弯弯-王心凌 (15键).txt
不要离开Do-not-leave,/Users/dong/Music/15/不要离开Do-not-leave (15键).txt,/Users/dong/Desktop/Learn/muios/public/不要离开Do-not-leave (15键).txt
想像フォレスト空想フォレスト,/Users/dong/Music/15/想像フォレスト空想フォレスト (15键).txt,/Users/dong/Desktop/Learn/muios/public/想像フォレスト空想フォレスト (15键).txt
泣いてもいいんだよももいろクローバーZ,/Users/dong/Music/15/泣いてもいいんだよももいろクローバーZ (15键).txt,/Users/dong/Desktop/Learn/muios/public/泣いてもいいんだよももいろクローバーZ (15键).txt
OneMans-Dream-雅尼-Yanni,/Users/dong/Music/15/OneMans-Dream-雅尼-Yanni- (15键).txt,/Users/dong/Desktop/Learn/muios/public/OneMans-Dream-雅尼-Yanni- (15键).txt
toMother-YUI,/Users/dong/Music/15/toMother-YUI (15键).txt,/Users/dong/Desktop/Learn/muios/public/toMother-YUI (15键).txt
传说的世界。光遇琴谱,/Users/dong/Music/15/传说的世界。光遇琴谱 (15键).txt,/Users/dong/Desktop/Learn/muios/public/传说的世界。光遇琴谱 (15键).txt
summerboy-阴阳怪气,/Users/dong/Music/15/summerboy—阴阳怪气 (15键).txt,/Users/dong/Desktop/Learn/muios/public/summerboy—阴阳怪气 (15键).txt
永远的七日之都-深海火种,/Users/dong/Music/15/永远的七日之都—深海火种 (15键).txt,/Users/dong/Desktop/Learn/muios/public/永远的七日之都—深海火种 (15键).txt
雪见·落入凡尘,/Users/dong/Music/15/雪见·落入凡尘 (15键).txt,/Users/dong/Desktop/Learn/muios/public/雪见·落入凡尘 (15键).txt
雪见·落入凡尘,/Users/dong/Music/15/雪见落入凡尘 (15键).txt,/Users/dong/Desktop/Learn/muios/public/雪见落入凡尘 (15键).txt
cryforthemoon,/Users/dong/Music/15/cryforthemoon (15键).txt,/Users/dong/Desktop/Learn/muios/public/cryforthemoon (15键).txt
cryforthemoon,/Users/dong/Music/15/cry.for.the.moon (15键).txt,/Users/dong/Desktop/Learn/muios/public/cry.for.the.moon (15键).txt
体面,/Users/dong/Music/15/体面 (15键).txt,/Users/dong/Desktop/Learn/muios/public/体面 (15键).txt
InLove-沉浸在爱中-July,/Users/dong/Music/15/InLove-沉浸在爱中-July (15键).txt,/Users/dong/Desktop/Learn/muios/public/InLove-沉浸在爱中-July (15键).txt
车尔尼599007,/Users/dong/Music/15/车尔尼599007 (15键).txt,/Users/dong/Desktop/Learn/muios/public/车尔尼599007 (15键).txt
"倔强,简短",/Users/dong/Music/15/倔强，简短 (15键).txt,/Users/dong/Desktop/Learn/muios/public/倔强，简短 (15键).txt
IWant-It-That-Way-后街男孩,/Users/dong/Music/15/IWant-It-That-Way-后街男孩 (15键).txt,/Users/dong/Desktop/Learn/muios/public/IWant-It-That-Way-后街男孩 (15键).txt
牢不可破的联盟,/Users/dong/Music/15/牢不可破的联盟 (15键).txt,/Users/dong/Desktop/Learn/muios/public/牢不可破的联盟 (15键).txt
In the end,/Users/dong/Music/15/In the end (15键).txt,/Users/dong/Desktop/Learn/muios/public/In the end (15键).txt
In the end,/Users/dong/Music/15/intheend (15键).txt,/Users/dong/Desktop/Learn/muios/public/intheend (15键).txt
In the end,/Users/dong/Music/15/In.the.end (15键).txt,/Users/dong/Desktop/Learn/muios/public/In.the.end (15键).txt
暗淡的是你曾温柔的小动作,/Users/dong/Music/15/暗淡的是你曾温柔的小动作 (15键).txt,/Users/dong/Desktop/Learn/muios/public/暗淡的是你曾温柔的小动作 (15键).txt
Awake金硕珍-防弹少年团,/Users/dong/Music/15/Awake金硕珍-防弹少年团 (15键).txt,/Users/dong/Desktop/Learn/muios/public/Awake金硕珍-防弹少年团 (15键).txt
OtonalRaul-Di-Blasio,/Users/dong/Music/15/OtonalRaul-Di-Blasio (15键).txt,/Users/dong/Desktop/Learn/muios/public/OtonalRaul-Di-Blasio (15键).txt
没什么大不了-你的名字,/Users/dong/Music/15/没什么大不了-《你的名字》 (15键).txt,/Users/dong/Desktop/Learn/muios/public/没什么大不了-《你的名字》 (15键).txt
开场,/Users/dong/Music/15/开场 (15键).txt,/Users/dong/Desktop/Learn/muios/public/开场 (15键).txt
WithoutYou,/Users/dong/Music/15/WithoutYou (15键).txt,/Users/dong/Desktop/Learn/muios/public/WithoutYou (15键).txt
WithoutYou,/Users/dong/Music/15/Without You (15键).txt,/Users/dong/Desktop/Learn/muios/public/Without You (15键).txt
死神小学生处刑曲,/Users/dong/Music/15/死神小学生处刑曲 (15键).txt,/Users/dong/Desktop/Learn/muios/public/死神小学生处刑曲 (15键).txt
说说话C调简单版-王靖雯不胖,/Users/dong/Music/15/说说话C调简单版-王靖雯不胖 (15键).txt,/Users/dong/Desktop/Learn/muios/public/说说话C调简单版-王靖雯不胖 (15键).txt
穿越时空的思念(延长音版),/Users/dong/Music/15/穿越时空的思念（延长音版） (15键).txt,/Users/dong/Desktop/Learn/muios/public/穿越时空的思念（延长音版） (15键).txt
自己猜名字,/Users/dong/Music/15/自己猜名字~ (15键).txt,/Users/dong/Desktop/Learn/muios/public/自己猜名字~ (15键).txt
Themefrom-Mission-Impossible,/Users/dong/Music/15/Themefrom-Mission-Impossible (15键).txt,/Users/dong/Desktop/Learn/muios/public/Themefrom-Mission-Impossible (15键).txt
余生,/Users/dong/Music/15/余生 (15键).txt,/Users/dong/Desktop/Learn/muios/public/余生 (15键).txt
不浪漫罪名,/Users/dong/Music/15/不浪漫罪名 (15键).txt,/Users/dong/Desktop/Learn/muios/public/不浪漫罪名 (15键).txt
丢手绢,/Users/dong/Music/15/丢手绢 (15键).txt,/Users/dong/Desktop/Learn/muios/public/丢手绢 (15键).txt
世界第一的公主殿下World-is-Mine,/Users/dong/Music/15/世界第一的公主殿下World-is-Mine (15键).txt,/Users/dong/Desktop/Learn/muios/public/世界第一的公主殿下World-is-Mine (15键).txt
两只蝴蝶,/Users/dong/Music/15/两只蝴蝶 (15键).txt,/Users/dong/Desktop/Learn/muios/public/两只蝴蝶 (15键).txt
千与千寻(永远常在),/Users/dong/Music/15/千与千寻（永远常在） (15键).txt,/Users/dong/Desktop/Learn/muios/public/千与千寻（永远常在） (15键).txt
串烧1,/Users/dong/Music/15/串烧1 (15键).txt,/Users/dong/Desktop/Learn/muios/public/串烧1 (15键).txt
爱会还原,/Users/dong/Music/15/爱会还原 (15键).txt,/Users/dong/Desktop/Learn/muios/public/爱会还原 (15键).txt
FormationBeyoncé,/Users/dong/Music/15/FormationBeyoncé (15键).txt,/Users/dong/Desktop/Learn/muios/public/FormationBeyoncé (15键).txt
万蝶振翅小撮版,/Users/dong/Music/15/万蝶振翅小撮版 (15键).txt,/Users/dong/Desktop/Learn/muios/public/万蝶振翅小撮版 (15键).txt
Minute Waltz Op No,/Users/dong/Music/15/Minute_Waltz_Op._No (15键).txt,/Users/dong/Desktop/Learn/muios/public/Minute_Waltz_Op._No (15键).txt
月の明り最终幻想IV背景音乐,/Users/dong/Music/15/月の明り最终幻想Ⅳ背景音乐 (15键).txt,/Users/dong/Desktop/Learn/muios/public/月の明り最终幻想Ⅳ背景音乐 (15键).txt
WayDown-We-Go-Kaleo,/Users/dong/Music/15/WayDown-We-Go-Kaleo (15键).txt,/Users/dong/Desktop/Learn/muios/public/WayDown-We-Go-Kaleo (15键).txt
隔岸,/Users/dong/Music/15/隔岸 (15键).txt,/Users/dong/Desktop/Learn/muios/public/隔岸 (15键).txt
英国掷弹兵进行曲The-British-Grenadiers,/Users/dong/Music/15/英国掷弹兵进行曲The-British-Grenadiers (15键).txt,/Users/dong/Desktop/Learn/muios/public/英国掷弹兵进行曲The-British-Grenadiers (15键).txt
只要多一点点,/Users/dong/Music/15/只要多一点点 (15键).txt,/Users/dong/Desktop/Learn/muios/public/只要多一点点 (15键).txt
学校,/Users/dong/Music/15/学校 (15键).txt,/Users/dong/Desktop/Learn/muios/public/学校 (15键).txt
MarryYou-Bruno-Mars,/Users/dong/Music/15/MarryYou---Bruno-Mars (15键).txt,/Users/dong/Desktop/Learn/muios/public/MarryYou---Bruno-Mars (15键).txt
靠岸刘宇,/Users/dong/Music/15/靠岸刘宇 (15键).txt,/Users/dong/Desktop/Learn/muios/public/靠岸刘宇 (15键).txt
有情人终成眷属郑源-赵默,/Users/dong/Music/15/有情人终成眷属郑源-赵默 (15键).txt,/Users/dong/Desktop/Learn/muios/public/有情人终成眷属郑源-赵默 (15键).txt
BoombayahBlackpink,/Users/dong/Music/15/BoombayahBlackpink (15键).txt,/Users/dong/Desktop/Learn/muios/public/BoombayahBlackpink (15键).txt
星愿妈妈让我再爱你一次主题曲,/Users/dong/Music/15/星愿妈妈让我再爱你一次主题曲 (15键).txt,/Users/dong/Desktop/Learn/muios/public/星愿妈妈让我再爱你一次主题曲 (15键).txt
TryP-nk,/Users/dong/Music/15/TryP-nk (15键).txt,/Users/dong/Desktop/Learn/muios/public/TryP-nk (15键).txt
怎样遇见你孙露,/Users/dong/Music/15/怎样遇见你孙露 (15键).txt,/Users/dong/Desktop/Learn/muios/public/怎样遇见你孙露 (15键).txt
你的眼神,/Users/dong/Music/15/你的眼神 (15键).txt,/Users/dong/Desktop/Learn/muios/public/你的眼神 (15键).txt
吹梦到西州,/Users/dong/Music/15/吹梦到西州 (15键).txt,/Users/dong/Desktop/Learn/muios/public/吹梦到西州 (15键).txt
猪八戒背媳妇2,/Users/dong/Music/15/猪八戒背媳妇2 (15键).txt,/Users/dong/Desktop/Learn/muios/public/猪八戒背媳妇2 (15键).txt
下山,/Users/dong/Music/15/下山 (15键).txt,/Users/dong/Desktop/Learn/muios/public/下山 (15键).txt
父亲伴奏-筷子兄弟,/Users/dong/Music/15/父亲伴奏-筷子兄弟 (15键).txt,/Users/dong/Desktop/Learn/muios/public/父亲伴奏-筷子兄弟 (15键).txt
探偵くんくん蔷薇少女插入歌,/Users/dong/Music/15/探偵くんくん蔷薇少女插入歌 (15键).txt,/Users/dong/Desktop/Learn/muios/public/探偵くんくん蔷薇少女插入歌 (15键).txt
早操不能说的秘密插曲,/Users/dong/Music/15/早操不能说的秘密插曲 (15键).txt,/Users/dong/Desktop/Learn/muios/public/早操不能说的秘密插曲 (15键).txt
连备胎都不是,/Users/dong/Music/15/连备胎都不是 (15键).txt,/Users/dong/Desktop/Learn/muios/public/连备胎都不是 (15键).txt
HappyNow-Zedd和Elley-Duhé,/Users/dong/Music/15/HappyNow-Zedd和Elley-Duhé (15键).txt,/Users/dong/Desktop/Learn/muios/public/HappyNow-Zedd和Elley-Duhé (15键).txt
the sound of silence,/Users/dong/Music/15/the.sound.of.silence (15键).txt,/Users/dong/Desktop/Learn/muios/public/the.sound.of.silence (15键).txt
千言万语,/Users/dong/Music/15/千言万语 (15键).txt,/Users/dong/Desktop/Learn/muios/public/千言万语 (15键).txt
一个人睡魏晨,/Users/dong/Music/15/一个人睡魏晨 (15键).txt,/Users/dong/Desktop/Learn/muios/public/一个人睡魏晨 (15键).txt
蓝心羽倒影,/Users/dong/Music/15/蓝心羽倒影 (15键).txt,/Users/dong/Desktop/Learn/muios/public/蓝心羽倒影 (15键).txt
那时候方艺谚,/Users/dong/Music/15/那时候方艺谚 (15键).txt,/Users/dong/Desktop/Learn/muios/public/那时候方艺谚 (15键).txt
答案,/Users/dong/Music/15/答案 (15键).txt,/Users/dong/Desktop/Learn/muios/public/答案 (15键).txt
明天你好牛奶咖啡,/Users/dong/Music/15/明天你好牛奶咖啡 (15键).txt,/Users/dong/Desktop/Learn/muios/public/明天你好牛奶咖啡 (15键).txt
明天你好牛奶咖啡,/Users/dong/Music/15/明天你好-牛奶咖啡 (15键).txt,/Users/dong/Desktop/Learn/muios/public/明天你好-牛奶咖啡 (15键).txt
LupinsAniFace,/Users/dong/Music/15/LupinsAniFace (15键).txt,/Users/dong/Desktop/Learn/muios/public/LupinsAniFace (15键).txt
花火梁咏琪,/Users/dong/Music/15/花火梁咏琪 (15键).txt,/Users/dong/Desktop/Learn/muios/public/花火梁咏琪 (15键).txt
MerryChristmas坂本龙一,/Users/dong/Music/15/MerryChristmas坂本龙一 (15键).txt,/Users/dong/Desktop/Learn/muios/public/MerryChristmas坂本龙一 (15键).txt
过云雨,/Users/dong/Music/15/过云雨 (15键).txt,/Users/dong/Desktop/Learn/muios/public/过云雨 (15键).txt
ShakeIt-Off,/Users/dong/Music/15/ShakeItOff (15键).txt,/Users/dong/Desktop/Learn/muios/public/ShakeItOff (15键).txt
升c小调幻想即兴曲简化版-肖邦,/Users/dong/Music/15/升c小调幻想即兴曲简化版-肖邦 (15键).txt,/Users/dong/Desktop/Learn/muios/public/升c小调幻想即兴曲简化版-肖邦 (15键).txt
这样爱了,/Users/dong/Music/15/这样爱了 (15键).txt,/Users/dong/Desktop/Learn/muios/public/这样爱了 (15键).txt
棠梨煎雪唱出至真至纯的友情,/Users/dong/Music/15/棠梨煎雪唱出至真至纯的友情 (15键).txt,/Users/dong/Desktop/Learn/muios/public/棠梨煎雪唱出至真至纯的友情 (15键).txt
拿走了什么,/Users/dong/Music/15/拿走了什么 (15键).txt,/Users/dong/Desktop/Learn/muios/public/拿走了什么 (15键).txt
世界第一初恋 龙三梦,/Users/dong/Music/15/世界第一初恋.龙三梦 (15键).txt,/Users/dong/Desktop/Learn/muios/public/世界第一初恋.龙三梦 (15键).txt
世界第一初恋 龙三梦,/Users/dong/Music/15/世界第一初恋 龙三梦 (15键).txt,/Users/dong/Desktop/Learn/muios/public/世界第一初恋 龙三梦 (15键).txt
12点30分BEAST,/Users/dong/Music/15/12点30分BEAST (15键).txt,/Users/dong/Desktop/Learn/muios/public/12点30分BEAST (15键).txt
像暗杀似的绕到背后突然拥抱你,/Users/dong/Music/15/像暗杀似的绕到背后突然拥抱你 (15键).txt,/Users/dong/Desktop/Learn/muios/public/像暗杀似的绕到背后突然拥抱你 (15键).txt
pvz二,/Users/dong/Music/15/pvz二 (15键).txt,/Users/dong/Desktop/Learn/muios/public/pvz二 (15键).txt
失眠飞行 insomnia flight 烛子ikina,/Users/dong/Music/15/失眠飞行 insomnia flight 烛子ikina (15键).txt,/Users/dong/Desktop/Learn/muios/public/失眠飞行 insomnia flight 烛子ikina (15键).txt
starsky,/Users/dong/Music/15/star sky (15键).txt,/Users/dong/Desktop/Learn/muios/public/star sky (15键).txt
starsky,/Users/dong/Music/15/star sky. (15键).txt,/Users/dong/Desktop/Learn/muios/public/star sky. (15键).txt
starsky,/Users/dong/Music/15/starsky (15键).txt,/Users/dong/Desktop/Learn/muios/public/starsky (15键).txt
你是人间四月天,/Users/dong/Music/15/你是人间四月天 (15键).txt,/Users/dong/Desktop/Learn/muios/public/你是人间四月天 (15键).txt
爱的双重魔力,/Users/dong/Music/15/爱的双重魔力 (15键).txt,/Users/dong/Desktop/Learn/muios/public/爱的双重魔力 (15键).txt
2021,/Users/dong/Music/15/2021 (15键).txt,/Users/dong/Desktop/Learn/muios/public/2021 (15键).txt
【跳舞】跳舞,/Users/dong/Music/15/【跳舞】跳舞 (15键).txt,/Users/dong/Desktop/Learn/muios/public/【跳舞】跳舞 (15键).txt
WaitWait-Wait-蔡徐坤,/Users/dong/Music/15/WaitWait-Wait-蔡徐坤 (15键).txt,/Users/dong/Desktop/Learn/muios/public/WaitWait-Wait-蔡徐坤 (15键).txt
剪刀刺客刺客伍六七主题曲,/Users/dong/Music/15/剪刀刺客刺客伍六七主题曲 (15键).txt,/Users/dong/Desktop/Learn/muios/public/剪刀刺客刺客伍六七主题曲 (15键).txt
ThankU-Alanis-Morissette,/Users/dong/Music/15/ThankU-Alanis-Morissette (15键).txt,/Users/dong/Desktop/Learn/muios/public/ThankU-Alanis-Morissette (15键).txt
群青,/Users/dong/Music/15/群青 (15键).txt,/Users/dong/Desktop/Learn/muios/public/群青 (15键).txt
彼岸帰航Riverside-View-东方花映冢,/Users/dong/Music/15/彼岸帰航Riverside-View-东方花映冢 (15键).txt,/Users/dong/Desktop/Learn/muios/public/彼岸帰航Riverside-View-东方花映冢 (15键).txt
其实 薛之谦【,/Users/dong/Music/15/其实薛之谦 (15键).txt,/Users/dong/Desktop/Learn/muios/public/其实薛之谦 (15键).txt
洋娃娃和小熊跳舞,/Users/dong/Music/15/《洋娃娃和小熊跳舞》 (15键).txt,/Users/dong/Desktop/Learn/muios/public/《洋娃娃和小熊跳舞》 (15键).txt
洋娃娃和小熊跳舞,/Users/dong/Music/15/洋娃娃和小熊跳舞 (15键).txt,/Users/dong/Desktop/Learn/muios/public/洋娃娃和小熊跳舞 (15键).txt
别看我只是一只羊,/Users/dong/Music/15/别看我只是一只羊 (15键).txt,/Users/dong/Desktop/Learn/muios/public/别看我只是一只羊 (15键).txt
别看我只是一只羊,/Users/dong/Music/15/别看我只是一只羊~ (15键).txt,/Users/dong/Desktop/Learn/muios/public/别看我只是一只羊~ (15键).txt
胡广生无名之辈推广曲,/Users/dong/Music/15/胡广生无名之辈推广曲 (15键).txt,/Users/dong/Desktop/Learn/muios/public/胡广生无名之辈推广曲 (15键).txt
MEHPlayboi-Carti,/Users/dong/Music/15/MEHPlayboi-Carti (15键).txt,/Users/dong/Desktop/Learn/muios/public/MEHPlayboi-Carti (15键).txt
fatallove,/Users/dong/Music/15/fatallove (15键).txt,/Users/dong/Desktop/Learn/muios/public/fatallove (15键).txt
fatallove,/Users/dong/Music/15/fatal.love (15键).txt,/Users/dong/Desktop/Learn/muios/public/fatal.love (15键).txt
fatallove,/Users/dong/Music/15/Fatal love (15键).txt,/Users/dong/Desktop/Learn/muios/public/Fatal love (15键).txt
十七岁,/Users/dong/Music/15/十七岁 (15键).txt,/Users/dong/Desktop/Learn/muios/public/十七岁 (15键).txt
三角,/Users/dong/Music/15/三角 (15键).txt,/Users/dong/Desktop/Learn/muios/public/三角 (15键).txt
AsIt-Was-Harry-Styles,/Users/dong/Music/15/AsIt-Was-Harry-Styles (15键).txt,/Users/dong/Desktop/Learn/muios/public/AsIt-Was-Harry-Styles (15键).txt
逆时光的浪爱上哥们插曲,/Users/dong/Music/15/逆时光的浪爱上哥们插曲 (15键).txt,/Users/dong/Desktop/Learn/muios/public/逆时光的浪爱上哥们插曲 (15键).txt
CallMe-Maybe-Carly-Rae-Jepsen,/Users/dong/Music/15/CallMe-Maybe-Carly-Rae-Jepsen (15键).txt,/Users/dong/Desktop/Learn/muios/public/CallMe-Maybe-Carly-Rae-Jepsen (15键).txt
说好不哭,/Users/dong/Music/15/说好不哭 (15键).txt,/Users/dong/Desktop/Learn/muios/public/说好不哭 (15键).txt
Falling Flower 舞い落ちる花びら 烛子ikina,/Users/dong/Music/15/Falling Flower 舞い落ちる花びら 烛子ikina (15键).txt,/Users/dong/Desktop/Learn/muios/public/Falling Flower 舞い落ちる花びら 烛子ikina (15键).txt
LaVie-En-Rose-Edith-Piaf,/Users/dong/Music/15/LaVie-En-Rose-Edith-Piaf (15键).txt,/Users/dong/Desktop/Learn/muios/public/LaVie-En-Rose-Edith-Piaf (15键).txt
Shapeof-My-Heart-Backstreet-Boys,/Users/dong/Music/15/Shapeof-My-Heart-Backstreet-Boys (15键).txt,/Users/dong/Desktop/Learn/muios/public/Shapeof-My-Heart-Backstreet-Boys (15键).txt
鬼怪round and round,/Users/dong/Music/15/鬼怪round.and.round (15键).txt,/Users/dong/Desktop/Learn/muios/public/鬼怪round.and.round (15键).txt
月光鸣奏曲,/Users/dong/Music/15/月光鸣奏曲 (15键).txt,/Users/dong/Desktop/Learn/muios/public/月光鸣奏曲 (15键).txt
忧伤还是快乐,/Users/dong/Music/15/忧伤还是快乐 (15键).txt,/Users/dong/Desktop/Learn/muios/public/忧伤还是快乐 (15键).txt
HisTheme,/Users/dong/Music/15/HisTheme (15键).txt,/Users/dong/Desktop/Learn/muios/public/HisTheme (15键).txt
HisTheme,/Users/dong/Music/15/His Theme (15键).txt,/Users/dong/Desktop/Learn/muios/public/His Theme (15键).txt
HisTheme,/Users/dong/Music/15/His.theme (15键).txt,/Users/dong/Desktop/Learn/muios/public/His.theme (15键).txt
River Flows in You Yiruma 烛子ikina,/Users/dong/Music/15/《River Flows in You》 Yiruma 烛子ikina (15键).txt,/Users/dong/Desktop/Learn/muios/public/《River Flows in You》 Yiruma 烛子ikina (15键).txt
Time Reflection 昭辰 Rocogitare,/Users/dong/Music/15/Time Reflection_昭辰_Rocogitare (15键).txt,/Users/dong/Desktop/Learn/muios/public/Time Reflection_昭辰_Rocogitare (15键).txt
IJust-Called-to-Say-I-Love-You-电话诉衷情-Stevie-Wonder,/Users/dong/Music/15/IJust-Called-to-Say-I-Love-You-电话诉衷情-Stevie-Wonder (15键).txt,/Users/dong/Desktop/Learn/muios/public/IJust-Called-to-Say-I-Love-You-电话诉衷情-Stevie-Wonder (15键).txt
凉州大遍,/Users/dong/Music/15/凉州大遍 (15键).txt,/Users/dong/Desktop/Learn/muios/public/凉州大遍 (15键).txt
玫瑰色的人生La-Vie-En-Rose,/Users/dong/Music/15/玫瑰色的人生La-Vie-En-Rose (15键).txt,/Users/dong/Desktop/Learn/muios/public/玫瑰色的人生La-Vie-En-Rose (15键).txt
爱的魔法D调,/Users/dong/Music/15/爱的魔法D调 (15键).txt,/Users/dong/Desktop/Learn/muios/public/爱的魔法D调 (15键).txt
神奇宝贝大师,/Users/dong/Music/15/神奇宝贝大师 (15键).txt,/Users/dong/Desktop/Learn/muios/public/神奇宝贝大师 (15键).txt
无感,/Users/dong/Music/15/无感 (15键).txt,/Users/dong/Desktop/Learn/muios/public/无感 (15键).txt
合拍,/Users/dong/Music/15/合拍 (15键).txt,/Users/dong/Desktop/Learn/muios/public/合拍 (15键).txt
桜流し,/Users/dong/Music/15/桜流し (15键).txt,/Users/dong/Desktop/Learn/muios/public/桜流し (15键).txt
看见你的声音高度还原版,/Users/dong/Music/15/看见你的声音高度还原版 (15键).txt,/Users/dong/Desktop/Learn/muios/public/看见你的声音高度还原版 (15键).txt
崖の上のポニョ savffy,/Users/dong/Music/15/崖の上のポニョ_savffy (15键).txt,/Users/dong/Desktop/Learn/muios/public/崖の上のポニョ_savffy (15键).txt
崖の上のポニョ savffy,/Users/dong/Music/15/崖の上のポニョ.savffy (15键).txt,/Users/dong/Desktop/Learn/muios/public/崖の上のポニョ.savffy (15键).txt
TheSunbeams-They-Scatter-Yiruma,/Users/dong/Music/15/TheSunbeams----They-Scatter-Yiruma (15键).txt,/Users/dong/Desktop/Learn/muios/public/TheSunbeams----They-Scatter-Yiruma (15键).txt
参商剑网三剧情歌,/Users/dong/Music/15/参商剑网三剧情歌 (15键).txt,/Users/dong/Desktop/Learn/muios/public/参商剑网三剧情歌 (15键).txt
1022,/Users/dong/Music/15/1022 (15键).txt,/Users/dong/Desktop/Learn/muios/public/1022 (15键).txt
Handsto-Myself-Selena-Gomez,/Users/dong/Music/15/Handsto-Myself-Selena-Gomez (15键).txt,/Users/dong/Desktop/Learn/muios/public/Handsto-Myself-Selena-Gomez (15键).txt
魔仙堡,/Users/dong/Music/15/魔仙堡 (15键).txt,/Users/dong/Desktop/Learn/muios/public/魔仙堡 (15键).txt
SoundOf-Silence-Dami-Im,/Users/dong/Music/15/SoundOf-Silence-Dami-Im (15键).txt,/Users/dong/Desktop/Learn/muios/public/SoundOf-Silence-Dami-Im (15键).txt
G大调的悲伤张靓颖,/Users/dong/Music/15/G大调的悲伤张靓颖 (15键).txt,/Users/dong/Desktop/Learn/muios/public/G大调的悲伤张靓颖 (15键).txt
G大调莫扎特奏鸣曲K283 Mozart Sonata,/Users/dong/Music/15/G大调莫扎特奏鸣曲K283 Mozart Sonata (15键).txt,/Users/dong/Desktop/Learn/muios/public/G大调莫扎特奏鸣曲K283 Mozart Sonata (15键).txt
colors,/Users/dong/Music/15/colors (15键).txt,/Users/dong/Desktop/Learn/muios/public/colors (15键).txt
金瓶似的小山,/Users/dong/Music/15/金瓶似的小山 (15键).txt,/Users/dong/Desktop/Learn/muios/public/金瓶似的小山 (15键).txt
老婆S-H-E,/Users/dong/Music/15/老婆S-H-E (15键).txt,/Users/dong/Desktop/Learn/muios/public/老婆S-H-E (15键).txt
我们的歌~王力宏,/Users/dong/Music/15/我们的歌～王力宏 (15键).txt,/Users/dong/Desktop/Learn/muios/public/我们的歌～王力宏 (15键).txt
采茶纪双笙,/Users/dong/Music/15/采茶纪双笙 (15键).txt,/Users/dong/Desktop/Learn/muios/public/采茶纪双笙 (15键).txt
采茶纪双笙,/Users/dong/Music/15/采茶纪-双笙 (15键).txt,/Users/dong/Desktop/Learn/muios/public/采茶纪-双笙 (15键).txt
梁祝C调好听简版,/Users/dong/Music/15/梁祝C调好听简版 (15键).txt,/Users/dong/Desktop/Learn/muios/public/梁祝C调好听简版 (15键).txt
斯卡布罗集市 scarborough fair,/Users/dong/Music/15/斯卡布罗集市.scarborough.fair (15键).txt,/Users/dong/Desktop/Learn/muios/public/斯卡布罗集市.scarborough.fair (15键).txt
坏苹果Bad Apple 简单easy 烛子ikina,/Users/dong/Music/15/坏苹果Bad Apple 简单easy 烛子ikina (15键).txt,/Users/dong/Desktop/Learn/muios/public/坏苹果Bad Apple 简单easy 烛子ikina (15键).txt
问心无愧最自在简单版-说什么无奈说什么天安排,/Users/dong/Music/15/问心无愧最自在简单版-说什么无奈说什么天安排 (15键).txt,/Users/dong/Desktop/Learn/muios/public/问心无愧最自在简单版-说什么无奈说什么天安排 (15键).txt
弥敦道,/Users/dong/Music/15/弥敦道 (15键).txt,/Users/dong/Desktop/Learn/muios/public/弥敦道 (15键).txt
STYX HELIX,/Users/dong/Music/15/STYX.HELIX (15键).txt,/Users/dong/Desktop/Learn/muios/public/STYX.HELIX (15键).txt
忘了没有,/Users/dong/Music/15/忘了没有 (15键).txt,/Users/dong/Desktop/Learn/muios/public/忘了没有 (15键).txt
孩子气,/Users/dong/Music/15/孩子气 (15键).txt,/Users/dong/Desktop/Learn/muios/public/孩子气 (15键).txt
电灯胆邓丽欣,/Users/dong/Music/15/电灯胆邓丽欣 (15键).txt,/Users/dong/Desktop/Learn/muios/public/电灯胆邓丽欣 (15键).txt
人间不值得(天刀),/Users/dong/Music/15/人间不值得（天刀） (15键).txt,/Users/dong/Desktop/Learn/muios/public/人间不值得（天刀） (15键).txt
披风陈奕迅,/Users/dong/Music/15/披风陈奕迅 (15键).txt,/Users/dong/Desktop/Learn/muios/public/披风陈奕迅 (15键).txt
AllFallsDown,/Users/dong/Music/15/AllFallsDown (15键).txt,/Users/dong/Desktop/Learn/muios/public/AllFallsDown (15键).txt
这就是爱吗三改,/Users/dong/Music/15/这就是爱吗三改 (15键).txt,/Users/dong/Desktop/Learn/muios/public/这就是爱吗三改 (15键).txt
生生不息凉生我们可不可以不忧伤片尾曲,/Users/dong/Music/15/生生不息凉生我们可不可以不忧伤片尾曲 (15键).txt,/Users/dong/Desktop/Learn/muios/public/生生不息凉生我们可不可以不忧伤片尾曲 (15键).txt
SheHarry-Styles,/Users/dong/Music/15/SheHarry-Styles (15键).txt,/Users/dong/Desktop/Learn/muios/public/SheHarry-Styles (15键).txt
处处吻和弦还原,/Users/dong/Music/15/处处吻和弦还原 (15键).txt,/Users/dong/Desktop/Learn/muios/public/处处吻和弦还原 (15键).txt
梦中的额吉中国达人秀第二季,/Users/dong/Music/15/梦中的额吉中国达人秀第二季 (15键).txt,/Users/dong/Desktop/Learn/muios/public/梦中的额吉中国达人秀第二季 (15键).txt
别念,/Users/dong/Music/15/别念 (15键).txt,/Users/dong/Desktop/Learn/muios/public/别念 (15键).txt
幸福时光夜的钢琴曲,/Users/dong/Music/15/幸福时光夜的钢琴曲 (15键).txt,/Users/dong/Desktop/Learn/muios/public/幸福时光夜的钢琴曲 (15键).txt
身骑白马,/Users/dong/Music/15/身骑白马 (15键).txt,/Users/dong/Desktop/Learn/muios/public/身骑白马 (15键).txt
他我和X先生第二季只为遇见你主题曲,/Users/dong/Music/15/他我和X先生第二季只为遇见你主题曲 (15键).txt,/Users/dong/Desktop/Learn/muios/public/他我和X先生第二季只为遇见你主题曲 (15键).txt
ReadAll-About-It-Emeli-Sande,/Users/dong/Music/15/ReadAll-About-It-Emeli-Sande (15键).txt,/Users/dong/Desktop/Learn/muios/public/ReadAll-About-It-Emeli-Sande (15键).txt
"春天,来吧",/Users/dong/Music/15/春天，来吧 (15键).txt,/Users/dong/Desktop/Learn/muios/public/春天，来吧 (15键).txt
巴山萌菜偶像活动第三季,/Users/dong/Music/15/巴山萌菜偶像活动第三季 (15键).txt,/Users/dong/Desktop/Learn/muios/public/巴山萌菜偶像活动第三季 (15键).txt
你不知道的事,/Users/dong/Music/15/你不知道的事 (15键).txt,/Users/dong/Desktop/Learn/muios/public/你不知道的事 (15键).txt
其实你不懂我的心,/Users/dong/Music/15/其实你不懂我的心 (15键).txt,/Users/dong/Desktop/Learn/muios/public/其实你不懂我的心 (15键).txt
all i want for christmas is you,/Users/dong/Music/15/all.i.want.for.christmas.is.you (15键).txt,/Users/dong/Desktop/Learn/muios/public/all.i.want.for.christmas.is.you (15键).txt
我不会唱歌罗志祥,/Users/dong/Music/15/我不会唱歌罗志祥 (15键).txt,/Users/dong/Desktop/Learn/muios/public/我不会唱歌罗志祥 (15键).txt
春を知らせるもの,/Users/dong/Music/15/春を知らせるもの (15键).txt,/Users/dong/Desktop/Learn/muios/public/春を知らせるもの (15键).txt
圆点[战斗吧歌姬],/Users/dong/Music/15/圆点[战斗吧歌姬] (15键).txt,/Users/dong/Desktop/Learn/muios/public/圆点[战斗吧歌姬] (15键).txt
说谎,/Users/dong/Music/15/说谎 (15键).txt,/Users/dong/Desktop/Learn/muios/public/说谎 (15键).txt
一路生花,/Users/dong/Music/15/一路生花 (15键).txt,/Users/dong/Desktop/Learn/muios/public/一路生花 (15键).txt
奉献苏芮,/Users/dong/Music/15/奉献苏芮 (15键).txt,/Users/dong/Desktop/Learn/muios/public/奉献苏芮 (15键).txt
你是另一个我神犬奇兵片尾曲,/Users/dong/Music/15/你是另一个我神犬奇兵片尾曲 (15键).txt,/Users/dong/Desktop/Learn/muios/public/你是另一个我神犬奇兵片尾曲 (15键).txt
LoveIsanOpenDoor,/Users/dong/Music/15/LoveIsanOpenDoor (15键).txt,/Users/dong/Desktop/Learn/muios/public/LoveIsanOpenDoor (15键).txt
消愁C调版,/Users/dong/Music/15/消愁C调版 (15键).txt,/Users/dong/Desktop/Learn/muios/public/消愁C调版 (15键).txt
ILove-Me-Meghan-Trainor,/Users/dong/Music/15/ILove-Me-Meghan-Trainor (15键).txt,/Users/dong/Desktop/Learn/muios/public/ILove-Me-Meghan-Trainor (15键).txt
find the way,/Users/dong/Music/15/find the way (15键).txt,/Users/dong/Desktop/Learn/muios/public/find the way (15键).txt
find the way,/Users/dong/Music/15/findtheway (15键).txt,/Users/dong/Desktop/Learn/muios/public/findtheway (15键).txt
CanI-Get-It-Adele,/Users/dong/Music/15/CanI-Get-It-Adele (15键).txt,/Users/dong/Desktop/Learn/muios/public/CanI-Get-It-Adele (15键).txt
Magic Waltz,/Users/dong/Music/15/Magic Waltz. (15键).txt,/Users/dong/Desktop/Learn/muios/public/Magic Waltz. (15键).txt
Magic Waltz,/Users/dong/Music/15/Magic.Waltz (15键).txt,/Users/dong/Desktop/Learn/muios/public/Magic.Waltz (15键).txt
明天之后,/Users/dong/Music/15/明天之后 (15键).txt,/Users/dong/Desktop/Learn/muios/public/明天之后 (15键).txt
天空之城,/Users/dong/Music/15/天空之城 (15键).txt,/Users/dong/Desktop/Learn/muios/public/天空之城 (15键).txt
さくら,/Users/dong/Music/15/さくら (15键).txt,/Users/dong/Desktop/Learn/muios/public/さくら (15键).txt
可惜不是你曹轩宾,/Users/dong/Music/15/可惜不是你曹轩宾 (15键).txt,/Users/dong/Desktop/Learn/muios/public/可惜不是你曹轩宾 (15键).txt
CornfieldChase,/Users/dong/Music/15/Cornfieldchase (15键).txt,/Users/dong/Desktop/Learn/muios/public/Cornfieldchase (15键).txt
CornfieldChase,/Users/dong/Music/15/Cornfield.chase (15键).txt,/Users/dong/Desktop/Learn/muios/public/Cornfield.chase (15键).txt
太多陈冠蒲,/Users/dong/Music/15/太多陈冠蒲 (15键).txt,/Users/dong/Desktop/Learn/muios/public/太多陈冠蒲 (15键).txt
千与千寻加了前奏,/Users/dong/Music/15/千与千寻加了前奏 (15键).txt,/Users/dong/Desktop/Learn/muios/public/千与千寻加了前奏 (15键).txt
骑士精神,/Users/dong/Music/15/骑士精神 (15键).txt,/Users/dong/Desktop/Learn/muios/public/骑士精神 (15键).txt
nnormalnolove,/Users/dong/Music/15/nnormalnolove (15键).txt,/Users/dong/Desktop/Learn/muios/public/nnormalnolove (15键).txt
无归期,/Users/dong/Music/15/无归期 (15键).txt,/Users/dong/Desktop/Learn/muios/public/无归期 (15键).txt
冬季到台北来看雨,/Users/dong/Music/15/冬季到台北来看雨 (15键).txt,/Users/dong/Desktop/Learn/muios/public/冬季到台北来看雨 (15键).txt
不再见2,/Users/dong/Music/15/不再见2 (15键).txt,/Users/dong/Desktop/Learn/muios/public/不再见2 (15键).txt
下落不明王巨星,/Users/dong/Music/15/下落不明王巨星 (15键).txt,/Users/dong/Desktop/Learn/muios/public/下落不明王巨星 (15键).txt
LaCintura-Alvaro-Soler,/Users/dong/Music/15/LaCintura-Alvaro-Soler (15键).txt,/Users/dong/Desktop/Learn/muios/public/LaCintura-Alvaro-Soler (15键).txt
Wishing,/Users/dong/Music/15/Wishing (15键).txt,/Users/dong/Desktop/Learn/muios/public/Wishing (15键).txt
天之大,/Users/dong/Music/15/天之大 (15键).txt,/Users/dong/Desktop/Learn/muios/public/天之大 (15键).txt
SmallSteps碎步-绿洲-Yiruma,/Users/dong/Music/15/SmallSteps碎步--绿洲-Yiruma (15键).txt,/Users/dong/Desktop/Learn/muios/public/SmallSteps碎步--绿洲-Yiruma (15键).txt
コネクト,/Users/dong/Music/15/コネクト (15键).txt,/Users/dong/Desktop/Learn/muios/public/コネクト (15键).txt
FakingIt-Calvin-Harris,/Users/dong/Music/15/FakingIt-Calvin-Harris (15键).txt,/Users/dong/Desktop/Learn/muios/public/FakingIt-Calvin-Harris (15键).txt
分飞,/Users/dong/Music/15/分飞 (15键).txt,/Users/dong/Desktop/Learn/muios/public/分飞 (15键).txt
明日的见证者,/Users/dong/Music/15/明日的见证者 (15键).txt,/Users/dong/Desktop/Learn/muios/public/明日的见证者 (15键).txt
Experience高潮,/Users/dong/Music/15/Experience高潮 (15键).txt,/Users/dong/Desktop/Learn/muios/public/Experience高潮 (15键).txt
男人哭吧哭吧哭吧不是罪,/Users/dong/Music/15/男人哭吧哭吧哭吧不是罪 (15键).txt,/Users/dong/Desktop/Learn/muios/public/男人哭吧哭吧哭吧不是罪 (15键).txt
泡沫,/Users/dong/Music/15/泡沫 (15键).txt,/Users/dong/Desktop/Learn/muios/public/泡沫 (15键).txt
孤芳不自赏,/Users/dong/Music/15/孤芳不自赏 (15键).txt,/Users/dong/Desktop/Learn/muios/public/孤芳不自赏 (15键).txt
月半小夜曲,/Users/dong/Music/15/月半小夜曲 (15键).txt,/Users/dong/Desktop/Learn/muios/public/月半小夜曲 (15键).txt
晚夜微雨问海棠,/Users/dong/Music/15/晚夜微雨问海棠 (15键).txt,/Users/dong/Desktop/Learn/muios/public/晚夜微雨问海棠 (15键).txt
晚夜微雨问海棠,/Users/dong/Music/15/《晚夜微雨问海棠》 (15键).txt,/Users/dong/Desktop/Learn/muios/public/《晚夜微雨问海棠》 (15键).txt
LOVE Theme from TIGA新,/Users/dong/Music/15/LOVE.Theme.from.TIGA新 (15键).txt,/Users/dong/Desktop/Learn/muios/public/LOVE.Theme.from.TIGA新 (15键).txt
BurnIt-Down-Linkin-Park,/Users/dong/Music/15/BurnIt-Down-Linkin-Park (15键).txt,/Users/dong/Desktop/Learn/muios/public/BurnIt-Down-Linkin-Park (15键).txt
雪降りメリクリ的副本,/Users/dong/Music/15/雪降りメリクリ的副本 (15键).txt,/Users/dong/Desktop/Learn/muios/public/雪降りメリクリ的副本 (15键).txt
降E大调夜曲肖邦,/Users/dong/Music/15/降E大调夜曲肖邦 (15键).txt,/Users/dong/Desktop/Learn/muios/public/降E大调夜曲肖邦 (15键).txt
"暗淡的是你曾经温柔的小动作,太一",/Users/dong/Music/15/暗淡的是你曾经温柔的小动作，太一 (15键).txt,/Users/dong/Desktop/Learn/muios/public/暗淡的是你曾经温柔的小动作，太一 (15键).txt
千山万水周杰伦,/Users/dong/Music/15/千山万水周杰伦 (15键).txt,/Users/dong/Desktop/Learn/muios/public/千山万水周杰伦 (15键).txt
天鹅,/Users/dong/Music/15/天鹅 (15键).txt,/Users/dong/Desktop/Learn/muios/public/天鹅 (15键).txt
天鹅,/Users/dong/Music/15/天鹅 by 光遇-天使 (15键).txt,/Users/dong/Desktop/Learn/muios/public/天鹅 by 光遇-天使 (15键).txt
战争通往胜利,/Users/dong/Music/15/战争通往胜利 (15键).txt,/Users/dong/Desktop/Learn/muios/public/战争通往胜利 (15键).txt
爱江山更爱美人儿~【和弦完整版】,/Users/dong/Music/15/爱江山更爱美人儿～【和弦完整版】 (15键).txt,/Users/dong/Desktop/Learn/muios/public/爱江山更爱美人儿～【和弦完整版】 (15键).txt
后来刘若英,/Users/dong/Music/15/后来刘若英 (15键).txt,/Users/dong/Desktop/Learn/muios/public/后来刘若英 (15键).txt
痛得漂亮庄心妍,/Users/dong/Music/15/痛得漂亮庄心妍 (15键).txt,/Users/dong/Desktop/Learn/muios/public/痛得漂亮庄心妍 (15键).txt
OnlyLove-Can-Hurt-Like-This-Paloma-Faith,/Users/dong/Music/15/OnlyLove-Can-Hurt-Like-This-Paloma-Faith (15键).txt,/Users/dong/Desktop/Learn/muios/public/OnlyLove-Can-Hurt-Like-This-Paloma-Faith (15键).txt
笑场薛之谦,/Users/dong/Music/15/笑场薛之谦 (15键).txt,/Users/dong/Desktop/Learn/muios/public/笑场薛之谦 (15键).txt
HurricaneKanye-West,/Users/dong/Music/15/HurricaneKanye-West (15键).txt,/Users/dong/Desktop/Learn/muios/public/HurricaneKanye-West (15键).txt
一年级湖南卫视综艺节目一年级主题曲,/Users/dong/Music/15/一年级湖南卫视综艺节目一年级主题曲 (15键).txt,/Users/dong/Desktop/Learn/muios/public/一年级湖南卫视综艺节目一年级主题曲 (15键).txt
Señorita,/Users/dong/Music/15/Señorita (15键).txt,/Users/dong/Desktop/Learn/muios/public/Señorita (15键).txt
太空,/Users/dong/Music/15/太空 (15键).txt,/Users/dong/Desktop/Learn/muios/public/太空 (15键).txt
甜蜜蜜邓丽君,/Users/dong/Music/15/甜蜜蜜邓丽君 (15键).txt,/Users/dong/Desktop/Learn/muios/public/甜蜜蜜邓丽君 (15键).txt
雪绒花带歌词版,/Users/dong/Music/15/雪绒花带歌词版- (15键).txt,/Users/dong/Desktop/Learn/muios/public/雪绒花带歌词版- (15键).txt
金陵十三钗:秦淮景,/Users/dong/Music/15/金陵十三钗：秦淮景 (15键).txt,/Users/dong/Desktop/Learn/muios/public/金陵十三钗：秦淮景 (15键).txt
Demons,/Users/dong/Music/15/Demons (15键).txt,/Users/dong/Desktop/Learn/muios/public/Demons (15键).txt
love letter情书,/Users/dong/Music/15/love letter情书 (15键).txt,/Users/dong/Desktop/Learn/muios/public/love letter情书 (15键).txt
love letter情书,/Users/dong/Music/15/loveletter情书💌 (15键).txt,/Users/dong/Desktop/Learn/muios/public/loveletter情书💌 (15键).txt
慢慢颜中人,/Users/dong/Music/15/慢慢颜中人 (15键).txt,/Users/dong/Desktop/Learn/muios/public/慢慢颜中人 (15键).txt
Still D R E,/Users/dong/Music/15/Still.D.R.E (15键).txt,/Users/dong/Desktop/Learn/muios/public/Still.D.R.E (15键).txt
生僻字,/Users/dong/Music/15/生僻字 (15键).txt,/Users/dong/Desktop/Learn/muios/public/生僻字 (15键).txt
LigyhtningMoment,/Users/dong/Music/15/LigyhtningMoment (15键).txt,/Users/dong/Desktop/Learn/muios/public/LigyhtningMoment (15键).txt
水星记,/Users/dong/Music/15/水星记 (15键).txt,/Users/dong/Desktop/Learn/muios/public/水星记 (15键).txt
吉祥话,/Users/dong/Music/15/吉祥话 (15键).txt,/Users/dong/Desktop/Learn/muios/public/吉祥话 (15键).txt
HeartburnAlicia-Keys,/Users/dong/Music/15/HeartburnAlicia-Keys (15键).txt,/Users/dong/Desktop/Learn/muios/public/HeartburnAlicia-Keys (15键).txt
brainpower,/Users/dong/Music/15/brainpower (15键).txt,/Users/dong/Desktop/Learn/muios/public/brainpower (15键).txt
生生世世不分离纸嫁衣2奘铃村主题曲,/Users/dong/Music/15/生生世世不分离纸嫁衣2奘铃村主题曲 (15键).txt,/Users/dong/Desktop/Learn/muios/public/生生世世不分离纸嫁衣2奘铃村主题曲 (15键).txt
胧月初音未来,/Users/dong/Music/15/胧月初音未来 (15键).txt,/Users/dong/Desktop/Learn/muios/public/胧月初音未来 (15键).txt
三分甜,/Users/dong/Music/15/三分甜 (15键).txt,/Users/dong/Desktop/Learn/muios/public/三分甜 (15键).txt
望穿,/Users/dong/Music/15/望穿 (15键).txt,/Users/dong/Desktop/Learn/muios/public/望穿 (15键).txt
月光王心凌,/Users/dong/Music/15/月光王心凌 (15键).txt,/Users/dong/Desktop/Learn/muios/public/月光王心凌 (15键).txt
菊次郎的夏天Summer,/Users/dong/Music/15/菊次郎的夏天Summer (15键).txt,/Users/dong/Desktop/Learn/muios/public/菊次郎的夏天Summer (15键).txt
晴汪苏泷,/Users/dong/Music/15/晴汪苏泷 (15键).txt,/Users/dong/Desktop/Learn/muios/public/晴汪苏泷 (15键).txt
RideTwenty-One-Pilots,/Users/dong/Music/15/RideTwenty-One-Pilots (15键).txt,/Users/dong/Desktop/Learn/muios/public/RideTwenty-One-Pilots (15键).txt
夜的钢琴曲9-石进,/Users/dong/Music/15/夜的钢琴曲9-石进 (15键).txt,/Users/dong/Desktop/Learn/muios/public/夜的钢琴曲9-石进 (15键).txt
LeshphonDNF-痛苦之村列瑟芬,/Users/dong/Music/15/LeshphonDNF-痛苦之村列瑟芬 (15键).txt,/Users/dong/Desktop/Learn/muios/public/LeshphonDNF-痛苦之村列瑟芬 (15键).txt
七月上,/Users/dong/Music/15/七月上 (15键).txt,/Users/dong/Desktop/Learn/muios/public/七月上 (15键).txt
xing,/Users/dong/Music/15/xing (15键).txt,/Users/dong/Desktop/Learn/muios/public/xing (15键).txt
黒闇と白雪~クルザス西部高地,/Users/dong/Music/15/黒闇と白雪～クルザス西部高地 (15键).txt,/Users/dong/Desktop/Learn/muios/public/黒闇と白雪～クルザス西部高地 (15键).txt
荷塘月色,/Users/dong/Music/15/荷塘月色 (15键).txt,/Users/dong/Desktop/Learn/muios/public/荷塘月色 (15键).txt
安娜的橱窗传说黑夜十二点魔法能听见人偶说话-副歌部分,/Users/dong/Music/15/安娜的橱窗传说黑夜十二点魔法能听见人偶说话-副歌部分 (15键).txt,/Users/dong/Desktop/Learn/muios/public/安娜的橱窗传说黑夜十二点魔法能听见人偶说话-副歌部分 (15键).txt
NancyMulligan,/Users/dong/Music/15/NancyMulligan (15键).txt,/Users/dong/Desktop/Learn/muios/public/NancyMulligan (15键).txt
听妈妈的话,/Users/dong/Music/15/听妈妈的话 (15键).txt,/Users/dong/Desktop/Learn/muios/public/听妈妈的话 (15键).txt
Gracefully,/Users/dong/Music/15/Gracefully (15键).txt,/Users/dong/Desktop/Learn/muios/public/Gracefully (15键).txt
红颜旧琅琊榜插曲,/Users/dong/Music/15/红颜旧琅琊榜插曲 (15键).txt,/Users/dong/Desktop/Learn/muios/public/红颜旧琅琊榜插曲 (15键).txt
小宇,/Users/dong/Music/15/小宇 (15键).txt,/Users/dong/Desktop/Learn/muios/public/小宇 (15键).txt
不舍,/Users/dong/Music/15/不舍 (15键).txt,/Users/dong/Desktop/Learn/muios/public/不舍 (15键).txt
Never Gonna Give You Up 烛子ikina,/Users/dong/Music/15/《Never Gonna Give You Up》 烛子ikina (15键).txt,/Users/dong/Desktop/Learn/muios/public/《Never Gonna Give You Up》 烛子ikina (15键).txt
小小梦魇2主题曲Little-Nightmares-II,/Users/dong/Music/15/小小梦魇2主题曲Little-Nightmares-II (15键).txt,/Users/dong/Desktop/Learn/muios/public/小小梦魇2主题曲Little-Nightmares-II (15键).txt
下潜,/Users/dong/Music/15/下潜 (15键).txt,/Users/dong/Desktop/Learn/muios/public/下潜 (15键).txt
AmericasSweetheart-LILHUDDY,/Users/dong/Music/15/AmericasSweetheart-LILHUDDY (15键).txt,/Users/dong/Desktop/Learn/muios/public/AmericasSweetheart-LILHUDDY (15键).txt
奥特曼零-希望之光,/Users/dong/Music/15/奥特曼零-希望之光 (15键).txt,/Users/dong/Desktop/Learn/muios/public/奥特曼零-希望之光 (15键).txt
爱人错过,/Users/dong/Music/15/爱人错过 (15键).txt,/Users/dong/Desktop/Learn/muios/public/爱人错过 (15键).txt
在一起的时光赵海洋,/Users/dong/Music/15/在一起的时光赵海洋 (15键).txt,/Users/dong/Desktop/Learn/muios/public/在一起的时光赵海洋 (15键).txt
喜剧之王,/Users/dong/Music/15/喜剧之王 (15键).txt,/Users/dong/Desktop/Learn/muios/public/喜剧之王 (15键).txt
你恶作剧2吻插曲,/Users/dong/Music/15/你恶作剧2吻插曲 (15键).txt,/Users/dong/Desktop/Learn/muios/public/你恶作剧2吻插曲 (15键).txt
神秘园之歌,/Users/dong/Music/15/神秘园之歌 (15键).txt,/Users/dong/Desktop/Learn/muios/public/神秘园之歌 (15键).txt
おてんば恋娘东方红魔乡第二关头目战,/Users/dong/Music/15/おてんば恋娘东方红魔乡第二关头目战 (15键).txt,/Users/dong/Desktop/Learn/muios/public/おてんば恋娘东方红魔乡第二关头目战 (15键).txt
人民海军向前进,/Users/dong/Music/15/人民海军向前进 (15键).txt,/Users/dong/Desktop/Learn/muios/public/人民海军向前进 (15键).txt
恋爱ing,/Users/dong/Music/15/恋爱ing (15键).txt,/Users/dong/Desktop/Learn/muios/public/恋爱ing (15键).txt
听你说 于东然,/Users/dong/Music/15/听你说.于东然 (15键).txt,/Users/dong/Desktop/Learn/muios/public/听你说.于东然 (15键).txt
阿衣莫,/Users/dong/Music/15/阿衣莫 (15键).txt,/Users/dong/Desktop/Learn/muios/public/阿衣莫 (15键).txt
TheWoo-Pop-Smoke,/Users/dong/Music/15/TheWoo-Pop-Smoke (15键).txt,/Users/dong/Desktop/Learn/muios/public/TheWoo-Pop-Smoke (15键).txt
不说再见S-H-E,/Users/dong/Music/15/不说再见S-H-E (15键).txt,/Users/dong/Desktop/Learn/muios/public/不说再见S-H-E (15键).txt
WakeUp-Alicia-Keys,/Users/dong/Music/15/WakeUp-Alicia-Keys (15键).txt,/Users/dong/Desktop/Learn/muios/public/WakeUp-Alicia-Keys (15键).txt
浮生未歇,/Users/dong/Music/15/浮生未歇 (15键).txt,/Users/dong/Desktop/Learn/muios/public/浮生未歇 (15键).txt
Telepathy防弹少年团,/Users/dong/Music/15/Telepathy防弹少年团 (15键).txt,/Users/dong/Desktop/Learn/muios/public/Telepathy防弹少年团 (15键).txt
送别歌词版,/Users/dong/Music/15/送别歌词版- (15键).txt,/Users/dong/Desktop/Learn/muios/public/送别歌词版- (15键).txt
俄罗斯方块,/Users/dong/Music/15/俄罗斯方块 (15键).txt,/Users/dong/Desktop/Learn/muios/public/俄罗斯方块 (15键).txt
牢不可破(不攻自破)的联盟,/Users/dong/Music/15/牢不可破（不攻自破）的联盟 (15键).txt,/Users/dong/Desktop/Learn/muios/public/牢不可破（不攻自破）的联盟 (15键).txt
PutA-Little-Love-On-Me-Niall-Horan,/Users/dong/Music/15/PutA-Little-Love-On-Me-Niall-Horan (15键).txt,/Users/dong/Desktop/Learn/muios/public/PutA-Little-Love-On-Me-Niall-Horan (15键).txt
宝贝宝贝(两只老虎爱跳舞) 我是数星,/Users/dong/Music/15/宝贝宝贝(两只老虎爱跳舞)_我是数星 (15键).txt,/Users/dong/Desktop/Learn/muios/public/宝贝宝贝(两只老虎爱跳舞)_我是数星 (15键).txt
爱情废柴周杰伦,/Users/dong/Music/15/爱情废柴周杰伦 (15键).txt,/Users/dong/Desktop/Learn/muios/public/爱情废柴周杰伦 (15键).txt
BoyWith-Luv-BTS和Halsey,/Users/dong/Music/15/BoyWith-Luv-BTS和Halsey (15键).txt,/Users/dong/Desktop/Learn/muios/public/BoyWith-Luv-BTS和Halsey (15键).txt
"光遇【第一段,非完整版】",/Users/dong/Music/15/《光遇》【第一段，非完整版】 (15键).txt,/Users/dong/Desktop/Learn/muios/public/《光遇》【第一段，非完整版】 (15键).txt
BuzzcutSeason-Lorde,/Users/dong/Music/15/BuzzcutSeason-Lorde (15键).txt,/Users/dong/Desktop/Learn/muios/public/BuzzcutSeason-Lorde (15键).txt
正义,/Users/dong/Music/15/正义 (15键).txt,/Users/dong/Desktop/Learn/muios/public/正义 (15键).txt
生生演奏版,/Users/dong/Music/15/生生演奏版 (15键).txt,/Users/dong/Desktop/Learn/muios/public/生生演奏版 (15键).txt
*妄想税,/Users/dong/Music/15/*妄想税 (15键).txt,/Users/dong/Desktop/Learn/muios/public/*妄想税 (15键).txt
*妄想税,/Users/dong/Music/15/妄想税 (15键).txt,/Users/dong/Desktop/Learn/muios/public/妄想税 (15键).txt
晨星林海,/Users/dong/Music/15/晨星林海 (15键).txt,/Users/dong/Desktop/Learn/muios/public/晨星林海 (15键).txt
我心永恒,/Users/dong/Music/15/我心永恒 (15键).txt,/Users/dong/Desktop/Learn/muios/public/我心永恒 (15键).txt
Chian-X,/Users/dong/Music/15/Chian-X (15键).txt,/Users/dong/Desktop/Learn/muios/public/Chian-X (15键).txt
Prism cube,/Users/dong/Music/15/Prism cube (15键).txt,/Users/dong/Desktop/Learn/muios/public/Prism cube (15键).txt
Prism cube,/Users/dong/Music/15/Prism.cube (15键).txt,/Users/dong/Desktop/Learn/muios/public/Prism.cube (15键).txt
Weight Of The World,/Users/dong/Music/15/Weight Of The World (15键).txt,/Users/dong/Desktop/Learn/muios/public/Weight Of The World (15键).txt
Weight Of The World,/Users/dong/Music/15/Weight.of.the.world (15键).txt,/Users/dong/Desktop/Learn/muios/public/Weight.of.the.world (15键).txt
花涧,/Users/dong/Music/15/花涧 (15键).txt,/Users/dong/Desktop/Learn/muios/public/花涧 (15键).txt
你的名字 三叶主题曲 三叁のテ┼マ,/Users/dong/Music/15/你的名字.三叶主题曲.三叁のテ┼マ (15键).txt,/Users/dong/Desktop/Learn/muios/public/你的名字.三叶主题曲.三叁のテ┼マ (15键).txt
花火が瞬く夜に羽肿,/Users/dong/Music/15/花火が瞬く夜に羽肿 (15键).txt,/Users/dong/Desktop/Learn/muios/public/花火が瞬く夜に羽肿 (15键).txt
酒家,/Users/dong/Music/15/酒家 (15键).txt,/Users/dong/Desktop/Learn/muios/public/酒家 (15键).txt
散花,/Users/dong/Music/15/散花 (15键).txt,/Users/dong/Desktop/Learn/muios/public/散花 (15键).txt
PSI-Hope-You-Are-Happy,/Users/dong/Music/15/PSI-Hope-You-Are-Happy (15键).txt,/Users/dong/Desktop/Learn/muios/public/PSI-Hope-You-Are-Happy (15键).txt
欢沁,/Users/dong/Music/15/欢沁 (15键).txt,/Users/dong/Desktop/Learn/muios/public/欢沁 (15键).txt
Beautyand-a-Beat-Justin-Bieber-ft-Nicki-Minaj,/Users/dong/Music/15/Beautyand-a-Beat---Justin-Bieber-ft--Nicki-Minaj (15键).txt,/Users/dong/Desktop/Learn/muios/public/Beautyand-a-Beat---Justin-Bieber-ft--Nicki-Minaj (15键).txt
交换余生(智慧编),/Users/dong/Music/15/交换余生（智慧编） (15键).txt,/Users/dong/Desktop/Learn/muios/public/交换余生（智慧编） (15键).txt
AnimalKesha,/Users/dong/Music/15/AnimalKesha (15键).txt,/Users/dong/Desktop/Learn/muios/public/AnimalKesha (15键).txt
撒野一小段,/Users/dong/Music/15/撒野一小段 (15键).txt,/Users/dong/Desktop/Learn/muios/public/撒野一小段 (15键).txt
108度的你+醉酒的蝴蝶,/Users/dong/Music/15/108度的你+醉酒的蝴蝶 (15键).txt,/Users/dong/Desktop/Learn/muios/public/108度的你+醉酒的蝴蝶 (15键).txt
你给我听好陈奕迅,/Users/dong/Music/15/你给我听好陈奕迅 (15键).txt,/Users/dong/Desktop/Learn/muios/public/你给我听好陈奕迅 (15键).txt
深夜食堂 片头曲,/Users/dong/Music/15/深夜食堂 片头曲 (15键).txt,/Users/dong/Desktop/Learn/muios/public/深夜食堂 片头曲 (15键).txt
深夜食堂 片头曲,/Users/dong/Music/15/深夜食堂.片头曲 (15键).txt,/Users/dong/Desktop/Learn/muios/public/深夜食堂.片头曲 (15键).txt
Rnbia(崩坏三渡尘动画片印象曲),/Users/dong/Music/15/Rnbia(崩坏三《渡尘》动画片印象曲) (15键).txt,/Users/dong/Desktop/Learn/muios/public/Rnbia(崩坏三《渡尘》动画片印象曲) (15键).txt
小精灵,/Users/dong/Music/15/小精灵 (15键).txt,/Users/dong/Desktop/Learn/muios/public/小精灵 (15键).txt
练习曲39Midi版EOP自学速成班第二季-孩子们的拜厄-上,/Users/dong/Music/15/练习曲39Midi版EOP自学速成班第二季-孩子们的拜厄-上- (15键).txt,/Users/dong/Desktop/Learn/muios/public/练习曲39Midi版EOP自学速成班第二季-孩子们的拜厄-上- (15键).txt
Honeycomb Summer,/Users/dong/Music/15/Honeycomb.Summer (15键).txt,/Users/dong/Desktop/Learn/muios/public/Honeycomb.Summer (15键).txt
冬日鞠婧祎和SNH48,/Users/dong/Music/15/冬日鞠婧祎和SNH48 (15键).txt,/Users/dong/Desktop/Learn/muios/public/冬日鞠婧祎和SNH48 (15键).txt
IWant-You-to-Know-Zedd,/Users/dong/Music/15/IWant-You-to-Know-Zedd (15键).txt,/Users/dong/Desktop/Learn/muios/public/IWant-You-to-Know-Zedd (15键).txt
LetOut-the-Beast-EXO,/Users/dong/Music/15/LetOut-the-Beast-EXO (15键).txt,/Users/dong/Desktop/Learn/muios/public/LetOut-the-Beast-EXO (15键).txt
ふわふわ♪牧野由依,/Users/dong/Music/15/ふわふわ♪牧野由依 (15键).txt,/Users/dong/Desktop/Learn/muios/public/ふわふわ♪牧野由依 (15键).txt
HeartbreakAnniversary-Giveon,/Users/dong/Music/15/HeartbreakAnniversary-Giveon (15键).txt,/Users/dong/Desktop/Learn/muios/public/HeartbreakAnniversary-Giveon (15键).txt
东方-幻想乡(已降调处理),/Users/dong/Music/15/东方-幻想乡(已降调处理） (15键).txt,/Users/dong/Desktop/Learn/muios/public/东方-幻想乡(已降调处理） (15键).txt
牛仔很忙 联欢会party版-Absolon,/Users/dong/Music/15/牛仔很忙 联欢会party版—Absolon (15键).txt,/Users/dong/Desktop/Learn/muios/public/牛仔很忙 联欢会party版—Absolon (15键).txt
牛仔很忙 联欢会party版-Absolon,/Users/dong/Music/15/牛仔很忙联欢会party版—Absolon (15键).txt,/Users/dong/Desktop/Learn/muios/public/牛仔很忙联欢会party版—Absolon (15键).txt
NovemberRain-Absolon,/Users/dong/Music/15/NovemberRain—Absolon (15键).txt,/Users/dong/Desktop/Learn/muios/public/NovemberRain—Absolon (15键).txt
NovemberRain-Absolon,/Users/dong/Music/15/November Rain—Absolon (15键).txt,/Users/dong/Desktop/Learn/muios/public/November Rain—Absolon (15键).txt
风居住的街道矶村由纪子,/Users/dong/Music/15/风居住的街道矶村由纪子 (15键).txt,/Users/dong/Desktop/Learn/muios/public/风居住的街道矶村由纪子 (15键).txt
红蓝黄 紫苑镇 Lavender Town,/Users/dong/Music/15/红蓝黄.紫苑镇.Lavender.Town (15键).txt,/Users/dong/Desktop/Learn/muios/public/红蓝黄.紫苑镇.Lavender.Town (15键).txt
红蓝黄 紫苑镇 Lavender Town,/Users/dong/Music/15/红蓝黄 紫苑镇 Lavender Town (15键).txt,/Users/dong/Desktop/Learn/muios/public/红蓝黄 紫苑镇 Lavender Town (15键).txt
Levels-Skrillex-Remix-Avicii,/Users/dong/Music/15/Levels-Skrillex-Remix--Avicii (15键).txt,/Users/dong/Desktop/Learn/muios/public/Levels-Skrillex-Remix--Avicii (15键).txt
残酷天使的行动纲领,/Users/dong/Music/15/残酷天使的行动纲领- (15键).txt,/Users/dong/Desktop/Learn/muios/public/残酷天使的行动纲领- (15键).txt
残酷天使的行动纲领,/Users/dong/Music/15/残酷天使的行动纲领 (15键).txt,/Users/dong/Desktop/Learn/muios/public/残酷天使的行动纲领 (15键).txt
only my railgun(超炮1),/Users/dong/Music/15/only  my  railgun(超炮1) (15键).txt,/Users/dong/Desktop/Learn/muios/public/only  my  railgun(超炮1) (15键).txt
今天是你的生日中国谷建芬,/Users/dong/Music/15/今天是你的生日中国谷建芬 (15键).txt,/Users/dong/Desktop/Learn/muios/public/今天是你的生日中国谷建芬 (15键).txt
地铁等待钢琴独奏版,/Users/dong/Music/15/地铁等待钢琴独奏版 (15键).txt,/Users/dong/Desktop/Learn/muios/public/地铁等待钢琴独奏版 (15键).txt
淘汰,/Users/dong/Music/15/淘汰 (15键).txt,/Users/dong/Desktop/Learn/muios/public/淘汰 (15键).txt
lily(文豪野犬),/Users/dong/Music/15/lily(文豪野犬) (15键).txt,/Users/dong/Desktop/Learn/muios/public/lily(文豪野犬) (15键).txt
終滅の歌,/Users/dong/Music/15/終滅の歌 (15键).txt,/Users/dong/Desktop/Learn/muios/public/終滅の歌 (15键).txt
车尔尼599013,/Users/dong/Music/15/车尔尼599013 (15键).txt,/Users/dong/Desktop/Learn/muios/public/车尔尼599013 (15键).txt
牢不可破的联盟苏维埃社会主义共和国联盟国歌,/Users/dong/Music/15/牢不可破的联盟苏维埃社会主义共和国联盟国歌 (15键).txt,/Users/dong/Desktop/Learn/muios/public/牢不可破的联盟苏维埃社会主义共和国联盟国歌 (15键).txt
曾经我也想过一了百了,/Users/dong/Music/15/曾经我也想过一了百了 (15键).txt,/Users/dong/Desktop/Learn/muios/public/曾经我也想过一了百了 (15键).txt
不再见,/Users/dong/Music/15/不再见 (15键).txt,/Users/dong/Desktop/Learn/muios/public/不再见 (15键).txt
踩到猫儿拜厄,/Users/dong/Music/15/踩到猫儿拜厄 (15键).txt,/Users/dong/Desktop/Learn/muios/public/踩到猫儿拜厄 (15键).txt
メルト,/Users/dong/Music/15/メルト (15键).txt,/Users/dong/Desktop/Learn/muios/public/メルト (15键).txt
绣荷包山西民歌-彭丽媛,/Users/dong/Music/15/绣荷包山西民歌-彭丽媛 (15键).txt,/Users/dong/Desktop/Learn/muios/public/绣荷包山西民歌-彭丽媛 (15键).txt
受够一步两步三步我错过后悔对你说反正我不难过,/Users/dong/Music/15/受够一步两步三步我错过后悔对你说反正我不难过 (15键).txt,/Users/dong/Desktop/Learn/muios/public/受够一步两步三步我错过后悔对你说反正我不难过 (15键).txt
四季折の羽,/Users/dong/Music/15/四季折の羽 (15键).txt,/Users/dong/Desktop/Learn/muios/public/四季折の羽 (15键).txt
是病啊Spotless-Mind-郑俊英,/Users/dong/Music/15/是病啊Spotless-Mind---郑俊英 (15键).txt,/Users/dong/Desktop/Learn/muios/public/是病啊Spotless-Mind---郑俊英 (15键).txt
浏阳河,/Users/dong/Music/15/浏阳河 (15键).txt,/Users/dong/Desktop/Learn/muios/public/浏阳河 (15键).txt
不再见面仍是少年,/Users/dong/Music/15/不再见面仍是少年 (15键).txt,/Users/dong/Desktop/Learn/muios/public/不再见面仍是少年 (15键).txt
没有意外释放内心独白,/Users/dong/Music/15/没有意外释放内心独白 (15键).txt,/Users/dong/Desktop/Learn/muios/public/没有意外释放内心独白 (15键).txt
别让我走远我们与恶的距离主题曲,/Users/dong/Music/15/别让我走远我们与恶的距离主题曲 (15键).txt,/Users/dong/Desktop/Learn/muios/public/别让我走远我们与恶的距离主题曲 (15键).txt
岁月缝花小时代4灵魂尽头片尾曲,/Users/dong/Music/15/岁月缝花小时代4灵魂尽头片尾曲 (15键).txt,/Users/dong/Desktop/Learn/muios/public/岁月缝花小时代4灵魂尽头片尾曲 (15键).txt
InvisibleLinkin-Park,/Users/dong/Music/15/InvisibleLinkin-Park (15键).txt,/Users/dong/Desktop/Learn/muios/public/InvisibleLinkin-Park (15键).txt
ImaginaryKiss,/Users/dong/Music/15/ImaginaryKiss (15键).txt,/Users/dong/Desktop/Learn/muios/public/ImaginaryKiss (15键).txt
ImaginaryKiss,/Users/dong/Music/15/Imaginary Kiss (15键).txt,/Users/dong/Desktop/Learn/muios/public/Imaginary Kiss (15键).txt
相信爱周兴哲,/Users/dong/Music/15/相信爱周兴哲 (15键).txt,/Users/dong/Desktop/Learn/muios/public/相信爱周兴哲 (15键).txt
God sees all,/Users/dong/Music/15/God.sees.all (15键).txt,/Users/dong/Desktop/Learn/muios/public/God.sees.all (15键).txt
一曲相思,/Users/dong/Music/15/一曲相思 (15键).txt,/Users/dong/Desktop/Learn/muios/public/一曲相思 (15键).txt
beautiful,/Users/dong/Music/15/beautiful (15键).txt,/Users/dong/Desktop/Learn/muios/public/beautiful (15键).txt
小羊hopes and dreams,/Users/dong/Music/15/小羊hopes.and.dreams (15键).txt,/Users/dong/Desktop/Learn/muios/public/小羊hopes.and.dreams (15键).txt
哈利波特主题曲,/Users/dong/Music/15/哈利波特主题曲 (15键).txt,/Users/dong/Desktop/Learn/muios/public/哈利波特主题曲 (15键).txt
我心永恒My-Heart-Will-Go-On,/Users/dong/Music/15/我心永恒My-Heart-Will-Go-On (15键).txt,/Users/dong/Desktop/Learn/muios/public/我心永恒My-Heart-Will-Go-On (15键).txt
WhereverYou-Are-One-Ok-Rock,/Users/dong/Music/15/WhereverYou-Are-One-Ok-Rock (15键).txt,/Users/dong/Desktop/Learn/muios/public/WhereverYou-Are-One-Ok-Rock (15键).txt
同道殊途未完成版,/Users/dong/Music/15/同道殊途未完成版 (15键).txt,/Users/dong/Desktop/Learn/muios/public/同道殊途未完成版 (15键).txt
黑暗骑士,/Users/dong/Music/15/黑暗骑士 (15键).txt,/Users/dong/Desktop/Learn/muios/public/黑暗骑士 (15键).txt
无论你多怪异我还是会喜欢你-刺客伍六七,/Users/dong/Music/15/无论你多怪异我还是会喜欢你—刺客伍六七 (15键).txt,/Users/dong/Desktop/Learn/muios/public/无论你多怪异我还是会喜欢你—刺客伍六七 (15键).txt
只有我俩,/Users/dong/Music/15/只有我俩 (15键).txt,/Users/dong/Desktop/Learn/muios/public/只有我俩 (15键).txt
滚滚红尘滚滚红尘主题曲,/Users/dong/Music/15/滚滚红尘滚滚红尘主题曲 (15键).txt,/Users/dong/Desktop/Learn/muios/public/滚滚红尘滚滚红尘主题曲 (15键).txt
苦瓜,/Users/dong/Music/15/苦瓜 (15键).txt,/Users/dong/Desktop/Learn/muios/public/苦瓜 (15键).txt
まわる地球ロンドヘタリア-The-Beautiful-World主題歌,/Users/dong/Music/15/まわる地球ロンドヘタリア-The-Beautiful-World主題歌 (15键).txt,/Users/dong/Desktop/Learn/muios/public/まわる地球ロンドヘタリア-The-Beautiful-World主題歌 (15键).txt
故意择天记插曲,/Users/dong/Music/15/故意择天记插曲 (15键).txt,/Users/dong/Desktop/Learn/muios/public/故意择天记插曲 (15键).txt
四季之冬班得瑞,/Users/dong/Music/15/四季之冬班得瑞 (15键).txt,/Users/dong/Desktop/Learn/muios/public/四季之冬班得瑞 (15键).txt
烟袋斜街,/Users/dong/Music/15/烟袋斜街 (15键).txt,/Users/dong/Desktop/Learn/muios/public/烟袋斜街 (15键).txt
春风吹方大同,/Users/dong/Music/15/春风吹方大同 (15键).txt,/Users/dong/Desktop/Learn/muios/public/春风吹方大同 (15键).txt
FallinFlower-舞い落ちる花びら,/Users/dong/Music/15/FallinFlower-舞い落ちる花びら (15键).txt,/Users/dong/Desktop/Learn/muios/public/FallinFlower-舞い落ちる花びら (15键).txt
WhenWill-My-Life-Begin,/Users/dong/Music/15/When.Will.My.Life.Begin (15键).txt,/Users/dong/Desktop/Learn/muios/public/When.Will.My.Life.Begin (15键).txt
WhenWill-My-Life-Begin,/Users/dong/Music/15/When Will My Life Begin (15键).txt,/Users/dong/Desktop/Learn/muios/public/When Will My Life Begin (15键).txt
WhenWill-My-Life-Begin,/Users/dong/Music/15/WhenWillMyLifeBegin (15键).txt,/Users/dong/Desktop/Learn/muios/public/WhenWillMyLifeBegin (15键).txt
知己,/Users/dong/Music/15/知己 (15键).txt,/Users/dong/Desktop/Learn/muios/public/知己 (15键).txt
心做(略难伴奏),/Users/dong/Music/15/心做（略难伴奏） (15键).txt,/Users/dong/Desktop/Learn/muios/public/心做（略难伴奏） (15键).txt
I need u,/Users/dong/Music/15/I  need  u (15键).txt,/Users/dong/Desktop/Learn/muios/public/I  need  u (15键).txt
I need u,/Users/dong/Music/15/Ineedu (15键).txt,/Users/dong/Desktop/Learn/muios/public/Ineedu (15键).txt
I need u,/Users/dong/Music/15/《Ineedu》 (15键).txt,/Users/dong/Desktop/Learn/muios/public/《Ineedu》 (15键).txt
I need u,/Users/dong/Music/15/I need u (15键).txt,/Users/dong/Desktop/Learn/muios/public/I need u (15键).txt
ススメ→トゥモロウLovelive插曲,/Users/dong/Music/15/ススメ→トゥモロウLovelive插曲 (15键).txt,/Users/dong/Desktop/Learn/muios/public/ススメ→トゥモロウLovelive插曲 (15键).txt
音你心动(1,/Users/dong/Music/15/音你心动（1 (15键).txt,/Users/dong/Desktop/Learn/muios/public/音你心动（1 (15键).txt
with the wind,/Users/dong/Music/15/with the wind (15键).txt,/Users/dong/Desktop/Learn/muios/public/with the wind (15键).txt
with the wind,/Users/dong/Music/15/with.the.wind (15键).txt,/Users/dong/Desktop/Learn/muios/public/with.the.wind (15键).txt
promisewithyou,/Users/dong/Music/15/promisewithyou (15键).txt,/Users/dong/Desktop/Learn/muios/public/promisewithyou (15键).txt
缓缓,/Users/dong/Music/15/缓缓 (15键).txt,/Users/dong/Desktop/Learn/muios/public/缓缓 (15键).txt
そういう夏,/Users/dong/Music/15/そういう夏 (15键).txt,/Users/dong/Desktop/Learn/muios/public/そういう夏 (15键).txt
夜的钢琴曲8,/Users/dong/Music/15/夜的钢琴曲8 (15键).txt,/Users/dong/Desktop/Learn/muios/public/夜的钢琴曲8 (15键).txt
夜的钢琴曲8,/Users/dong/Music/15/夜的钢琴曲8 by 光遇-天使-阳阳 (15键).txt,/Users/dong/Desktop/Learn/muios/public/夜的钢琴曲8 by 光遇-天使-阳阳 (15键).txt
We wish you a merry Christmas,/Users/dong/Music/15/We wish you a merry Christmas  (15键).txt,/Users/dong/Desktop/Learn/muios/public/We wish you a merry Christmas  (15键).txt
We wish you a merry Christmas,/Users/dong/Music/15/We.wish.you.a.merry.Christmas (15键).txt,/Users/dong/Desktop/Learn/muios/public/We.wish.you.a.merry.Christmas (15键).txt
We wish you a merry Christmas,/Users/dong/Music/15/WeWishYouAMerryChristmas (15键).txt,/Users/dong/Desktop/Learn/muios/public/WeWishYouAMerryChristmas (15键).txt
TheEnd-of-the-World,/Users/dong/Music/15/TheEnd-of-the-World (15键).txt,/Users/dong/Desktop/Learn/muios/public/TheEnd-of-the-World (15键).txt
蜗牛(天刀),/Users/dong/Music/15/蜗牛（天刀） (15键).txt,/Users/dong/Desktop/Learn/muios/public/蜗牛（天刀） (15键).txt
都是,/Users/dong/Music/15/都是 (15键).txt,/Users/dong/Desktop/Learn/muios/public/都是 (15键).txt
偏爱和例外,/Users/dong/Music/15/偏爱和例外 (15键).txt,/Users/dong/Desktop/Learn/muios/public/偏爱和例外 (15键).txt
Gentleman,/Users/dong/Music/15/Gentleman (15键).txt,/Users/dong/Desktop/Learn/muios/public/Gentleman (15键).txt
Beyond the Memory,/Users/dong/Music/15/Beyond.the.Memory (15键).txt,/Users/dong/Desktop/Learn/muios/public/Beyond.the.Memory (15键).txt
Beyond the Memory,/Users/dong/Music/15/Beyond the Memory (15键).txt,/Users/dong/Desktop/Learn/muios/public/Beyond the Memory (15键).txt
暧昧,/Users/dong/Music/15/暧昧 (15键).txt,/Users/dong/Desktop/Learn/muios/public/暧昧 (15键).txt
暧昧,/Users/dong/Music/15/暧昧   by小社 (15键).txt,/Users/dong/Desktop/Learn/muios/public/暧昧   by小社 (15键).txt
克罗地亚狂想曲(流畅版),/Users/dong/Music/15/克罗地亚狂想曲（流畅版） (15键).txt,/Users/dong/Desktop/Learn/muios/public/克罗地亚狂想曲（流畅版） (15键).txt
ItWont-Kill-Ya-The-Chainsmokers-ft-Louane,/Users/dong/Music/15/ItWont-Kill-Ya-The-Chainsmokers-ft--Louane (15键).txt,/Users/dong/Desktop/Learn/muios/public/ItWont-Kill-Ya-The-Chainsmokers-ft--Louane (15键).txt
富士山下简单好听版,/Users/dong/Music/15/富士山下简单好听版 (15键).txt,/Users/dong/Desktop/Learn/muios/public/富士山下简单好听版 (15键).txt
BringMe-To-Life-Evanescence,/Users/dong/Music/15/BringMe-To-Life-Evanescence (15键).txt,/Users/dong/Desktop/Learn/muios/public/BringMe-To-Life-Evanescence (15键).txt
草原之夜绿色的原野插曲,/Users/dong/Music/15/草原之夜绿色的原野插曲 (15键).txt,/Users/dong/Desktop/Learn/muios/public/草原之夜绿色的原野插曲 (15键).txt
PathOfTheWind(相对完美),/Users/dong/Music/15/PathOfTheWind（相对完美） (15键).txt,/Users/dong/Desktop/Learn/muios/public/PathOfTheWind（相对完美） (15键).txt
大地Beyond乐队,/Users/dong/Music/15/大地Beyond乐队 (15键).txt,/Users/dong/Desktop/Learn/muios/public/大地Beyond乐队 (15键).txt
元气少女缘结神,/Users/dong/Music/15/元气少女缘结神 (15键).txt,/Users/dong/Desktop/Learn/muios/public/元气少女缘结神 (15键).txt
夏天的风前半段(作者烛子),/Users/dong/Music/15/夏天的风前半段（作者烛子） (15键).txt,/Users/dong/Desktop/Learn/muios/public/夏天的风前半段（作者烛子） (15键).txt
前尘如梦,/Users/dong/Music/15/前尘如梦 (15键).txt,/Users/dong/Desktop/Learn/muios/public/前尘如梦 (15键).txt
想要你,/Users/dong/Music/15/想要你 (15键).txt,/Users/dong/Desktop/Learn/muios/public/想要你 (15键).txt
free lucky,/Users/dong/Music/15/Freelucky (15键).txt,/Users/dong/Desktop/Learn/muios/public/Freelucky (15键).txt
红晴蜒,/Users/dong/Music/15/红晴蜒 (15键).txt,/Users/dong/Desktop/Learn/muios/public/红晴蜒 (15键).txt
那一天天下无贼插曲,/Users/dong/Music/15/那一天天下无贼插曲 (15键).txt,/Users/dong/Desktop/Learn/muios/public/那一天天下无贼插曲 (15键).txt
盛夏光年,/Users/dong/Music/15/盛夏光年 (15键).txt,/Users/dong/Desktop/Learn/muios/public/盛夏光年 (15键).txt
冬がくれた予感冬天带给我的预感-LoveLive,/Users/dong/Music/15/冬がくれた予感冬天带给我的预感-LoveLive (15键).txt,/Users/dong/Desktop/Learn/muios/public/冬がくれた予感冬天带给我的预感-LoveLive (15键).txt
SweetLittle-Something-Jason-Aldean,/Users/dong/Music/15/SweetLittle-Something-Jason-Aldean (15键).txt,/Users/dong/Desktop/Learn/muios/public/SweetLittle-Something-Jason-Aldean (15键).txt
明日ハレの日ケの昨日-东方风神录-Mountain-of-Faith,/Users/dong/Music/15/明日ハレの日ケの昨日-东方风神录-Mountain-of-Faith (15键).txt,/Users/dong/Desktop/Learn/muios/public/明日ハレの日ケの昨日-东方风神录-Mountain-of-Faith (15键).txt
渐渐被你吸引,/Users/dong/Music/15/渐渐被你吸引 (15键).txt,/Users/dong/Desktop/Learn/muios/public/渐渐被你吸引 (15键).txt
劣质版禁阁曲,/Users/dong/Music/15/劣质版禁阁曲 (15键).txt,/Users/dong/Desktop/Learn/muios/public/劣质版禁阁曲 (15键).txt
我的未来不是梦张雨生,/Users/dong/Music/15/我的未来不是梦张雨生 (15键).txt,/Users/dong/Desktop/Learn/muios/public/我的未来不是梦张雨生 (15键).txt
年少有为,/Users/dong/Music/15/年少有为 (15键).txt,/Users/dong/Desktop/Learn/muios/public/年少有为 (15键).txt
巴托克,/Users/dong/Music/15/巴托克 (15键).txt,/Users/dong/Desktop/Learn/muios/public/巴托克 (15键).txt
IDont-Care-Ed-Sheeran和Justin-Bieber,/Users/dong/Music/15/IDont-Care-Ed-Sheeran和Justin-Bieber (15键).txt,/Users/dong/Desktop/Learn/muios/public/IDont-Care-Ed-Sheeran和Justin-Bieber (15键).txt
잠안오는-밤,/Users/dong/Music/15/잠안오는-밤 (15键).txt,/Users/dong/Desktop/Learn/muios/public/잠안오는-밤 (15键).txt
明天会更好1985年,/Users/dong/Music/15/明天会更好1985年 (15键).txt,/Users/dong/Desktop/Learn/muios/public/明天会更好1985年 (15键).txt
シャルル,/Users/dong/Music/15/シャルル (15键).txt,/Users/dong/Desktop/Learn/muios/public/シャルル (15键).txt
原神乌有亭,/Users/dong/Music/15/原神乌有亭 (15键).txt,/Users/dong/Desktop/Learn/muios/public/原神乌有亭 (15键).txt
卡农变奏曲大卫蓝兹,/Users/dong/Music/15/卡农变奏曲大卫蓝兹 (15键).txt,/Users/dong/Desktop/Learn/muios/public/卡农变奏曲大卫蓝兹 (15键).txt
女の子になりたい,/Users/dong/Music/15/女の子になりたい (15键).txt,/Users/dong/Desktop/Learn/muios/public/女の子になりたい (15键).txt
LenferHell-Stromae,/Users/dong/Music/15/LenferHell-Stromae (15键).txt,/Users/dong/Desktop/Learn/muios/public/LenferHell-Stromae (15键).txt
海底加大鱼,/Users/dong/Music/15/海底加大鱼 (15键).txt,/Users/dong/Desktop/Learn/muios/public/海底加大鱼 (15键).txt
LikeIts-Christmas-Jonas-Brothers,/Users/dong/Music/15/LikeIts-Christmas-Jonas-Brothers (15键).txt,/Users/dong/Desktop/Learn/muios/public/LikeIts-Christmas-Jonas-Brothers (15键).txt
巴赫の赋格作品第578首,/Users/dong/Music/15/巴赫の赋格作品第578首 (15键).txt,/Users/dong/Desktop/Learn/muios/public/巴赫の赋格作品第578首 (15键).txt
布拉格广场前奏,/Users/dong/Music/15/布拉格广场前奏 (15键).txt,/Users/dong/Desktop/Learn/muios/public/布拉格广场前奏 (15键).txt
Summer,/Users/dong/Music/15/Summer (15键).txt,/Users/dong/Desktop/Learn/muios/public/Summer (15键).txt
雨,/Users/dong/Music/15/雨 (15键).txt,/Users/dong/Desktop/Learn/muios/public/雨 (15键).txt
永遠の巫女永远之巫女-Eternal-Shrine-Maiden,/Users/dong/Music/15/永遠の巫女永远之巫女-Eternal-Shrine-Maiden (15键).txt,/Users/dong/Desktop/Learn/muios/public/永遠の巫女永远之巫女-Eternal-Shrine-Maiden (15键).txt
四季刻歌IA,/Users/dong/Music/15/四季刻歌IA (15键).txt,/Users/dong/Desktop/Learn/muios/public/四季刻歌IA (15键).txt
年少心事昨日青空青春成长曲,/Users/dong/Music/15/年少心事昨日青空青春成长曲 (15键).txt,/Users/dong/Desktop/Learn/muios/public/年少心事昨日青空青春成长曲 (15键).txt
依然爱你,/Users/dong/Music/15/依然爱你 (15键).txt,/Users/dong/Desktop/Learn/muios/public/依然爱你 (15键).txt
Tsuiraku,/Users/dong/Music/15/Tsuiraku (15键).txt,/Users/dong/Desktop/Learn/muios/public/Tsuiraku (15键).txt
CatchMy-Breath-Kelly-Clarkson,/Users/dong/Music/15/CatchMy-Breath-Kelly-Clarkson (15键).txt,/Users/dong/Desktop/Learn/muios/public/CatchMy-Breath-Kelly-Clarkson (15键).txt
天净沙,/Users/dong/Music/15/天净沙 (15键).txt,/Users/dong/Desktop/Learn/muios/public/天净沙 (15键).txt
可惜我是水瓶座,/Users/dong/Music/15/可惜我是水瓶座 (15键).txt,/Users/dong/Desktop/Learn/muios/public/可惜我是水瓶座 (15键).txt
我曾爱过一个人-Sky北川,/Users/dong/Music/15/我曾爱过一个人—Sky北川 (15键).txt,/Users/dong/Desktop/Learn/muios/public/我曾爱过一个人—Sky北川 (15键).txt
怪咖再听多几次分开的话越致命越不正面回答-无限歌谣季,/Users/dong/Music/15/怪咖再听多几次分开的话越致命越不正面回答-无限歌谣季 (15键).txt,/Users/dong/Desktop/Learn/muios/public/怪咖再听多几次分开的话越致命越不正面回答-无限歌谣季 (15键).txt
借东西的小人arrietty song,/Users/dong/Music/15/借东西的小人arrietty.song (15键).txt,/Users/dong/Desktop/Learn/muios/public/借东西的小人arrietty.song (15键).txt
借东西的小人arrietty song,/Users/dong/Music/15/借东西的小人arrietty song (15键).txt,/Users/dong/Desktop/Learn/muios/public/借东西的小人arrietty song (15键).txt
军中绿花,/Users/dong/Music/15/军中绿花 (15键).txt,/Users/dong/Desktop/Learn/muios/public/军中绿花 (15键).txt
燕窝苏打绿,/Users/dong/Music/15/燕窝苏打绿 (15键).txt,/Users/dong/Desktop/Learn/muios/public/燕窝苏打绿 (15键).txt
原神主题曲(延音乐器),/Users/dong/Music/15/原神主题曲(延音乐器) (15键).txt,/Users/dong/Desktop/Learn/muios/public/原神主题曲(延音乐器) (15键).txt
Carol of the Bells,/Users/dong/Music/15/Carol.of.the.Bells (15键).txt,/Users/dong/Desktop/Learn/muios/public/Carol.of.the.Bells (15键).txt
ChocolateThe-1975,/Users/dong/Music/15/ChocolateThe-1975 (15键).txt,/Users/dong/Desktop/Learn/muios/public/ChocolateThe-1975 (15键).txt
天龙八部之宿敌,/Users/dong/Music/15/天龙八部之宿敌 (15键).txt,/Users/dong/Desktop/Learn/muios/public/天龙八部之宿敌 (15键).txt
哪里都是你完美版-你想要的是现在而不是那遥远的未来,/Users/dong/Music/15/哪里都是你完美版-你想要的是现在而不是那遥远的未来 (15键).txt,/Users/dong/Desktop/Learn/muios/public/哪里都是你完美版-你想要的是现在而不是那遥远的未来 (15键).txt
改革春风吹满地,/Users/dong/Music/15/改革春风吹满地 (15键).txt,/Users/dong/Desktop/Learn/muios/public/改革春风吹满地 (15键).txt
stippling,/Users/dong/Music/15/stippling (15键).txt,/Users/dong/Desktop/Learn/muios/public/stippling (15键).txt
迷梦之恋简单又很好听的钢琴曲,/Users/dong/Music/15/迷梦之恋简单又很好听的钢琴曲 (15键).txt,/Users/dong/Desktop/Learn/muios/public/迷梦之恋简单又很好听的钢琴曲 (15键).txt
Surprising Thanks,/Users/dong/Music/15/Surprising.Thanks (15键).txt,/Users/dong/Desktop/Learn/muios/public/Surprising.Thanks (15键).txt
城市天空,/Users/dong/Music/15/城市天空 (15键).txt,/Users/dong/Desktop/Learn/muios/public/城市天空 (15键).txt
祈愿求婚大作战插曲,/Users/dong/Music/15/祈愿求婚大作战插曲 (15键).txt,/Users/dong/Desktop/Learn/muios/public/祈愿求婚大作战插曲 (15键).txt
黑白之吻,/Users/dong/Music/15/黑白之吻 (15键).txt,/Users/dong/Desktop/Learn/muios/public/黑白之吻 (15键).txt
魔法少女小圆,/Users/dong/Music/15/魔法少女小圆 (15键).txt,/Users/dong/Desktop/Learn/muios/public/魔法少女小圆 (15键).txt
Best Friend,/Users/dong/Music/15/Best Friend (15键).txt,/Users/dong/Desktop/Learn/muios/public/Best Friend (15键).txt
Best Friend,/Users/dong/Music/15/BestFriend (15键).txt,/Users/dong/Desktop/Learn/muios/public/BestFriend (15键).txt
Best Friend,/Users/dong/Music/15/Best.Friend (15键).txt,/Users/dong/Desktop/Learn/muios/public/Best.Friend (15键).txt
飞机场徐良,/Users/dong/Music/15/飞机场徐良 (15键).txt,/Users/dong/Desktop/Learn/muios/public/飞机场徐良 (15键).txt
任天堂流泪C调简单版-古巨基,/Users/dong/Music/15/任天堂流泪C调简单版-古巨基 (15键).txt,/Users/dong/Desktop/Learn/muios/public/任天堂流泪C调简单版-古巨基 (15键).txt
义勇军进行曲,/Users/dong/Music/15/义勇军进行曲 (15键).txt,/Users/dong/Desktop/Learn/muios/public/义勇军进行曲 (15键).txt
义勇军进行曲,/Users/dong/Music/15/《义勇军进行曲》 (15键).txt,/Users/dong/Desktop/Learn/muios/public/《义勇军进行曲》 (15键).txt
call you tonight,/Users/dong/Music/15/call.you.tonight (15键).txt,/Users/dong/Desktop/Learn/muios/public/call.you.tonight (15键).txt
インフルエンサー乃木坂46,/Users/dong/Music/15/インフルエンサー乃木坂46 (15键).txt,/Users/dong/Desktop/Learn/muios/public/インフルエンサー乃木坂46 (15键).txt
醉酒的蝴蝶,/Users/dong/Music/15/醉酒的蝴蝶 (15键).txt,/Users/dong/Desktop/Learn/muios/public/醉酒的蝴蝶 (15键).txt
恋のヒメヒメぺったんこ飙速宅男插曲,/Users/dong/Music/15/恋のヒメヒメぺったんこ飙速宅男插曲 (15键).txt,/Users/dong/Desktop/Learn/muios/public/恋のヒメヒメぺったんこ飙速宅男插曲 (15键).txt
小精灵TFBOYS,/Users/dong/Music/15/小精灵TFBOYS (15键).txt,/Users/dong/Desktop/Learn/muios/public/小精灵TFBOYS (15键).txt
Enemy宿敌,/Users/dong/Music/15/ENEMY宿敌 (15键).txt,/Users/dong/Desktop/Learn/muios/public/ENEMY宿敌 (15键).txt
tr来世丛林,/Users/dong/Music/15/tr来世丛林 (15键).txt,/Users/dong/Desktop/Learn/muios/public/tr来世丛林 (15键).txt
Godknows-凉宫春日的忧郁,/Users/dong/Music/15/Godknows----凉宫春日的忧郁 (15键).txt,/Users/dong/Desktop/Learn/muios/public/Godknows----凉宫春日的忧郁 (15键).txt
元气少女缘结神(神寄托的思念),/Users/dong/Music/15/元气少女缘结神（神寄托的思念） (15键).txt,/Users/dong/Desktop/Learn/muios/public/元气少女缘结神（神寄托的思念） (15键).txt
街道的寂寞夜的钢琴曲-III,/Users/dong/Music/15/街道的寂寞夜的钢琴曲-Ⅲ (15键).txt,/Users/dong/Desktop/Learn/muios/public/街道的寂寞夜的钢琴曲-Ⅲ (15键).txt
十二月的奇迹Miracles-in-December-EXO,/Users/dong/Music/15/十二月的奇迹Miracles-in-December--EXO (15键).txt,/Users/dong/Desktop/Learn/muios/public/十二月的奇迹Miracles-in-December--EXO (15键).txt
梦语りAIR插曲,/Users/dong/Music/15/梦语りAIR插曲 (15键).txt,/Users/dong/Desktop/Learn/muios/public/梦语りAIR插曲 (15键).txt
幽雅地绽放吧墨染的樱花-幽雅に咲かせ-墨染の桜-东方妖妖梦,/Users/dong/Music/15/幽雅地绽放吧墨染的樱花-幽雅に咲かせ-墨染の桜-东方妖妖梦 (15键).txt,/Users/dong/Desktop/Learn/muios/public/幽雅地绽放吧墨染的樱花-幽雅に咲かせ-墨染の桜-东方妖妖梦 (15键).txt
残酷天使的行动纲领-1,/Users/dong/Music/15/残酷天使的行动纲领-1 (15键).txt,/Users/dong/Desktop/Learn/muios/public/残酷天使的行动纲领-1 (15键).txt
Stay with me-魔王Tememer,/Users/dong/Music/15/Stay.with.me——魔王Tememer (15键).txt,/Users/dong/Desktop/Learn/muios/public/Stay.with.me——魔王Tememer (15键).txt
Stay with me-魔王Tememer,/Users/dong/Music/15/Stay with me——魔王Tememer (15键).txt,/Users/dong/Desktop/Learn/muios/public/Stay with me——魔王Tememer (15键).txt
大碗牢饭,/Users/dong/Music/15/大碗牢饭 (15键).txt,/Users/dong/Desktop/Learn/muios/public/大碗牢饭 (15键).txt
Nuvole di luce新,/Users/dong/Music/15/Nuvole.di.luce新 (15键).txt,/Users/dong/Desktop/Learn/muios/public/Nuvole.di.luce新 (15键).txt
LetYou-Down-NF,/Users/dong/Music/15/LetYou-Down-NF (15键).txt,/Users/dong/Desktop/Learn/muios/public/LetYou-Down-NF (15键).txt
塞Urbosa’s Theme,/Users/dong/Music/15/塞Urbosa’s.Theme (15键).txt,/Users/dong/Desktop/Learn/muios/public/塞Urbosa’s.Theme (15键).txt
苍兰契,/Users/dong/Music/15/苍兰契 (15键).txt,/Users/dong/Desktop/Learn/muios/public/苍兰契 (15键).txt
桔梗,/Users/dong/Music/15/桔梗 (15键).txt,/Users/dong/Desktop/Learn/muios/public/桔梗 (15键).txt
RememberMe,/Users/dong/Music/15/rememberme (15键).txt,/Users/dong/Desktop/Learn/muios/public/rememberme (15键).txt
森林高,/Users/dong/Music/15/森林高 (15键).txt,/Users/dong/Desktop/Learn/muios/public/森林高 (15键).txt
讽咏,/Users/dong/Music/15/讽咏 (15键).txt,/Users/dong/Desktop/Learn/muios/public/讽咏 (15键).txt
六兆年と一夜物語Sound-Voltex,/Users/dong/Music/15/六兆年と一夜物語Sound-Voltex (15键).txt,/Users/dong/Desktop/Learn/muios/public/六兆年と一夜物語Sound-Voltex (15键).txt
斑马斑马 光遇,/Users/dong/Music/15/斑马斑马 光遇 (15键).txt,/Users/dong/Desktop/Learn/muios/public/斑马斑马 光遇 (15键).txt
砂之惑星,/Users/dong/Music/15/砂之惑星 (15键).txt,/Users/dong/Desktop/Learn/muios/public/砂之惑星 (15键).txt
杏花弦外雨,/Users/dong/Music/15/杏花弦外雨 (15键).txt,/Users/dong/Desktop/Learn/muios/public/杏花弦外雨 (15键).txt
年少有你栀子花开推广曲,/Users/dong/Music/15/年少有你栀子花开推广曲 (15键).txt,/Users/dong/Desktop/Learn/muios/public/年少有你栀子花开推广曲 (15键).txt
不让我的眼泪陪我过夜齐秦,/Users/dong/Music/15/不让我的眼泪陪我过夜齐秦 (15键).txt,/Users/dong/Desktop/Learn/muios/public/不让我的眼泪陪我过夜齐秦 (15键).txt
寒蝉鸣泣之时You,/Users/dong/Music/15/寒蝉鸣泣之时You (15键).txt,/Users/dong/Desktop/Learn/muios/public/寒蝉鸣泣之时You (15键).txt
寒蝉鸣泣之时You,/Users/dong/Music/15/寒蝉鸣泣之时 You (15键).txt,/Users/dong/Desktop/Learn/muios/public/寒蝉鸣泣之时 You (15键).txt
美しき残酷な世界,/Users/dong/Music/15/美しき残酷な世界 (15键).txt,/Users/dong/Desktop/Learn/muios/public/美しき残酷な世界 (15键).txt
MagicShop-防弹少年团,/Users/dong/Music/15/MagicShop-防弹少年团 (15键).txt,/Users/dong/Desktop/Learn/muios/public/MagicShop-防弹少年团 (15键).txt
我的一个道姑朋友剑网3剧情歌,/Users/dong/Music/15/我的一个道姑朋友剑网3剧情歌 (15键).txt,/Users/dong/Desktop/Learn/muios/public/我的一个道姑朋友剑网3剧情歌 (15键).txt
电磁炮l,/Users/dong/Music/15/电磁炮l (15键).txt,/Users/dong/Desktop/Learn/muios/public/电磁炮l (15键).txt
梦灯笼,/Users/dong/Music/15/梦灯笼 (15键).txt,/Users/dong/Desktop/Learn/muios/public/梦灯笼 (15键).txt
TrainingWheels-PianoVoice-Melanie-Martinez,/Users/dong/Music/15/TrainingWheels-PianoVoice-Melanie-Martinez (15键).txt,/Users/dong/Desktop/Learn/muios/public/TrainingWheels-PianoVoice-Melanie-Martinez (15键).txt
夜的钢琴曲21-石进,/Users/dong/Music/15/夜的钢琴曲21-石进 (15键).txt,/Users/dong/Desktop/Learn/muios/public/夜的钢琴曲21-石进 (15键).txt
Chronomia(预告版),/Users/dong/Music/15/Chronomia（预告版） (15键).txt,/Users/dong/Desktop/Learn/muios/public/Chronomia（预告版） (15键).txt
杀死那个石家庄的人,/Users/dong/Music/15/杀死那个石家庄的人 (15键).txt,/Users/dong/Desktop/Learn/muios/public/杀死那个石家庄的人 (15键).txt
WouldYou-Ever-Skrillex-and-Poo-Bear,/Users/dong/Music/15/WouldYou-Ever-Skrillex-and-Poo-Bear (15键).txt,/Users/dong/Desktop/Learn/muios/public/WouldYou-Ever-Skrillex-and-Poo-Bear (15键).txt
扬州三月,/Users/dong/Music/15/扬州三月 (15键).txt,/Users/dong/Desktop/Learn/muios/public/扬州三月 (15键).txt
保留,/Users/dong/Music/15/保留 (15键).txt,/Users/dong/Desktop/Learn/muios/public/保留 (15键).txt
我不愿让你一个人五月天,/Users/dong/Music/15/我不愿让你一个人五月天 (15键).txt,/Users/dong/Desktop/Learn/muios/public/我不愿让你一个人五月天 (15键).txt
土耳其进行曲,/Users/dong/Music/15/土耳其进行曲 (15键).txt,/Users/dong/Desktop/Learn/muios/public/土耳其进行曲 (15键).txt
因为爱情将爱情进行到底主题曲,/Users/dong/Music/15/因为爱情将爱情进行到底主题曲 (15键).txt,/Users/dong/Desktop/Learn/muios/public/因为爱情将爱情进行到底主题曲 (15键).txt
麦浪 yihuik苡慧,/Users/dong/Music/15/麦浪.yihuik苡慧 (15键).txt,/Users/dong/Desktop/Learn/muios/public/麦浪.yihuik苡慧 (15键).txt
PartyDemi-Lovato,/Users/dong/Music/15/PartyDemi-Lovato (15键).txt,/Users/dong/Desktop/Learn/muios/public/PartyDemi-Lovato (15键).txt
信仰の裏返し信仰の里返し,/Users/dong/Music/15/信仰の裏返し信仰の里返し (15键).txt,/Users/dong/Desktop/Learn/muios/public/信仰の裏返し信仰の里返し (15键).txt
金鱼花火大冢爱,/Users/dong/Music/15/金鱼花火大冢爱 (15键).txt,/Users/dong/Desktop/Learn/muios/public/金鱼花火大冢爱 (15键).txt
过活【,/Users/dong/Music/15/过活 (15键).txt,/Users/dong/Desktop/Learn/muios/public/过活 (15键).txt
故宫的记忆神思者,/Users/dong/Music/15/故宫的记忆神思者 (15键).txt,/Users/dong/Desktop/Learn/muios/public/故宫的记忆神思者 (15键).txt
剑染春水,/Users/dong/Music/15/剑染春水 (15键).txt,/Users/dong/Desktop/Learn/muios/public/剑染春水 (15键).txt
Trackintime(完整的吧),/Users/dong/Music/15/Trackintime（完整的吧） (15键).txt,/Users/dong/Desktop/Learn/muios/public/Trackintime（完整的吧） (15键).txt
盲,/Users/dong/Music/15/盲 (15键).txt,/Users/dong/Desktop/Learn/muios/public/盲 (15键).txt
桃花结千金女贼片尾曲,/Users/dong/Music/15/桃花结千金女贼片尾曲 (15键).txt,/Users/dong/Desktop/Learn/muios/public/桃花结千金女贼片尾曲 (15键).txt
星晴,/Users/dong/Music/15/星晴 (15键).txt,/Users/dong/Desktop/Learn/muios/public/星晴 (15键).txt
AfterSchool-Weeekly,/Users/dong/Music/15/AfterSchool-Weeekly (15键).txt,/Users/dong/Desktop/Learn/muios/public/AfterSchool-Weeekly (15键).txt
北纬23度26分,/Users/dong/Music/15/北纬23度26分 (15键).txt,/Users/dong/Desktop/Learn/muios/public/北纬23度26分 (15键).txt
渡る者の途絶えた桥东方地灵殿二面道中曲,/Users/dong/Music/15/渡る者の途絶えた桥东方地灵殿二面道中曲 (15键).txt,/Users/dong/Desktop/Learn/muios/public/渡る者の途絶えた桥东方地灵殿二面道中曲 (15键).txt
You’re Speculation,/Users/dong/Music/15/You’re.Speculation (15键).txt,/Users/dong/Desktop/Learn/muios/public/You’re.Speculation (15键).txt
FlyMe-to-the-Moon-Bart-Howard,/Users/dong/Music/15/FlyMe-to-the-Moon-Bart-Howard (15键).txt,/Users/dong/Desktop/Learn/muios/public/FlyMe-to-the-Moon-Bart-Howard (15键).txt
Landing Guy,/Users/dong/Music/15/Landing.Guy (15键).txt,/Users/dong/Desktop/Learn/muios/public/Landing.Guy (15键).txt
Landing Guy,/Users/dong/Music/15/Landing Guy (15键).txt,/Users/dong/Desktop/Learn/muios/public/Landing Guy (15键).txt
无名的人,/Users/dong/Music/15/无名的人 (15键).txt,/Users/dong/Desktop/Learn/muios/public/无名的人 (15键).txt
朱に染まる|染成朱红笛,/Users/dong/Music/15/朱に染まる｜染成朱红笛 (15键).txt,/Users/dong/Desktop/Learn/muios/public/朱に染まる｜染成朱红笛 (15键).txt
暖昧,/Users/dong/Music/15/暖昧 (15键).txt,/Users/dong/Desktop/Learn/muios/public/暖昧 (15键).txt
红豆,/Users/dong/Music/15/红豆 (15键).txt,/Users/dong/Desktop/Learn/muios/public/红豆 (15键).txt
BeginAgain,/Users/dong/Music/15/BeginAgain (15键).txt,/Users/dong/Desktop/Learn/muios/public/BeginAgain (15键).txt
魂斗罗第五关背景音乐,/Users/dong/Music/15/魂斗罗第五关背景音乐 (15键).txt,/Users/dong/Desktop/Learn/muios/public/魂斗罗第五关背景音乐 (15键).txt
龙猫主题曲,/Users/dong/Music/15/龙猫主题曲 (15键).txt,/Users/dong/Desktop/Learn/muios/public/龙猫主题曲 (15键).txt
龙猫主题曲,/Users/dong/Music/15/龙猫 主题曲 (15键).txt,/Users/dong/Desktop/Learn/muios/public/龙猫 主题曲 (15键).txt
龙猫主题曲,/Users/dong/Music/15/龙猫.主题曲 (15键).txt,/Users/dong/Desktop/Learn/muios/public/龙猫.主题曲 (15键).txt
生生,/Users/dong/Music/15/生生 (15键).txt,/Users/dong/Desktop/Learn/muios/public/生生 (15键).txt
教父 Speak Softly,/Users/dong/Music/15/教父 《Speak Softly (15键).txt,/Users/dong/Desktop/Learn/muios/public/教父 《Speak Softly (15键).txt
教父 Speak Softly,/Users/dong/Music/15/教父.Speak.Softly (15键).txt,/Users/dong/Desktop/Learn/muios/public/教父.Speak.Softly (15键).txt
EverglowColdplay,/Users/dong/Music/15/EverglowColdplay (15键).txt,/Users/dong/Desktop/Learn/muios/public/EverglowColdplay (15键).txt
彼岸新,/Users/dong/Music/15/彼岸新 (15键).txt,/Users/dong/Desktop/Learn/muios/public/彼岸新 (15键).txt
AnnabellePianoboy,/Users/dong/Music/15/AnnabellePianoboy (15键).txt,/Users/dong/Desktop/Learn/muios/public/AnnabellePianoboy (15键).txt
ChinaX,/Users/dong/Music/15/ChinaX (15键).txt,/Users/dong/Desktop/Learn/muios/public/ChinaX (15键).txt
ChinaX,/Users/dong/Music/15/China－X (15键).txt,/Users/dong/Desktop/Learn/muios/public/China－X (15键).txt
ChinaX,/Users/dong/Music/15/China-X (15键).txt,/Users/dong/Desktop/Learn/muios/public/China-X (15键).txt
Alone简单版Alan-Walker,/Users/dong/Music/15/Alone简单版Alan-Walker (15键).txt,/Users/dong/Desktop/Learn/muios/public/Alone简单版Alan-Walker (15键).txt
lifeline(生命线),/Users/dong/Music/15/lifeline（生命线） (15键).txt,/Users/dong/Desktop/Learn/muios/public/lifeline（生命线） (15键).txt
lifeline(生命线),/Users/dong/Music/15/lifeline生命线 (15键).txt,/Users/dong/Desktop/Learn/muios/public/lifeline生命线 (15键).txt
很久以前A-Long-Time-Ago,/Users/dong/Music/15/很久以前A-Long-Time-Ago (15键).txt,/Users/dong/Desktop/Learn/muios/public/很久以前A-Long-Time-Ago (15键).txt
水星记 安迪Zoey,/Users/dong/Music/15/水星记 安迪Zoey (15键).txt,/Users/dong/Desktop/Learn/muios/public/水星记 安迪Zoey (15键).txt
林俊杰交换余生,/Users/dong/Music/15/林俊杰交换余生 (15键).txt,/Users/dong/Desktop/Learn/muios/public/林俊杰交换余生 (15键).txt
贝多芬第七号交响曲第一乐章,/Users/dong/Music/15/贝多芬第七号交响曲第一乐章 (15键).txt,/Users/dong/Desktop/Learn/muios/public/贝多芬第七号交响曲第一乐章 (15键).txt
雨林BGM优化版,/Users/dong/Music/15/雨林BGM《优化版》 (15键).txt,/Users/dong/Desktop/Learn/muios/public/雨林BGM《优化版》 (15键).txt
Merry Christmas Mr Lawrence 烛子ikina,/Users/dong/Music/15/Merry Christmas Mr Lawrence 烛子ikina (15键).txt,/Users/dong/Desktop/Learn/muios/public/Merry Christmas Mr Lawrence 烛子ikina (15键).txt
碎银几两,/Users/dong/Music/15/碎银几两 (15键).txt,/Users/dong/Desktop/Learn/muios/public/碎银几两 (15键).txt
my war,/Users/dong/Music/15/my war (15键).txt,/Users/dong/Desktop/Learn/muios/public/my war (15键).txt
my war,/Users/dong/Music/15/My_War (15键).txt,/Users/dong/Desktop/Learn/muios/public/My_War (15键).txt
my war,/Users/dong/Music/15/My.War (15键).txt,/Users/dong/Desktop/Learn/muios/public/My.War (15键).txt
谎言,/Users/dong/Music/15/谎言 (15键).txt,/Users/dong/Desktop/Learn/muios/public/谎言 (15键).txt
Por Una Cabeza,/Users/dong/Music/15/Por Una Cabeza (15键).txt,/Users/dong/Desktop/Learn/muios/public/Por Una Cabeza (15键).txt
Por Una Cabeza,/Users/dong/Music/15/Por.Una.Cabeza (15键).txt,/Users/dong/Desktop/Learn/muios/public/Por.Una.Cabeza (15键).txt
明日には消えてゆく我将消散于明天,/Users/dong/Music/15/明日には消えてゆく我将消散于明天 (15键).txt,/Users/dong/Desktop/Learn/muios/public/明日には消えてゆく我将消散于明天 (15键).txt
小幸运我的少女时代主题曲,/Users/dong/Music/15/小幸运我的少女时代主题曲 (15键).txt,/Users/dong/Desktop/Learn/muios/public/小幸运我的少女时代主题曲 (15键).txt
大家一起喜羊羊(简易和弦)小先生,/Users/dong/Music/15/大家一起喜羊羊（简易和弦）小先生 (15键).txt,/Users/dong/Desktop/Learn/muios/public/大家一起喜羊羊（简易和弦）小先生 (15键).txt
乡恋李谷一,/Users/dong/Music/15/乡恋李谷一 (15键).txt,/Users/dong/Desktop/Learn/muios/public/乡恋李谷一 (15键).txt
极速坏苹果【言】,/Users/dong/Music/15/极速坏苹果【言】 (15键).txt,/Users/dong/Desktop/Learn/muios/public/极速坏苹果【言】 (15键).txt
IfYou-Big-Bang,/Users/dong/Music/15/IfYou-Big-Bang (15键).txt,/Users/dong/Desktop/Learn/muios/public/IfYou-Big-Bang (15键).txt
簪花人间,/Users/dong/Music/15/簪花人间 (15键).txt,/Users/dong/Desktop/Learn/muios/public/簪花人间 (15键).txt
石楠小札贰婶,/Users/dong/Music/15/石楠小札贰婶 (15键).txt,/Users/dong/Desktop/Learn/muios/public/石楠小札贰婶 (15键).txt
知晚两世欢插曲-延续唯美甜蜜的氛围,/Users/dong/Music/15/知晚两世欢插曲-延续唯美甜蜜的氛围 (15键).txt,/Users/dong/Desktop/Learn/muios/public/知晚两世欢插曲-延续唯美甜蜜的氛围 (15键).txt
花之情(Luv Dance)Rem编,/Users/dong/Music/15/花之情（Luv.Dance）Rem编 (15键).txt,/Users/dong/Desktop/Learn/muios/public/花之情（Luv.Dance）Rem编 (15键).txt
Bornastrange去月球,/Users/dong/Music/15/Bornastrange去月球 (15键).txt,/Users/dong/Desktop/Learn/muios/public/Bornastrange去月球 (15键).txt
想变得更可爱,/Users/dong/Music/15/想变得更可爱 (15键).txt,/Users/dong/Desktop/Learn/muios/public/想变得更可爱 (15键).txt
喜欢你beyond独奏版,/Users/dong/Music/15/喜欢你beyond独奏版 (15键).txt,/Users/dong/Desktop/Learn/muios/public/喜欢你beyond独奏版 (15键).txt
不得不爱潘玮柏,/Users/dong/Music/15/不得不爱潘玮柏 (15键).txt,/Users/dong/Desktop/Learn/muios/public/不得不爱潘玮柏 (15键).txt
可惜不是你,/Users/dong/Music/15/可惜不是你 (15键).txt,/Users/dong/Desktop/Learn/muios/public/可惜不是你 (15键).txt
happiness breeze,/Users/dong/Music/15/happiness.breeze (15键).txt,/Users/dong/Desktop/Learn/muios/public/happiness.breeze (15键).txt
Takemyhead,/Users/dong/Music/15/Takemyhead (15键).txt,/Users/dong/Desktop/Learn/muios/public/Takemyhead (15键).txt
BostonAUGUSTANA乐队,/Users/dong/Music/15/BostonAUGUSTANA乐队 (15键).txt,/Users/dong/Desktop/Learn/muios/public/BostonAUGUSTANA乐队 (15键).txt
Letter任天堂动物森友会CM广告曲,/Users/dong/Music/15/Letter任天堂动物森友会CM广告曲 (15键).txt,/Users/dong/Desktop/Learn/muios/public/Letter任天堂动物森友会CM广告曲 (15键).txt
LegendsNever-Die,/Users/dong/Music/15/legendsneverdie (15键).txt,/Users/dong/Desktop/Learn/muios/public/legendsneverdie (15键).txt
LegendsNever-Die,/Users/dong/Music/15/legends never die by小社 (15键).txt,/Users/dong/Desktop/Learn/muios/public/legends never die by小社 (15键).txt
LegendsNever-Die,/Users/dong/Music/15/Legends never die (15键).txt,/Users/dong/Desktop/Learn/muios/public/Legends never die (15键).txt
LEVEL5judgelight,/Users/dong/Music/15/LEVEL5-judgelight- (15键).txt,/Users/dong/Desktop/Learn/muios/public/LEVEL5-judgelight- (15键).txt
很爱很爱你,/Users/dong/Music/15/很爱很爱你 (15键).txt,/Users/dong/Desktop/Learn/muios/public/很爱很爱你 (15键).txt
天行九歌天行九歌主题曲,/Users/dong/Music/15/天行九歌天行九歌主题曲 (15键).txt,/Users/dong/Desktop/Learn/muios/public/天行九歌天行九歌主题曲 (15键).txt
十里桃花张靓颖,/Users/dong/Music/15/十里桃花张靓颖 (15键).txt,/Users/dong/Desktop/Learn/muios/public/十里桃花张靓颖 (15键).txt
酒醉的蝴蝶 烛子ikina,/Users/dong/Music/15/酒醉的蝴蝶 烛子ikina (15键).txt,/Users/dong/Desktop/Learn/muios/public/酒醉的蝴蝶 烛子ikina (15键).txt
小时候的我们周兴哲,/Users/dong/Music/15/小时候的我们周兴哲 (15键).txt,/Users/dong/Desktop/Learn/muios/public/小时候的我们周兴哲 (15键).txt
予你,/Users/dong/Music/15/予你 (15键).txt,/Users/dong/Desktop/Learn/muios/public/予你 (15键).txt
RainOver-Me-Pitbull,/Users/dong/Music/15/RainOver-Me-Pitbull (15键).txt,/Users/dong/Desktop/Learn/muios/public/RainOver-Me-Pitbull (15键).txt
裂缝中的阳光,/Users/dong/Music/15/裂缝中的阳光 (15键).txt,/Users/dong/Desktop/Learn/muios/public/裂缝中的阳光 (15键).txt
穿越魔幻手机,/Users/dong/Music/15/穿越魔幻手机 (15键).txt,/Users/dong/Desktop/Learn/muios/public/穿越魔幻手机 (15键).txt
Beethoven’s silence,/Users/dong/Music/15/Beethoven’s silence (15键).txt,/Users/dong/Desktop/Learn/muios/public/Beethoven’s silence (15键).txt
Beethoven’s silence,/Users/dong/Music/15/Beethoven’s.silence (15键).txt,/Users/dong/Desktop/Learn/muios/public/Beethoven’s.silence (15键).txt
IllusionaryDaytime-幻昼,/Users/dong/Music/15/IllusionaryDaytime-幻昼 (15键).txt,/Users/dong/Desktop/Learn/muios/public/IllusionaryDaytime-幻昼 (15键).txt
别问我是谁王馨平,/Users/dong/Music/15/别问我是谁王馨平 (15键).txt,/Users/dong/Desktop/Learn/muios/public/别问我是谁王馨平 (15键).txt
笑看风云笑看风云主题曲,/Users/dong/Music/15/笑看风云笑看风云主题曲 (15键).txt,/Users/dong/Desktop/Learn/muios/public/笑看风云笑看风云主题曲 (15键).txt
伞下之人,/Users/dong/Music/15/伞下之人 (15键).txt,/Users/dong/Desktop/Learn/muios/public/伞下之人 (15键).txt
Happier,/Users/dong/Music/15/Happier (15键).txt,/Users/dong/Desktop/Learn/muios/public/Happier (15键).txt
苏维埃进行曲,/Users/dong/Music/15/苏维埃进行曲 (15键).txt,/Users/dong/Desktop/Learn/muios/public/苏维埃进行曲 (15键).txt
无人熟识闽南语情歌,/Users/dong/Music/15/无人熟识闽南语情歌 (15键).txt,/Users/dong/Desktop/Learn/muios/public/无人熟识闽南语情歌 (15键).txt
偶遇邪不压正推广曲-再多的预期都抵不上一场偶遇,/Users/dong/Music/15/偶遇邪不压正推广曲-再多的预期都抵不上一场偶遇 (15键).txt,/Users/dong/Desktop/Learn/muios/public/偶遇邪不压正推广曲-再多的预期都抵不上一场偶遇 (15键).txt
StayPost-Malone,/Users/dong/Music/15/StayPost-Malone (15键).txt,/Users/dong/Desktop/Learn/muios/public/StayPost-Malone (15键).txt
雪落下的声音,/Users/dong/Music/15/雪落下的声音 (15键).txt,/Users/dong/Desktop/Learn/muios/public/雪落下的声音 (15键).txt
草木魔道祖师薛晓同人曲,/Users/dong/Music/15/草木魔道祖师薛晓同人曲 (15键).txt,/Users/dong/Desktop/Learn/muios/public/草木魔道祖师薛晓同人曲 (15键).txt
Visiting Hours,/Users/dong/Music/15/Visiting.Hours (15键).txt,/Users/dong/Desktop/Learn/muios/public/Visiting.Hours (15键).txt
迟来的情话,/Users/dong/Music/15/迟来的情话（21键） (15键).txt,/Users/dong/Desktop/Learn/muios/public/迟来的情话（21键） (15键).txt
迟来的情话,/Users/dong/Music/15/迟来的情话 (15键).txt,/Users/dong/Desktop/Learn/muios/public/迟来的情话 (15键).txt
失语症,/Users/dong/Music/15/失语症 (15键).txt,/Users/dong/Desktop/Learn/muios/public/失语症 (15键).txt
亲爱的你怎么不在我身边江美琪,/Users/dong/Music/15/亲爱的你怎么不在我身边江美琪 (15键).txt,/Users/dong/Desktop/Learn/muios/public/亲爱的你怎么不在我身边江美琪 (15键).txt
茉莉花中国民歌-何仿,/Users/dong/Music/15/茉莉花中国民歌-何仿 (15键).txt,/Users/dong/Desktop/Learn/muios/public/茉莉花中国民歌-何仿 (15键).txt
三国駅三国站-Aiko,/Users/dong/Music/15/三国駅三国站-Aiko (15键).txt,/Users/dong/Desktop/Learn/muios/public/三国駅三国站-Aiko (15键).txt
调查中【开端】,/Users/dong/Music/15/调查中【开端】 (15键).txt,/Users/dong/Desktop/Learn/muios/public/调查中【开端】 (15键).txt
白月光简单,/Users/dong/Music/15/白月光简单 (15键).txt,/Users/dong/Desktop/Learn/muios/public/白月光简单 (15键).txt
Kiss-Me,/Users/dong/Music/15/Kiss Me (15键).txt,/Users/dong/Desktop/Learn/muios/public/Kiss Me (15键).txt
Kiss-Me,/Users/dong/Music/15/KissMe (15键).txt,/Users/dong/Desktop/Learn/muios/public/KissMe (15键).txt
心安理得,/Users/dong/Music/15/心安理得 (15键).txt,/Users/dong/Desktop/Learn/muios/public/心安理得 (15键).txt
xxxtentacion-sad,/Users/dong/Music/15/xxxtentacion-sad (15键).txt,/Users/dong/Desktop/Learn/muios/public/xxxtentacion-sad (15键).txt
xxxtentacion-sad,/Users/dong/Music/15/xxxtentacion.sad (15键).txt,/Users/dong/Desktop/Learn/muios/public/xxxtentacion.sad (15键).txt
NyanCat,/Users/dong/Music/15/NyanCat (15键).txt,/Users/dong/Desktop/Learn/muios/public/NyanCat (15键).txt
菊花台满城尽带黄金甲ED-周杰伦,/Users/dong/Music/15/菊花台满城尽带黄金甲ED-周杰伦 (15键).txt,/Users/dong/Desktop/Learn/muios/public/菊花台满城尽带黄金甲ED-周杰伦 (15键).txt
寂静之声(thesoundofsilence),/Users/dong/Music/15/寂静之声（thesoundofsilence） (15键).txt,/Users/dong/Desktop/Learn/muios/public/寂静之声（thesoundofsilence） (15键).txt
DDLCYourReality,/Users/dong/Music/15/DDLC《YourReality》 (15键).txt,/Users/dong/Desktop/Learn/muios/public/DDLC《YourReality》 (15键).txt
致爱丽丝,/Users/dong/Music/15/致爱丽丝 (15键).txt,/Users/dong/Desktop/Learn/muios/public/致爱丽丝 (15键).txt
致爱丽丝,/Users/dong/Music/15/致爱丽丝- (15键).txt,/Users/dong/Desktop/Learn/muios/public/致爱丽丝- (15键).txt
NieGefragt-Nachtblut,/Users/dong/Music/15/NieGefragt-Nachtblut (15键).txt,/Users/dong/Desktop/Learn/muios/public/NieGefragt-Nachtblut (15键).txt
夜的钢琴曲26-石进,/Users/dong/Music/15/夜的钢琴曲26-石进 (15键).txt,/Users/dong/Desktop/Learn/muios/public/夜的钢琴曲26-石进 (15键).txt
ありがとういきものがかり,/Users/dong/Music/15/ありがとういきものがかり (15键).txt,/Users/dong/Desktop/Learn/muios/public/ありがとういきものがかり (15键).txt
艾斯戈尔·逐梦,/Users/dong/Music/15/艾斯戈尔·逐梦 (15键).txt,/Users/dong/Desktop/Learn/muios/public/艾斯戈尔·逐梦 (15键).txt
艾斯戈尔·逐梦,/Users/dong/Music/15/艾斯戈尔·逐梦  (15键).txt,/Users/dong/Desktop/Learn/muios/public/艾斯戈尔·逐梦  (15键).txt
一千年以后,/Users/dong/Music/15/一千年以后 (15键).txt,/Users/dong/Desktop/Learn/muios/public/一千年以后 (15键).txt
飞蛾扑火是否冥冥之中注定你我没有结果,/Users/dong/Music/15/飞蛾扑火是否冥冥之中注定你我没有结果 (15键).txt,/Users/dong/Desktop/Learn/muios/public/飞蛾扑火是否冥冥之中注定你我没有结果 (15键).txt
Illusion幻想-滚动的天空,/Users/dong/Music/15/Illusion幻想-滚动的天空 (15键).txt,/Users/dong/Desktop/Learn/muios/public/Illusion幻想-滚动的天空 (15键).txt
马步谣,/Users/dong/Music/15/马步谣 (15键).txt,/Users/dong/Desktop/Learn/muios/public/马步谣 (15键).txt
蜜雪冰城甜蜜蜜,/Users/dong/Music/15/蜜雪冰城甜蜜蜜 (15键).txt,/Users/dong/Desktop/Learn/muios/public/蜜雪冰城甜蜜蜜 (15键).txt
淋雨一直走简单版-张韶涵,/Users/dong/Music/15/淋雨一直走简单版-张韶涵 (15键).txt,/Users/dong/Desktop/Learn/muios/public/淋雨一直走简单版-张韶涵 (15键).txt
三年幻想乡,/Users/dong/Music/15/三年幻想乡 (15键).txt,/Users/dong/Desktop/Learn/muios/public/三年幻想乡 (15键).txt
再见一面全世界最好的你插曲,/Users/dong/Music/15/再见一面全世界最好的你插曲 (15键).txt,/Users/dong/Desktop/Learn/muios/public/再见一面全世界最好的你插曲 (15键).txt
追寻奇奇颗颗历险记片头曲,/Users/dong/Music/15/追寻奇奇颗颗历险记片头曲 (15键).txt,/Users/dong/Desktop/Learn/muios/public/追寻奇奇颗颗历险记片头曲 (15键).txt
CantHold-Us-Macklemore-Ryan-lewis,/Users/dong/Music/15/CantHold-Us-Macklemore---Ryan-lewis (15键).txt,/Users/dong/Desktop/Learn/muios/public/CantHold-Us-Macklemore---Ryan-lewis (15键).txt
DanceMonkey-Tones-and-I,/Users/dong/Music/15/DanceMonkey-Tones-and-I (15键).txt,/Users/dong/Desktop/Learn/muios/public/DanceMonkey-Tones-and-I (15键).txt
造梦0520,/Users/dong/Music/15/造梦0520 (15键).txt,/Users/dong/Desktop/Learn/muios/public/造梦0520 (15键).txt
shape of my heart,/Users/dong/Music/15/shape.of.my.heart (15键).txt,/Users/dong/Desktop/Learn/muios/public/shape.of.my.heart (15键).txt
花舞,/Users/dong/Music/15/花舞 (15键).txt,/Users/dong/Desktop/Learn/muios/public/花舞 (15键).txt
一个人想着一个人,/Users/dong/Music/15/一个人想着一个人 (15键).txt,/Users/dong/Desktop/Learn/muios/public/一个人想着一个人 (15键).txt
铃儿响叮当Jingle-Bells,/Users/dong/Music/15/铃儿响叮当Jingle-Bells (15键).txt,/Users/dong/Desktop/Learn/muios/public/铃儿响叮当Jingle-Bells (15键).txt
铃儿响叮当Jingle-Bells,/Users/dong/Music/15/铃儿响叮当Jingle-Bells- (15键).txt,/Users/dong/Desktop/Learn/muios/public/铃儿响叮当Jingle-Bells- (15键).txt
水手郑智化,/Users/dong/Music/15/水手郑智化 (15键).txt,/Users/dong/Desktop/Learn/muios/public/水手郑智化 (15键).txt
小星星变奏曲 烛子ikina,/Users/dong/Music/15/小星星变奏曲 烛子ikina (15键).txt,/Users/dong/Desktop/Learn/muios/public/小星星变奏曲 烛子ikina (15键).txt
小酒窝,/Users/dong/Music/15/小酒窝 (15键).txt,/Users/dong/Desktop/Learn/muios/public/小酒窝 (15键).txt
Neo Sanctuary,/Users/dong/Music/15/Neo.Sanctuary (15键).txt,/Users/dong/Desktop/Learn/muios/public/Neo.Sanctuary (15键).txt
坏苹果BadApple,/Users/dong/Music/15/坏苹果BadApple (15键).txt,/Users/dong/Desktop/Learn/muios/public/坏苹果BadApple (15键).txt
despatico单指版,/Users/dong/Music/15/despatico单指版 (15键).txt,/Users/dong/Desktop/Learn/muios/public/despatico单指版 (15键).txt
宵宫,/Users/dong/Music/15/宵宫 (15键).txt,/Users/dong/Desktop/Learn/muios/public/宵宫 (15键).txt
WelcomeHome-Radical-Face,/Users/dong/Music/15/WelcomeHome-Radical-Face (15键).txt,/Users/dong/Desktop/Learn/muios/public/WelcomeHome-Radical-Face (15键).txt
为了遇见你薛之谦,/Users/dong/Music/15/为了遇见你薛之谦 (15键).txt,/Users/dong/Desktop/Learn/muios/public/为了遇见你薛之谦 (15键).txt
星莲船,/Users/dong/Music/15/星莲船 (15键).txt,/Users/dong/Desktop/Learn/muios/public/星莲船 (15键).txt
十面埋伏(琵琶),/Users/dong/Music/15/十面埋伏(琵琶) (15键).txt,/Users/dong/Desktop/Learn/muios/public/十面埋伏(琵琶) (15键).txt
SamsoniteMan-Alicia-Keys,/Users/dong/Music/15/SamsoniteMan-Alicia-Keys (15键).txt,/Users/dong/Desktop/Learn/muios/public/SamsoniteMan-Alicia-Keys (15键).txt
恭喜发财,/Users/dong/Music/15/恭喜发财 (15键).txt,/Users/dong/Desktop/Learn/muios/public/恭喜发财 (15键).txt
溯豪华超长版,/Users/dong/Music/15/溯豪华超长版 (15键).txt,/Users/dong/Desktop/Learn/muios/public/溯豪华超长版 (15键).txt
牛仔很忙联欢会part版周杰伦我很忙专辑,/Users/dong/Music/15/牛仔很忙联欢会part版周杰伦我很忙专辑 (15键).txt,/Users/dong/Desktop/Learn/muios/public/牛仔很忙联欢会part版周杰伦我很忙专辑 (15键).txt
在路旁巴西民歌,/Users/dong/Music/15/在路旁巴西民歌 (15键).txt,/Users/dong/Desktop/Learn/muios/public/在路旁巴西民歌 (15键).txt
私奔到月球,/Users/dong/Music/15/私奔到月球 (15键).txt,/Users/dong/Desktop/Learn/muios/public/私奔到月球 (15键).txt
威风堂堂 烛子ikina,/Users/dong/Music/15/威风堂堂 烛子ikina (15键).txt,/Users/dong/Desktop/Learn/muios/public/威风堂堂 烛子ikina (15键).txt
手つかずの感情(笛),/Users/dong/Music/15/手つかずの感情（笛） (15键).txt,/Users/dong/Desktop/Learn/muios/public/手つかずの感情（笛） (15键).txt
琴之翼,/Users/dong/Music/15/琴之翼 (15键).txt,/Users/dong/Desktop/Learn/muios/public/琴之翼 (15键).txt
Pachelbel's CanonD大调卡农,/Users/dong/Music/15/Pachelbel's.CanonD大调卡农 (15键).txt,/Users/dong/Desktop/Learn/muios/public/Pachelbel's.CanonD大调卡农 (15键).txt
Pachelbel's CanonD大调卡农,/Users/dong/Music/15/Pachelbel's Canon（D大调卡农） (15键).txt,/Users/dong/Desktop/Learn/muios/public/Pachelbel's Canon（D大调卡农） (15键).txt
半生雪-az,/Users/dong/Music/15/半生雪-az (15键).txt,/Users/dong/Desktop/Learn/muios/public/半生雪-az (15键).txt
凉生我们可不可以不忧伤插曲,/Users/dong/Music/15/凉生我们可不可以不忧伤插曲 (15键).txt,/Users/dong/Desktop/Learn/muios/public/凉生我们可不可以不忧伤插曲 (15键).txt
欢乐颂Song-of-Joy,/Users/dong/Music/15/欢乐颂Song-of-Joy (15键).txt,/Users/dong/Desktop/Learn/muios/public/欢乐颂Song-of-Joy (15键).txt
天空之城C调进阶版-晴天的时候你的天空之城也正飞过,/Users/dong/Music/15/天空之城C调进阶版-晴天的时候你的天空之城也正飞过 (15键).txt,/Users/dong/Desktop/Learn/muios/public/天空之城C调进阶版-晴天的时候你的天空之城也正飞过 (15键).txt
但是求其爱,/Users/dong/Music/15/但是求其爱 (15键).txt,/Users/dong/Desktop/Learn/muios/public/但是求其爱 (15键).txt
KissMe-Slowly-Parachute,/Users/dong/Music/15/KissMe-Slowly-Parachute (15键).txt,/Users/dong/Desktop/Learn/muios/public/KissMe-Slowly-Parachute (15键).txt
不该用情,/Users/dong/Music/15/不该用情 (15键).txt,/Users/dong/Desktop/Learn/muios/public/不该用情 (15键).txt
爱拼才会赢C调简单版-经典励志老歌,/Users/dong/Music/15/爱拼才会赢C调简单版-经典励志老歌 (15键).txt,/Users/dong/Desktop/Learn/muios/public/爱拼才会赢C调简单版-经典励志老歌 (15键).txt
Letter Song主旋律,/Users/dong/Music/15/Letter.Song主旋律 (15键).txt,/Users/dong/Desktop/Learn/muios/public/Letter.Song主旋律 (15键).txt
笑颜のSuncatcher,/Users/dong/Music/15/笑颜のSuncatcher (15键).txt,/Users/dong/Desktop/Learn/muios/public/笑颜のSuncatcher (15键).txt
少年少年祖国的春天,/Users/dong/Music/15/少年少年祖国的春天 (15键).txt,/Users/dong/Desktop/Learn/muios/public/少年少年祖国的春天 (15键).txt
共产儿童团歌,/Users/dong/Music/15/共产儿童团歌 (15键).txt,/Users/dong/Desktop/Learn/muios/public/共产儿童团歌 (15键).txt
からくり卍ばーすと镜音リンAppend-镜音レンAppend,/Users/dong/Music/15/からくり卍ばーすと镜音リンAppend-镜音レンAppend (15键).txt,/Users/dong/Desktop/Learn/muios/public/からくり卍ばーすと镜音リンAppend-镜音レンAppend (15键).txt
夜的钢琴曲一,/Users/dong/Music/15/夜的钢琴曲一 (15键).txt,/Users/dong/Desktop/Learn/muios/public/夜的钢琴曲一 (15键).txt
NonstopOh-My-Girl,/Users/dong/Music/15/NonstopOh-My-Girl (15键).txt,/Users/dong/Desktop/Learn/muios/public/NonstopOh-My-Girl (15键).txt
promise,/Users/dong/Music/15/promise (15键).txt,/Users/dong/Desktop/Learn/muios/public/promise (15键).txt
Addict,/Users/dong/Music/15/Addict (15键).txt,/Users/dong/Desktop/Learn/muios/public/Addict (15键).txt
オーマイガー-NMB48,/Users/dong/Music/15/オーマイガー-NMB48 (15键).txt,/Users/dong/Desktop/Learn/muios/public/オーマイガー-NMB48 (15键).txt
VenusFly-Trap-Marina,/Users/dong/Music/15/VenusFly-Trap-Marina (15键).txt,/Users/dong/Desktop/Learn/muios/public/VenusFly-Trap-Marina (15键).txt
Memory,/Users/dong/Music/15/Memory (15键).txt,/Users/dong/Desktop/Learn/muios/public/Memory (15键).txt
Memory,/Users/dong/Music/15/memoryβ (15键).txt,/Users/dong/Desktop/Learn/muios/public/memoryβ (15键).txt
Notangry,/Users/dong/Music/15/Notangry (15键).txt,/Users/dong/Desktop/Learn/muios/public/Notangry (15键).txt
Notangry,/Users/dong/Music/15/not.angry (15键).txt,/Users/dong/Desktop/Learn/muios/public/not.angry (15键).txt
回レ!雪月花(旋转吧!雪月花),/Users/dong/Music/15/回レ!雪月花(旋转吧!雪月花) (15键).txt,/Users/dong/Desktop/Learn/muios/public/回レ!雪月花(旋转吧!雪月花) (15键).txt
FindMe-Marshmello,/Users/dong/Music/15/FindMe-Marshmello (15键).txt,/Users/dong/Desktop/Learn/muios/public/FindMe-Marshmello (15键).txt
向快乐飞翔,/Users/dong/Music/15/向快乐飞翔 (15键).txt,/Users/dong/Desktop/Learn/muios/public/向快乐飞翔 (15键).txt
12月24日IU,/Users/dong/Music/15/12月24日IU (15键).txt,/Users/dong/Desktop/Learn/muios/public/12月24日IU (15键).txt
eutopia,/Users/dong/Music/15/Eutopia (15键).txt,/Users/dong/Desktop/Learn/muios/public/Eutopia (15键).txt
曾经你说,/Users/dong/Music/15/曾经你说   by小社 (15键).txt,/Users/dong/Desktop/Learn/muios/public/曾经你说   by小社 (15键).txt
曾经你说,/Users/dong/Music/15/曾经你说 (15键).txt,/Users/dong/Desktop/Learn/muios/public/曾经你说 (15键).txt
TheFox-挪威组合Ylvis,/Users/dong/Music/15/TheFox-挪威组合Ylvis (15键).txt,/Users/dong/Desktop/Learn/muios/public/TheFox-挪威组合Ylvis (15键).txt
夜色完整版-邓丽君,/Users/dong/Music/15/夜色完整版-邓丽君 (15键).txt,/Users/dong/Desktop/Learn/muios/public/夜色完整版-邓丽君 (15键).txt
比我幸福玉观音插曲-陈晓东,/Users/dong/Music/15/比我幸福玉观音插曲-陈晓东 (15键).txt,/Users/dong/Desktop/Learn/muios/public/比我幸福玉观音插曲-陈晓东 (15键).txt
残酷な天使のテーゼ[EVA新世纪福音战士],/Users/dong/Music/15/残酷な天使のテーゼ[EVA新世纪福音战士] (15键).txt,/Users/dong/Desktop/Learn/muios/public/残酷な天使のテーゼ[EVA新世纪福音战士] (15键).txt
Butterfly简单版数码宝贝大冒险主题曲,/Users/dong/Music/15/Butterfly简单版数码宝贝大冒险主题曲 (15键).txt,/Users/dong/Desktop/Learn/muios/public/Butterfly简单版数码宝贝大冒险主题曲 (15键).txt
"橘子海,夏日漱石",/Users/dong/Music/15/橘子海，夏日漱石 (15键).txt,/Users/dong/Desktop/Learn/muios/public/橘子海，夏日漱石 (15键).txt
小手拉大手,/Users/dong/Music/15/小手拉大手 (15键).txt,/Users/dong/Desktop/Learn/muios/public/小手拉大手 (15键).txt
美丽的神话1,/Users/dong/Music/15/美丽的神话1 (15键).txt,/Users/dong/Desktop/Learn/muios/public/美丽的神话1 (15键).txt
愿与愁,/Users/dong/Music/15/愿与愁 (15键).txt,/Users/dong/Desktop/Learn/muios/public/愿与愁 (15键).txt
逮虾户Dejavu,/Users/dong/Music/15/逮虾户Dejavu (15键).txt,/Users/dong/Desktop/Learn/muios/public/逮虾户Dejavu (15键).txt
蜜蜂万玲琳,/Users/dong/Music/15/蜜蜂万玲琳 (15键).txt,/Users/dong/Desktop/Learn/muios/public/蜜蜂万玲琳 (15键).txt
终身美丽瘦身男女主题曲,/Users/dong/Music/15/终身美丽瘦身男女主题曲 (15键).txt,/Users/dong/Desktop/Learn/muios/public/终身美丽瘦身男女主题曲 (15键).txt
光之心声入人心主题曲,/Users/dong/Music/15/光之心声入人心主题曲 (15键).txt,/Users/dong/Desktop/Learn/muios/public/光之心声入人心主题曲 (15键).txt
莫斯科郊外的晚上,/Users/dong/Music/15/莫斯科郊外的晚上 (15键).txt,/Users/dong/Desktop/Learn/muios/public/莫斯科郊外的晚上 (15键).txt
没什么大不了,/Users/dong/Music/15/没什么大不了 (15键).txt,/Users/dong/Desktop/Learn/muios/public/没什么大不了 (15键).txt
两只龙骨😪,/Users/dong/Music/15/两只龙骨😪 (15键).txt,/Users/dong/Desktop/Learn/muios/public/两只龙骨😪 (15键).txt
违背的青春 薛之谦【,/Users/dong/Music/15/违背的青春.薛之谦 (15键).txt,/Users/dong/Desktop/Learn/muios/public/违背的青春.薛之谦 (15键).txt
不能说的秘密插曲,/Users/dong/Music/15/不能说的秘密插曲 (15键).txt,/Users/dong/Desktop/Learn/muios/public/不能说的秘密插曲 (15键).txt
孤单摩天轮飞轮海,/Users/dong/Music/15/孤单摩天轮飞轮海 (15键).txt,/Users/dong/Desktop/Learn/muios/public/孤单摩天轮飞轮海 (15键).txt
Aloha Heja He,/Users/dong/Music/15/Aloha.Heja.He (15键).txt,/Users/dong/Desktop/Learn/muios/public/Aloha.Heja.He (15键).txt
神秘园之歌1,/Users/dong/Music/15/神秘园之歌1 (15键).txt,/Users/dong/Desktop/Learn/muios/public/神秘园之歌1 (15键).txt
Night of knights,/Users/dong/Music/15/Night.of.knights (15键).txt,/Users/dong/Desktop/Learn/muios/public/Night.of.knights (15键).txt
Night of knights,/Users/dong/Music/15/Nightofknights (15键).txt,/Users/dong/Desktop/Learn/muios/public/Nightofknights (15键).txt
劫,/Users/dong/Music/15/劫 (15键).txt,/Users/dong/Desktop/Learn/muios/public/劫 (15键).txt
Gurenge A叔版,/Users/dong/Music/15/Gurenge A叔版 (15键).txt,/Users/dong/Desktop/Learn/muios/public/Gurenge A叔版 (15键).txt
流沙陶喆,/Users/dong/Music/15/流沙陶喆 (15键).txt,/Users/dong/Desktop/Learn/muios/public/流沙陶喆 (15键).txt
客官不可以,/Users/dong/Music/15/客官不可以 (15键).txt,/Users/dong/Desktop/Learn/muios/public/客官不可以 (15键).txt
简单爱,/Users/dong/Music/15/简单爱 (15键).txt,/Users/dong/Desktop/Learn/muios/public/简单爱 (15键).txt
砂上楼阁,/Users/dong/Music/15/砂上楼阁 (15键).txt,/Users/dong/Desktop/Learn/muios/public/砂上楼阁 (15键).txt
爱与希望钢琴伴奏送给雅安地震灾区,/Users/dong/Music/15/爱与希望钢琴伴奏送给雅安地震灾区 (15键).txt,/Users/dong/Desktop/Learn/muios/public/爱与希望钢琴伴奏送给雅安地震灾区 (15键).txt
萱草花你好李焕英插曲,/Users/dong/Music/15/萱草花你好李焕英插曲 (15键).txt,/Users/dong/Desktop/Learn/muios/public/萱草花你好李焕英插曲 (15键).txt
韶华赋,/Users/dong/Music/15/韶华赋 (15键).txt,/Users/dong/Desktop/Learn/muios/public/韶华赋 (15键).txt
红色石头十八岁的天空主题曲,/Users/dong/Music/15/红色石头十八岁的天空主题曲 (15键).txt,/Users/dong/Desktop/Learn/muios/public/红色石头十八岁的天空主题曲 (15键).txt
父亲写的散文诗是潸然泪下还是失声痛哭,/Users/dong/Music/15/父亲写的散文诗是潸然泪下还是失声痛哭 (15键).txt,/Users/dong/Desktop/Learn/muios/public/父亲写的散文诗是潸然泪下还是失声痛哭 (15键).txt
诺能绽放光芒,/Users/dong/Music/15/诺能绽放光芒 (15键).txt,/Users/dong/Desktop/Learn/muios/public/诺能绽放光芒 (15键).txt
你还追着光吗C,/Users/dong/Music/15/你还追着光吗C (15键).txt,/Users/dong/Desktop/Learn/muios/public/你还追着光吗C (15键).txt
Day2-Near-Light-ólafur-Arnalds,/Users/dong/Music/15/Day2-Near-Light-ólafur-Arnalds (15键).txt,/Users/dong/Desktop/Learn/muios/public/Day2-Near-Light-ólafur-Arnalds (15键).txt
AndThe-Winner-Is-Gérard-Darmon,/Users/dong/Music/15/AndThe-Winner-Is-Gérard-Darmon (15键).txt,/Users/dong/Desktop/Learn/muios/public/AndThe-Winner-Is-Gérard-Darmon (15键).txt
【东方幻想乡】竹取飞翔,/Users/dong/Music/15/【东方幻想乡】竹取飞翔 (15键).txt,/Users/dong/Desktop/Learn/muios/public/【东方幻想乡】竹取飞翔 (15键).txt
忘了我爱你夜的钢琴曲-II,/Users/dong/Music/15/忘了我爱你夜的钢琴曲-Ⅱ (15键).txt,/Users/dong/Desktop/Learn/muios/public/忘了我爱你夜的钢琴曲-Ⅱ (15键).txt
Lullaby,/Users/dong/Music/15/Lullaby (15键).txt,/Users/dong/Desktop/Learn/muios/public/Lullaby (15键).txt
小城大事,/Users/dong/Music/15/小城大事 (15键).txt,/Users/dong/Desktop/Learn/muios/public/小城大事 (15键).txt
画心画皮主题曲,/Users/dong/Music/15/画心画皮主题曲 (15键).txt,/Users/dong/Desktop/Learn/muios/public/画心画皮主题曲 (15键).txt
与子同泽,/Users/dong/Music/15/与子同泽 (15键).txt,/Users/dong/Desktop/Learn/muios/public/与子同泽 (15键).txt
分我一半的眼泪寻找前世之旅主题曲,/Users/dong/Music/15/分我一半的眼泪寻找前世之旅主题曲 (15键).txt,/Users/dong/Desktop/Learn/muios/public/分我一半的眼泪寻找前世之旅主题曲 (15键).txt
莫斯科没有眼泪,/Users/dong/Music/15/莫斯科没有眼泪 (15键).txt,/Users/dong/Desktop/Learn/muios/public/莫斯科没有眼泪 (15键).txt
康康舞曲,/Users/dong/Music/15/康康舞曲 (15键).txt,/Users/dong/Desktop/Learn/muios/public/康康舞曲 (15键).txt
彦,/Users/dong/Music/15/彦 (15键).txt,/Users/dong/Desktop/Learn/muios/public/彦 (15键).txt
Nostalgia乡愁-久石让,/Users/dong/Music/15/Nostalgia乡愁-久石让 (15键).txt,/Users/dong/Desktop/Learn/muios/public/Nostalgia乡愁-久石让 (15键).txt
Epiphany,/Users/dong/Music/15/Epiphany (15键).txt,/Users/dong/Desktop/Learn/muios/public/Epiphany (15键).txt
画,/Users/dong/Music/15/画 (15键).txt,/Users/dong/Desktop/Learn/muios/public/画 (15键).txt
音乐台阶汤普森现代钢琴第一册,/Users/dong/Music/15/音乐台阶汤普森现代钢琴第一册 (15键).txt,/Users/dong/Desktop/Learn/muios/public/音乐台阶汤普森现代钢琴第一册 (15键).txt
HeatWaves-Glass-Animals,/Users/dong/Music/15/HeatWaves-Glass-Animals (15键).txt,/Users/dong/Desktop/Learn/muios/public/HeatWaves-Glass-Animals (15键).txt
嘿咻狂想曲-罗小黑战记,/Users/dong/Music/15/嘿咻狂想曲—罗小黑战记 (15键).txt,/Users/dong/Desktop/Learn/muios/public/嘿咻狂想曲—罗小黑战记 (15键).txt
Confessionsin-the-Moonlight-久石让,/Users/dong/Music/15/Confessionsin-the-Moonlight-久石让 (15键).txt,/Users/dong/Desktop/Learn/muios/public/Confessionsin-the-Moonlight-久石让 (15键).txt
Mast in the mist,/Users/dong/Music/15/Mast in the mist (15键).txt,/Users/dong/Desktop/Learn/muios/public/Mast in the mist (15键).txt
Mast in the mist,/Users/dong/Music/15/Mast.in.the.mist (15键).txt,/Users/dong/Desktop/Learn/muios/public/Mast.in.the.mist (15键).txt
越来越不懂新,/Users/dong/Music/15/越来越不懂新 (15键).txt,/Users/dong/Desktop/Learn/muios/public/越来越不懂新 (15键).txt
十二月的奇迹,/Users/dong/Music/15/十二月的奇迹 (15键).txt,/Users/dong/Desktop/Learn/muios/public/十二月的奇迹 (15键).txt
开启新征程流浪地球片尾曲,/Users/dong/Music/15/开启新征程流浪地球片尾曲 (15键).txt,/Users/dong/Desktop/Learn/muios/public/开启新征程流浪地球片尾曲 (15键).txt
さくらの季节,/Users/dong/Music/15/さくらの季节 (15键).txt,/Users/dong/Desktop/Learn/muios/public/さくらの季节 (15键).txt
格特鲁德的梦之圆舞曲贝多芬,/Users/dong/Music/15/格特鲁德的梦之圆舞曲贝多芬 (15键).txt,/Users/dong/Desktop/Learn/muios/public/格特鲁德的梦之圆舞曲贝多芬 (15键).txt
孤勇者,/Users/dong/Music/15/孤勇者 (15键).txt,/Users/dong/Desktop/Learn/muios/public/孤勇者 (15键).txt
孤勇者,/Users/dong/Music/15/孤勇者[۩] (15键).txt,/Users/dong/Desktop/Learn/muios/public/孤勇者[۩] (15键).txt
小白杨,/Users/dong/Music/15/小白杨 (15键).txt,/Users/dong/Desktop/Learn/muios/public/小白杨 (15键).txt
飘落的云石进,/Users/dong/Music/15/飘落的云石进 (15键).txt,/Users/dong/Desktop/Learn/muios/public/飘落的云石进 (15键).txt
イノセント美少女万华镜雾枝之歌,/Users/dong/Music/15/イノセント美少女万华镜雾枝之歌 (15键).txt,/Users/dong/Desktop/Learn/muios/public/イノセント美少女万华镜雾枝之歌 (15键).txt
挥着翅膀的女孩容祖儿,/Users/dong/Music/15/挥着翅膀的女孩容祖儿 (15键).txt,/Users/dong/Desktop/Learn/muios/public/挥着翅膀的女孩容祖儿 (15键).txt
小白兔白又白儿歌,/Users/dong/Music/15/小白兔白又白儿歌 (15键).txt,/Users/dong/Desktop/Learn/muios/public/小白兔白又白儿歌 (15键).txt
Try,/Users/dong/Music/15/try (15键).txt,/Users/dong/Desktop/Learn/muios/public/try (15键).txt
GonnaGet-Caught-Demi-Lovato,/Users/dong/Music/15/GonnaGet-Caught-Demi-Lovato (15键).txt,/Users/dong/Desktop/Learn/muios/public/GonnaGet-Caught-Demi-Lovato (15键).txt
夢であいましょう』向こう側の月,/Users/dong/Music/15/『夢であいましょう』向こう側の月 (15键).txt,/Users/dong/Desktop/Learn/muios/public/『夢であいましょう』向こう側の月 (15键).txt
因你醉玲珑主题曲,/Users/dong/Music/15/因你醉玲珑主题曲 (15键).txt,/Users/dong/Desktop/Learn/muios/public/因你醉玲珑主题曲 (15键).txt
i love you 3000,/Users/dong/Music/15/i.love.you.3000 (15键).txt,/Users/dong/Desktop/Learn/muios/public/i.love.you.3000 (15键).txt
爱能做到的还有什么(丧七,/Users/dong/Music/15/爱能做到的还有什么（丧七 (15键).txt,/Users/dong/Desktop/Learn/muios/public/爱能做到的还有什么（丧七 (15键).txt
黑白 N的告别 Black and White N's Farewell,/Users/dong/Music/15/黑白 N的告别 Black and White N's Farewell (15键).txt,/Users/dong/Desktop/Learn/muios/public/黑白 N的告别 Black and White N's Farewell (15键).txt
黑白 N的告别 Black and White N's Farewell,/Users/dong/Music/15/黑白.N的告别.Black.and.White.N's.Farewell (15键).txt,/Users/dong/Desktop/Learn/muios/public/黑白.N的告别.Black.and.White.N's.Farewell (15键).txt
时间飞行 镇魂,/Users/dong/Music/15/时间飞行 镇魂 (15键).txt,/Users/dong/Desktop/Learn/muios/public/时间飞行 镇魂 (15键).txt
晓,/Users/dong/Music/15/晓 (15键).txt,/Users/dong/Desktop/Learn/muios/public/晓 (15键).txt
彩虹-秦时明月,/Users/dong/Music/15/彩虹-秦时明月 (15键).txt,/Users/dong/Desktop/Learn/muios/public/彩虹-秦时明月 (15键).txt
NuvoleBianche-Ludovico-Einaudi,/Users/dong/Music/15/NuvoleBianche-Ludovico-Einaudi (15键).txt,/Users/dong/Desktop/Learn/muios/public/NuvoleBianche-Ludovico-Einaudi (15键).txt
千年泪新,/Users/dong/Music/15/千年泪新 (15键).txt,/Users/dong/Desktop/Learn/muios/public/千年泪新 (15键).txt
Like a star,/Users/dong/Music/15/Like.a.star (15键).txt,/Users/dong/Desktop/Learn/muios/public/Like.a.star (15键).txt
Like a star,/Users/dong/Music/15/Like a star (15键).txt,/Users/dong/Desktop/Learn/muios/public/Like a star (15键).txt
反向的钟(前奏)-az,/Users/dong/Music/15/反向的钟(前奏)-az (15键).txt,/Users/dong/Desktop/Learn/muios/public/反向的钟(前奏)-az (15键).txt
乡村舞曲世界名曲-莫扎特,/Users/dong/Music/15/乡村舞曲世界名曲-莫扎特 (15键).txt,/Users/dong/Desktop/Learn/muios/public/乡村舞曲世界名曲-莫扎特 (15键).txt
缘い空へ热狗版,/Users/dong/Music/15/缘い空へ热狗版 (15键).txt,/Users/dong/Desktop/Learn/muios/public/缘い空へ热狗版 (15键).txt
喀秋莎(节选),/Users/dong/Music/15/喀秋莎（节选） (15键).txt,/Users/dong/Desktop/Learn/muios/public/喀秋莎（节选） (15键).txt
Treat You Better,/Users/dong/Music/15/Treat You Better (15键).txt,/Users/dong/Desktop/Learn/muios/public/Treat You Better (15键).txt
Treat You Better,/Users/dong/Music/15/Treat.You.Better (15键).txt,/Users/dong/Desktop/Learn/muios/public/Treat.You.Better (15键).txt
Someone like you,/Users/dong/Music/15/Someone like you (15键).txt,/Users/dong/Desktop/Learn/muios/public/Someone like you (15键).txt
Someone like you,/Users/dong/Music/15/Someone.like.you (15键).txt,/Users/dong/Desktop/Learn/muios/public/Someone.like.you (15键).txt
LetsPlay-Again,/Users/dong/Music/15/Lets.play.again (15键).txt,/Users/dong/Desktop/Learn/muios/public/Lets.play.again (15键).txt
春来,/Users/dong/Music/15/春来 (15键).txt,/Users/dong/Desktop/Learn/muios/public/春来 (15键).txt
哈利波特 海德薇变奏曲(b站up ),/Users/dong/Music/15/哈利波特_海德薇变奏曲（b站up ） (15键).txt,/Users/dong/Desktop/Learn/muios/public/哈利波特_海德薇变奏曲（b站up ） (15键).txt
美丽的神话,/Users/dong/Music/15/《美丽的神话》by陆沉光 (15键).txt,/Users/dong/Desktop/Learn/muios/public/《美丽的神话》by陆沉光 (15键).txt
美丽的神话,/Users/dong/Music/15/美丽的神话 (15键).txt,/Users/dong/Desktop/Learn/muios/public/美丽的神话 (15键).txt
倒流时间简单版-邓紫棋,/Users/dong/Music/15/倒流时间简单版-邓紫棋 (15键).txt,/Users/dong/Desktop/Learn/muios/public/倒流时间简单版-邓紫棋 (15键).txt
拉德斯基进行曲新年音乐会钢琴独奏版,/Users/dong/Music/15/拉德斯基进行曲新年音乐会钢琴独奏版 (15键).txt,/Users/dong/Desktop/Learn/muios/public/拉德斯基进行曲新年音乐会钢琴独奏版 (15键).txt
其实,/Users/dong/Music/15/其实 (15键).txt,/Users/dong/Desktop/Learn/muios/public/其实 (15键).txt
写给我第一个喜欢的女孩的歌,/Users/dong/Music/15/写给我第一个喜欢的女孩的歌 (15键).txt,/Users/dong/Desktop/Learn/muios/public/写给我第一个喜欢的女孩的歌 (15键).txt
ThePhantom-of-the-Opera,/Users/dong/Music/15/the.phantom.of.the.Opera (15键).txt,/Users/dong/Desktop/Learn/muios/public/the.phantom.of.the.Opera (15键).txt
Gotta be a reason,/Users/dong/Music/15/Gotta.be.a.reason (15键).txt,/Users/dong/Desktop/Learn/muios/public/Gotta.be.a.reason (15键).txt
YouCant-Stop-The-Beat-Marc-Shaiman,/Users/dong/Music/15/YouCant-Stop-The-Beat-Marc-Shaiman (15键).txt,/Users/dong/Desktop/Learn/muios/public/YouCant-Stop-The-Beat-Marc-Shaiman (15键).txt
不知道,/Users/dong/Music/15/不知道 (15键).txt,/Users/dong/Desktop/Learn/muios/public/不知道 (15键).txt
水边的阿狄丽娜 Ballade pour Adeline 烛子ikina,/Users/dong/Music/15/水边的阿狄丽娜 Ballade pour Adeline 烛子ikina (15键).txt,/Users/dong/Desktop/Learn/muios/public/水边的阿狄丽娜 Ballade pour Adeline 烛子ikina (15键).txt
Prison Toys hard,/Users/dong/Music/15/Prison.Toys.hard (15键).txt,/Users/dong/Desktop/Learn/muios/public/Prison.Toys.hard (15键).txt
Prison Toys hard,/Users/dong/Music/15/Prison_Toys_hard (15键).txt,/Users/dong/Desktop/Learn/muios/public/Prison_Toys_hard (15键).txt
几个你,/Users/dong/Music/15/几个你 (15键).txt,/Users/dong/Desktop/Learn/muios/public/几个你 (15键).txt
Big Big World(健忘症),/Users/dong/Music/15/Big Big World（健忘症） (15键).txt,/Users/dong/Desktop/Learn/muios/public/Big Big World（健忘症） (15键).txt
WishingYouWereSomehowHereAgain,/Users/dong/Music/15/WishingYouWereSomehowHereAgain (15键).txt,/Users/dong/Desktop/Learn/muios/public/WishingYouWereSomehowHereAgain (15键).txt
SunflowerVol-6-Harry-Styles,/Users/dong/Music/15/SunflowerVol-6-Harry-Styles (15键).txt,/Users/dong/Desktop/Learn/muios/public/SunflowerVol-6-Harry-Styles (15键).txt
清新的小女孩,/Users/dong/Music/15/清新的小女孩 (15键).txt,/Users/dong/Desktop/Learn/muios/public/清新的小女孩 (15键).txt
rush G,/Users/dong/Music/15/rush G (15键).txt,/Users/dong/Desktop/Learn/muios/public/rush G (15键).txt
rush G,/Users/dong/Music/15/rush.G (15键).txt,/Users/dong/Desktop/Learn/muios/public/rush.G (15键).txt
叛逆的鲁鲁修continue story,/Users/dong/Music/15/叛逆的鲁鲁修continue.story (15键).txt,/Users/dong/Desktop/Learn/muios/public/叛逆的鲁鲁修continue.story (15键).txt
拥抱,/Users/dong/Music/15/拥抱 (15键).txt,/Users/dong/Desktop/Learn/muios/public/拥抱 (15键).txt
又三郎,/Users/dong/Music/15/又三郎 (15键).txt,/Users/dong/Desktop/Learn/muios/public/又三郎 (15键).txt
爱情字典孙燕姿,/Users/dong/Music/15/爱情字典孙燕姿 (15键).txt,/Users/dong/Desktop/Learn/muios/public/爱情字典孙燕姿 (15键).txt
Asthe-Deer-Martin-J-Nystrom-赞美诗,/Users/dong/Music/15/Asthe-Deer-Martin-J--Nystrom-赞美诗 (15键).txt,/Users/dong/Desktop/Learn/muios/public/Asthe-Deer-Martin-J--Nystrom-赞美诗 (15键).txt
Badapple,/Users/dong/Music/15/Badapple (15键).txt,/Users/dong/Desktop/Learn/muios/public/Badapple (15键).txt
Badapple,/Users/dong/Music/15/Bad_Apple (15键).txt,/Users/dong/Desktop/Learn/muios/public/Bad_Apple (15键).txt
Badapple,/Users/dong/Music/15/bad-apple (15键).txt,/Users/dong/Desktop/Learn/muios/public/bad-apple (15键).txt
Do you want built a snow man,/Users/dong/Music/15/Do.you.want.built.a.snow.man (15键).txt,/Users/dong/Desktop/Learn/muios/public/Do.you.want.built.a.snow.man (15键).txt
Do you want built a snow man,/Users/dong/Music/15/Do you want built a snow man (15键).txt,/Users/dong/Desktop/Learn/muios/public/Do you want built a snow man (15键).txt
甜甜的txt,/Users/dong/Music/15/甜甜的txt (15键).txt,/Users/dong/Desktop/Learn/muios/public/甜甜的txt (15键).txt
云与海,/Users/dong/Music/15/云与海 (15键).txt,/Users/dong/Desktop/Learn/muios/public/云与海 (15键).txt
ふるさとの匂い,/Users/dong/Music/15/ふるさとの匂い (15键).txt,/Users/dong/Desktop/Learn/muios/public/ふるさとの匂い (15键).txt
火柴天堂,/Users/dong/Music/15/火柴天堂 (15键).txt,/Users/dong/Desktop/Learn/muios/public/火柴天堂 (15键).txt
白色风车,/Users/dong/Music/15/白色风车 (15键).txt,/Users/dong/Desktop/Learn/muios/public/白色风车 (15键).txt
爱笑的眼睛,/Users/dong/Music/15/爱笑的眼睛 (15键).txt,/Users/dong/Desktop/Learn/muios/public/爱笑的眼睛 (15键).txt
summer time,/Users/dong/Music/15/summer time (15键).txt,/Users/dong/Desktop/Learn/muios/public/summer time (15键).txt
summer time,/Users/dong/Music/15/summer.time (15键).txt,/Users/dong/Desktop/Learn/muios/public/summer.time (15键).txt
だぶん大概,/Users/dong/Music/15/だぶん大概 (15键).txt,/Users/dong/Desktop/Learn/muios/public/だぶん大概 (15键).txt
だぶん大概,/Users/dong/Music/15/だぶん（大概 (15键).txt,/Users/dong/Desktop/Learn/muios/public/だぶん（大概 (15键).txt
晚夜微雨问海棠高潮(精修),/Users/dong/Music/15/晚夜微雨问海棠高潮（精修） (15键).txt,/Users/dong/Desktop/Learn/muios/public/晚夜微雨问海棠高潮（精修） (15键).txt
周杰伦,/Users/dong/Music/15/周杰伦 (15键).txt,/Users/dong/Desktop/Learn/muios/public/周杰伦 (15键).txt
后继者C调简单版-好像那时我们都在当时的事都记了起来,/Users/dong/Music/15/后继者C调简单版-好像那时我们都在当时的事都记了起来 (15键).txt,/Users/dong/Desktop/Learn/muios/public/后继者C调简单版-好像那时我们都在当时的事都记了起来 (15键).txt
哥只是个传说,/Users/dong/Music/15/哥只是个传说 (15键).txt,/Users/dong/Desktop/Learn/muios/public/哥只是个传说 (15键).txt
采茶纪,/Users/dong/Music/15/采茶纪 (15键).txt,/Users/dong/Desktop/Learn/muios/public/采茶纪 (15键).txt
天边外C调简单版-郑云龙,/Users/dong/Music/15/天边外C调简单版-郑云龙 (15键).txt,/Users/dong/Desktop/Learn/muios/public/天边外C调简单版-郑云龙 (15键).txt
长大的时限夜的钢琴曲7,/Users/dong/Music/15/长大的时限夜的钢琴曲7 (15键).txt,/Users/dong/Desktop/Learn/muios/public/长大的时限夜的钢琴曲7 (15键).txt
长大的时限夜的钢琴曲7,/Users/dong/Music/15/长大的时限夜的钢琴曲-7 (15键).txt,/Users/dong/Desktop/Learn/muios/public/长大的时限夜的钢琴曲-7 (15键).txt
伤心的人别听慢歌,/Users/dong/Music/15/伤心的人别听慢歌 (15键).txt,/Users/dong/Desktop/Learn/muios/public/伤心的人别听慢歌 (15键).txt
爱人错过(转载),/Users/dong/Music/15/爱人错过（转载） (15键).txt,/Users/dong/Desktop/Learn/muios/public/爱人错过（转载） (15键).txt
kisstherain雨的印记纯音乐钢琴曲,/Users/dong/Music/15/《kisstherain雨的印记》纯音乐钢琴曲 (15键).txt,/Users/dong/Desktop/Learn/muios/public/《kisstherain雨的印记》纯音乐钢琴曲 (15键).txt
一番の宝物,/Users/dong/Music/15/一番の宝物 (15键).txt,/Users/dong/Desktop/Learn/muios/public/一番の宝物 (15键).txt
带你去旅行,/Users/dong/Music/15/带你去旅行 (15键).txt,/Users/dong/Desktop/Learn/muios/public/带你去旅行 (15键).txt
因为你所以我完整版 南北阿奇,/Users/dong/Music/15/因为你所以我完整版 南北阿奇 (15键).txt,/Users/dong/Desktop/Learn/muios/public/因为你所以我完整版 南北阿奇 (15键).txt
因为你所以我完整版 南北阿奇,/Users/dong/Music/15/因为你所以我完整版南北阿奇 (15键).txt,/Users/dong/Desktop/Learn/muios/public/因为你所以我完整版南北阿奇 (15键).txt
if i were a bird,/Users/dong/Music/15/if i were a bird (15键).txt,/Users/dong/Desktop/Learn/muios/public/if i were a bird (15键).txt
if i were a bird,/Users/dong/Music/15/if.i.were.a.bird (15键).txt,/Users/dong/Desktop/Learn/muios/public/if.i.were.a.bird (15键).txt
Dancewith-My-Father-Luther-Vandross,/Users/dong/Music/15/Dancewith-My-Father-Luther-Vandross (15键).txt,/Users/dong/Desktop/Learn/muios/public/Dancewith-My-Father-Luther-Vandross (15键).txt
Whos Lovin You,/Users/dong/Music/15/Whos.Lovin.You (15键).txt,/Users/dong/Desktop/Learn/muios/public/Whos.Lovin.You (15键).txt
Whos Lovin You,/Users/dong/Music/15/Whos Lovin You (15键).txt,/Users/dong/Desktop/Learn/muios/public/Whos Lovin You (15键).txt
我心永恒泰坦尼克号主题曲,/Users/dong/Music/15/我心永恒泰坦尼克号主题曲 (15键).txt,/Users/dong/Desktop/Learn/muios/public/我心永恒泰坦尼克号主题曲 (15键).txt
comptine dun autre ete,/Users/dong/Music/15/comptine dun autre ete (15键).txt,/Users/dong/Desktop/Learn/muios/public/comptine dun autre ete (15键).txt
学不会,/Users/dong/Music/15/学不会 (15键).txt,/Users/dong/Desktop/Learn/muios/public/学不会 (15键).txt
Tonight-Im-Lovin-You-Enrique-Iglesias,/Users/dong/Music/15/Tonight-Im-Lovin-You--Enrique-Iglesias (15键).txt,/Users/dong/Desktop/Learn/muios/public/Tonight-Im-Lovin-You--Enrique-Iglesias (15键).txt
plante,/Users/dong/Music/15/plante (15键).txt,/Users/dong/Desktop/Learn/muios/public/plante (15键).txt
沦陷,/Users/dong/Music/15/沦陷 (15键).txt,/Users/dong/Desktop/Learn/muios/public/沦陷 (15键).txt
没有出口的迷宫V-K克,/Users/dong/Music/15/没有出口的迷宫V-K克 (15键).txt,/Users/dong/Desktop/Learn/muios/public/没有出口的迷宫V-K克 (15键).txt
我多喜欢你你会知道致我们单纯的小美好推广曲,/Users/dong/Music/15/我多喜欢你你会知道致我们单纯的小美好推广曲 (15键).txt,/Users/dong/Desktop/Learn/muios/public/我多喜欢你你会知道致我们单纯的小美好推广曲 (15键).txt
SheLooks-So-Perfect-5-Seconds-of-Summer,/Users/dong/Music/15/SheLooks-So-Perfect-5-Seconds-of-Summer (15键).txt,/Users/dong/Desktop/Learn/muios/public/SheLooks-So-Perfect-5-Seconds-of-Summer (15键).txt
梦里水乡江珊,/Users/dong/Music/15/梦里水乡江珊 (15键).txt,/Users/dong/Desktop/Learn/muios/public/梦里水乡江珊 (15键).txt
盗墓笔记十年人间,/Users/dong/Music/15/盗墓笔记十年人间 (15键).txt,/Users/dong/Desktop/Learn/muios/public/盗墓笔记十年人间 (15键).txt
盗墓笔记十年人间,/Users/dong/Music/15/盗墓笔记-十年人间 (15键).txt,/Users/dong/Desktop/Learn/muios/public/盗墓笔记-十年人间 (15键).txt
团子大家族(だんご大家族),/Users/dong/Music/15/团子大家族（だんご大家族） (15键).txt,/Users/dong/Desktop/Learn/muios/public/团子大家族（だんご大家族） (15键).txt
天堂岛之歌,/Users/dong/Music/15/天堂岛之歌 (15键).txt,/Users/dong/Desktop/Learn/muios/public/天堂岛之歌 (15键).txt
雪花2022北京冬奥会开幕式主题曲,/Users/dong/Music/15/雪花2022北京冬奥会开幕式主题曲 (15键).txt,/Users/dong/Desktop/Learn/muios/public/雪花2022北京冬奥会开幕式主题曲 (15键).txt
白金之星处刑曲,/Users/dong/Music/15/白金之星处刑曲 (15键).txt,/Users/dong/Desktop/Learn/muios/public/白金之星处刑曲 (15键).txt
FallingHarry-Styles,/Users/dong/Music/15/FallingHarry-Styles (15键).txt,/Users/dong/Desktop/Learn/muios/public/FallingHarry-Styles (15键).txt
小鸡哔哔El-Pollito-Pio,/Users/dong/Music/15/小鸡哔哔El-Pollito-Pio (15键).txt,/Users/dong/Desktop/Learn/muios/public/小鸡哔哔El-Pollito-Pio (15键).txt
婚礼进行曲(节选近完美版),/Users/dong/Music/15/婚礼进行曲（节选近完美版） (15键).txt,/Users/dong/Desktop/Learn/muios/public/婚礼进行曲（节选近完美版） (15键).txt
Timetopretend,/Users/dong/Music/15/Timetopretend (15键).txt,/Users/dong/Desktop/Learn/muios/public/Timetopretend (15键).txt
Timetopretend,/Users/dong/Music/15/Time.to.pretend (15键).txt,/Users/dong/Desktop/Learn/muios/public/Time.to.pretend (15键).txt
PrayersUp-Calvin-Harris,/Users/dong/Music/15/PrayersUp-Calvin-Harris (15键).txt,/Users/dong/Desktop/Learn/muios/public/PrayersUp-Calvin-Harris (15键).txt
尘与萤,/Users/dong/Music/15/尘与萤 (15键).txt,/Users/dong/Desktop/Learn/muios/public/尘与萤 (15键).txt
萍聚,/Users/dong/Music/15/萍聚 (15键).txt,/Users/dong/Desktop/Learn/muios/public/萍聚 (15键).txt
最好的礼物,/Users/dong/Music/15/最好的礼物 (15键).txt,/Users/dong/Desktop/Learn/muios/public/最好的礼物 (15键).txt
ThisIs-Gospel-Panic-at-the-Disco,/Users/dong/Music/15/ThisIs-Gospel-Panic--at-the-Disco (15键).txt,/Users/dong/Desktop/Learn/muios/public/ThisIs-Gospel-Panic--at-the-Disco (15键).txt
Colors2018年国际足协世界杯主题曲,/Users/dong/Music/15/Colors2018年国际足协世界杯主题曲 (15键).txt,/Users/dong/Desktop/Learn/muios/public/Colors2018年国际足协世界杯主题曲 (15键).txt
铁窗许美静,/Users/dong/Music/15/铁窗许美静 (15键).txt,/Users/dong/Desktop/Learn/muios/public/铁窗许美静 (15键).txt
ALie-French-Montana-ft-The-Weeknd-Max-B,/Users/dong/Music/15/ALie-French-Montana-ft--The-Weeknd-Max-B (15键).txt,/Users/dong/Desktop/Learn/muios/public/ALie-French-Montana-ft--The-Weeknd-Max-B (15键).txt
XFiles Theme,/Users/dong/Music/15/XFiles.Theme (15键).txt,/Users/dong/Desktop/Learn/muios/public/XFiles.Theme (15键).txt
水之韵鲜远,/Users/dong/Music/15/水之韵鲜远 (15键).txt,/Users/dong/Desktop/Learn/muios/public/水之韵鲜远 (15键).txt
春风十里新年报,/Users/dong/Music/15/春风十里新年报 (15键).txt,/Users/dong/Desktop/Learn/muios/public/春风十里新年报 (15键).txt
星球坠落简化版-想摘下星星给你摘下月亮给你,/Users/dong/Music/15/星球坠落简化版-想摘下星星给你摘下月亮给你 (15键).txt,/Users/dong/Desktop/Learn/muios/public/星球坠落简化版-想摘下星星给你摘下月亮给你 (15键).txt
晴天,/Users/dong/Music/15/晴天 (15键).txt,/Users/dong/Desktop/Learn/muios/public/晴天 (15键).txt
晴天,/Users/dong/Music/15/晴天   by小社 (15键).txt,/Users/dong/Desktop/Learn/muios/public/晴天   by小社 (15键).txt
春之歌汤普森现代钢琴第一册,/Users/dong/Music/15/春之歌汤普森现代钢琴第一册 (15键).txt,/Users/dong/Desktop/Learn/muios/public/春之歌汤普森现代钢琴第一册 (15键).txt
彩虹节拍2020拜年祭单品,/Users/dong/Music/15/彩虹节拍2020拜年祭单品 (15键).txt,/Users/dong/Desktop/Learn/muios/public/彩虹节拍2020拜年祭单品 (15键).txt
JustOne-Day-防弹少年团,/Users/dong/Music/15/JustOne-Day-防弹少年团 (15键).txt,/Users/dong/Desktop/Learn/muios/public/JustOne-Day-防弹少年团 (15键).txt
OldMemory,/Users/dong/Music/15/oldmemory (15键).txt,/Users/dong/Desktop/Learn/muios/public/oldmemory (15键).txt
OldMemory,/Users/dong/Music/15/Old.Memory (15键).txt,/Users/dong/Desktop/Learn/muios/public/Old.Memory (15键).txt
OldMemory,/Users/dong/Music/15/Old Memory (15键).txt,/Users/dong/Desktop/Learn/muios/public/Old Memory (15键).txt
趟る巨人,/Users/dong/Music/15/趟る巨人 (15键).txt,/Users/dong/Desktop/Learn/muios/public/趟る巨人 (15键).txt
melody,/Users/dong/Music/15/melody (15键).txt,/Users/dong/Desktop/Learn/muios/public/melody (15键).txt
明日的夜空哨戒班,/Users/dong/Music/15/明日的夜空哨戒班 (15键).txt,/Users/dong/Desktop/Learn/muios/public/明日的夜空哨戒班 (15键).txt
再一起,/Users/dong/Music/15/再一起 (15键).txt,/Users/dong/Desktop/Learn/muios/public/再一起 (15键).txt
相亲相爱2010年春晚歌曲,/Users/dong/Music/15/相亲相爱2010年春晚歌曲 (15键).txt,/Users/dong/Desktop/Learn/muios/public/相亲相爱2010年春晚歌曲 (15键).txt
孤独兄弟乃木坂46,/Users/dong/Music/15/孤独兄弟乃木坂46 (15键).txt,/Users/dong/Desktop/Learn/muios/public/孤独兄弟乃木坂46 (15键).txt
万物生长,/Users/dong/Music/15/万物生长 (15键).txt,/Users/dong/Desktop/Learn/muios/public/万物生长 (15键).txt
M八七新奥特曼主题曲,/Users/dong/Music/15/M八七新奥特曼主题曲 (15键).txt,/Users/dong/Desktop/Learn/muios/public/M八七新奥特曼主题曲 (15键).txt
氧气范晓萱,/Users/dong/Music/15/氧气范晓萱 (15键).txt,/Users/dong/Desktop/Learn/muios/public/氧气范晓萱 (15键).txt
月光你的情歌插曲,/Users/dong/Music/15/月光你的情歌插曲 (15键).txt,/Users/dong/Desktop/Learn/muios/public/月光你的情歌插曲 (15键).txt
三国杀背景音乐,/Users/dong/Music/15/三国杀背景音乐 (15键).txt,/Users/dong/Desktop/Learn/muios/public/三国杀背景音乐 (15键).txt
秋天不回来,/Users/dong/Music/15/秋天不回来 (15键).txt,/Users/dong/Desktop/Learn/muios/public/秋天不回来 (15键).txt
Friend押尾光太郎,/Users/dong/Music/15/Friend押尾光太郎 (15键).txt,/Users/dong/Desktop/Learn/muios/public/Friend押尾光太郎 (15键).txt
爱你在心口难开More-Than-I-Can-Say,/Users/dong/Music/15/爱你在心口难开More-Than-I-Can-Say- (15键).txt,/Users/dong/Desktop/Learn/muios/public/爱你在心口难开More-Than-I-Can-Say- (15键).txt
小邋遢,/Users/dong/Music/15/小邋遢 (15键).txt,/Users/dong/Desktop/Learn/muios/public/小邋遢 (15键).txt
妖精的尾巴,/Users/dong/Music/15/妖精的尾巴 (15键).txt,/Users/dong/Desktop/Learn/muios/public/妖精的尾巴 (15键).txt
HisTheme(Undertale),/Users/dong/Music/15/HisTheme（Undertale） (15键).txt,/Users/dong/Desktop/Learn/muios/public/HisTheme（Undertale） (15键).txt
HisTheme(Undertale),/Users/dong/Music/15/HisTheme(Undertale) (15键).txt,/Users/dong/Desktop/Learn/muios/public/HisTheme(Undertale) (15键).txt
SayNa-Na-Na-2019年欧洲歌唱大赛,/Users/dong/Music/15/SayNa-Na-Na-2019年欧洲歌唱大赛 (15键).txt,/Users/dong/Desktop/Learn/muios/public/SayNa-Na-Na-2019年欧洲歌唱大赛 (15键).txt
In the mirror,/Users/dong/Music/15/In the mirror (15键).txt,/Users/dong/Desktop/Learn/muios/public/In the mirror (15键).txt
In the mirror,/Users/dong/Music/15/Inthemirror (15键).txt,/Users/dong/Desktop/Learn/muios/public/Inthemirror (15键).txt
NovemberRain-Guns-N-Roses,/Users/dong/Music/15/NovemberRain-Guns-N-Roses (15键).txt,/Users/dong/Desktop/Learn/muios/public/NovemberRain-Guns-N-Roses (15键).txt
光遇进游戏界面,/Users/dong/Music/15/光遇进游戏界面 (15键).txt,/Users/dong/Desktop/Learn/muios/public/光遇进游戏界面 (15键).txt
冲动的惩罚刀郎,/Users/dong/Music/15/冲动的惩罚刀郎 (15键).txt,/Users/dong/Desktop/Learn/muios/public/冲动的惩罚刀郎 (15键).txt
蜂鸟Kolibre,/Users/dong/Music/15/蜂鸟Kolibre- (15键).txt,/Users/dong/Desktop/Learn/muios/public/蜂鸟Kolibre- (15键).txt
伤心的人别听慢歌5月天诺亚方舟主题曲,/Users/dong/Music/15/伤心的人别听慢歌5月天诺亚方舟主题曲 (15键).txt,/Users/dong/Desktop/Learn/muios/public/伤心的人别听慢歌5月天诺亚方舟主题曲 (15键).txt
湖心亭,/Users/dong/Music/15/湖心亭 (15键).txt,/Users/dong/Desktop/Learn/muios/public/湖心亭 (15键).txt
广寒宫(华彩高难版),/Users/dong/Music/15/广寒宫（华彩高难版） (15键).txt,/Users/dong/Desktop/Learn/muios/public/广寒宫（华彩高难版） (15键).txt
王者荣耀登入曲Let's Play Again(爆肝版),/Users/dong/Music/15/王者荣耀登入曲Let's Play Again（爆肝版） (15键).txt,/Users/dong/Desktop/Learn/muios/public/王者荣耀登入曲Let's Play Again（爆肝版） (15键).txt
想见你,/Users/dong/Music/15/想见你 (15键).txt,/Users/dong/Desktop/Learn/muios/public/想见你 (15键).txt
十年人间串komorebi,/Users/dong/Music/15/十年人间串komorebi (15键).txt,/Users/dong/Desktop/Learn/muios/public/十年人间串komorebi (15键).txt
sign-bonus-track-纯音乐,/Users/dong/Music/15/sign-bonus-track--纯音乐 (15键).txt,/Users/dong/Desktop/Learn/muios/public/sign-bonus-track--纯音乐 (15键).txt
无意义文学+lost one的号哭+Roki+幽灵法则+Charles,/Users/dong/Music/15/无意义文学+lost.one的号哭+Roki+幽灵法则+Charles (15键).txt,/Users/dong/Desktop/Learn/muios/public/无意义文学+lost.one的号哭+Roki+幽灵法则+Charles (15键).txt
梦中的婚礼带指法版-理查德克莱德曼,/Users/dong/Music/15/梦中的婚礼带指法版-理查德克莱德曼 (15键).txt,/Users/dong/Desktop/Learn/muios/public/梦中的婚礼带指法版-理查德克莱德曼 (15键).txt
所念皆,/Users/dong/Music/15/所念皆 (15键).txt,/Users/dong/Desktop/Learn/muios/public/所念皆 (15键).txt
无梦之梦,/Users/dong/Music/15/无梦之梦 (15键).txt,/Users/dong/Desktop/Learn/muios/public/无梦之梦 (15键).txt
expensive(未知是否完整),/Users/dong/Music/15/expensive（未知是否完整） (15键).txt,/Users/dong/Desktop/Learn/muios/public/expensive（未知是否完整） (15键).txt
天涯过客周杰伦,/Users/dong/Music/15/天涯过客周杰伦 (15键).txt,/Users/dong/Desktop/Learn/muios/public/天涯过客周杰伦 (15键).txt
LonelySistar,/Users/dong/Music/15/LonelySistar (15键).txt,/Users/dong/Desktop/Learn/muios/public/LonelySistar (15键).txt
群青-YOASOBI(Rem02),/Users/dong/Music/15/群青-YOASOBI（Rem02） (15键).txt,/Users/dong/Desktop/Learn/muios/public/群青-YOASOBI（Rem02） (15键).txt
三千世界鸦杀尽,/Users/dong/Music/15/《三千世界鸦杀尽》by陆沉光 (15键).txt,/Users/dong/Desktop/Learn/muios/public/《三千世界鸦杀尽》by陆沉光 (15键).txt
祝福のメシアとアイの塔,/Users/dong/Music/15/祝福のメシアとアイの塔 (15键).txt,/Users/dong/Desktop/Learn/muios/public/祝福のメシアとアイの塔 (15键).txt
最亲的人,/Users/dong/Music/15/最亲的人 (15键).txt,/Users/dong/Desktop/Learn/muios/public/最亲的人 (15键).txt
依兰爱情故事,/Users/dong/Music/15/依兰爱情故事 (15键).txt,/Users/dong/Desktop/Learn/muios/public/依兰爱情故事 (15键).txt
ManAt-Arms-Position-Music,/Users/dong/Music/15/ManAt-Arms-Position-Music (15键).txt,/Users/dong/Desktop/Learn/muios/public/ManAt-Arms-Position-Music (15键).txt
GymnopedieVariation,/Users/dong/Music/15/GymnopedieVariation (15键).txt,/Users/dong/Desktop/Learn/muios/public/GymnopedieVariation (15键).txt
Twilight尸鬼插曲,/Users/dong/Music/15/Twilight尸鬼插曲 (15键).txt,/Users/dong/Desktop/Learn/muios/public/Twilight尸鬼插曲 (15键).txt
i guess im in love,/Users/dong/Music/15/i.guess.im.in.love (15键).txt,/Users/dong/Desktop/Learn/muios/public/i.guess.im.in.love (15键).txt
少女终末旅行,/Users/dong/Music/15/少女终末旅行 (15键).txt,/Users/dong/Desktop/Learn/muios/public/少女终末旅行 (15键).txt
pure imagination,/Users/dong/Music/15/pure.imagination (15键).txt,/Users/dong/Desktop/Learn/muios/public/pure.imagination (15键).txt
pure imagination,/Users/dong/Music/15/pureimagination (15键).txt,/Users/dong/Desktop/Learn/muios/public/pureimagination (15键).txt
pure imagination,/Users/dong/Music/15/pure imagination (15键).txt,/Users/dong/Desktop/Learn/muios/public/pure imagination (15键).txt
天涯歌女马路天使主题歌-周璇,/Users/dong/Music/15/天涯歌女马路天使主题歌-周璇 (15键).txt,/Users/dong/Desktop/Learn/muios/public/天涯歌女马路天使主题歌-周璇 (15键).txt
婚礼进行曲(整活用),/Users/dong/Music/15/婚礼进行曲(整活用) (15键).txt,/Users/dong/Desktop/Learn/muios/public/婚礼进行曲(整活用) (15键).txt
普通DISCO洛天依-言和,/Users/dong/Music/15/普通DISCO洛天依-言和 (15键).txt,/Users/dong/Desktop/Learn/muios/public/普通DISCO洛天依-言和 (15键).txt
直到世界的尽头,/Users/dong/Music/15/直到世界的尽头 (15键).txt,/Users/dong/Desktop/Learn/muios/public/直到世界的尽头 (15键).txt
UpgradeJoji,/Users/dong/Music/15/UpgradeJoji (15键).txt,/Users/dong/Desktop/Learn/muios/public/UpgradeJoji (15键).txt
人生大事,/Users/dong/Music/15/人生大事 (15键).txt,/Users/dong/Desktop/Learn/muios/public/人生大事 (15键).txt
Rain,/Users/dong/Music/15/Rain (15键).txt,/Users/dong/Desktop/Learn/muios/public/Rain (15键).txt
祝你平安都市平安夜主题曲-孙悦,/Users/dong/Music/15/祝你平安都市平安夜主题曲-孙悦 (15键).txt,/Users/dong/Desktop/Learn/muios/public/祝你平安都市平安夜主题曲-孙悦 (15键).txt
TryAsher-Book,/Users/dong/Music/15/TryAsher-Book (15键).txt,/Users/dong/Desktop/Learn/muios/public/TryAsher-Book (15键).txt
一千零一夜,/Users/dong/Music/15/一千零一夜 (15键).txt,/Users/dong/Desktop/Learn/muios/public/一千零一夜 (15键).txt
女人花完整版东方母亲主题曲-梅艳芳,/Users/dong/Music/15/女人花完整版东方母亲主题曲-梅艳芳 (15键).txt,/Users/dong/Desktop/Learn/muios/public/女人花完整版东方母亲主题曲-梅艳芳 (15键).txt
病毒防范歌,/Users/dong/Music/15/病毒防范歌 (15键).txt,/Users/dong/Desktop/Learn/muios/public/病毒防范歌 (15键).txt
SaveRock-and-Roll-Fall-Out-Boy,/Users/dong/Music/15/SaveRock-and-Roll-Fall-Out-Boy (15键).txt,/Users/dong/Desktop/Learn/muios/public/SaveRock-and-Roll-Fall-Out-Boy (15键).txt
告诉你告诉我,/Users/dong/Music/15/告诉你告诉我 (15键).txt,/Users/dong/Desktop/Learn/muios/public/告诉你告诉我 (15键).txt
摇篮曲(单手),/Users/dong/Music/15/摇篮曲（单手） (15键).txt,/Users/dong/Desktop/Learn/muios/public/摇篮曲（单手） (15键).txt
牛奶面包亲爱的热爱的片尾曲-杨紫俏皮演绎少女心,/Users/dong/Music/15/牛奶面包亲爱的热爱的片尾曲-杨紫俏皮演绎少女心 (15键).txt,/Users/dong/Desktop/Learn/muios/public/牛奶面包亲爱的热爱的片尾曲-杨紫俏皮演绎少女心 (15键).txt
月半小夜曲ハーフムーン・セレナーデ,/Users/dong/Music/15/月半小夜曲ハーフムーン・セレナーデ (15键).txt,/Users/dong/Desktop/Learn/muios/public/月半小夜曲ハーフムーン・セレナーデ (15键).txt
喜欢你 2,/Users/dong/Music/15/喜欢你 2 (15键).txt,/Users/dong/Desktop/Learn/muios/public/喜欢你 2 (15键).txt
喜欢你 2,/Users/dong/Music/15/喜欢你 (2) (15键).txt,/Users/dong/Desktop/Learn/muios/public/喜欢你 (2) (15键).txt
喜欢你 2,/Users/dong/Music/15/喜欢你(2) (15键).txt,/Users/dong/Desktop/Learn/muios/public/喜欢你(2) (15键).txt
被生命所厌恶,/Users/dong/Music/15/被生命所厌恶 (15键).txt,/Users/dong/Desktop/Learn/muios/public/被生命所厌恶 (15键).txt
少女が見た日本の原風景东方风神录,/Users/dong/Music/15/少女が見た日本の原風景东方风神录 (15键).txt,/Users/dong/Desktop/Learn/muios/public/少女が見た日本の原風景东方风神录 (15键).txt
秋日的私语,/Users/dong/Music/15/秋日的私语 (15键).txt,/Users/dong/Desktop/Learn/muios/public/秋日的私语 (15键).txt
Let me hear Remix,/Users/dong/Music/15/Let.me.hear.Remix (15键).txt,/Users/dong/Desktop/Learn/muios/public/Let.me.hear.Remix (15键).txt
DreamIt-Possible,/Users/dong/Music/15/Dream_It_Possible (15键).txt,/Users/dong/Desktop/Learn/muios/public/Dream_It_Possible (15键).txt
呼唤我名,/Users/dong/Music/15/呼唤我名 (15键).txt,/Users/dong/Desktop/Learn/muios/public/呼唤我名 (15键).txt
Again,/Users/dong/Music/15/Again (15键).txt,/Users/dong/Desktop/Learn/muios/public/Again (15键).txt
Love it Love it,/Users/dong/Music/15/Love.it.Love.it (15键).txt,/Users/dong/Desktop/Learn/muios/public/Love.it.Love.it (15键).txt
远走高飞,/Users/dong/Music/15/远走高飞 (15键).txt,/Users/dong/Desktop/Learn/muios/public/远走高飞 (15键).txt
前奏,/Users/dong/Music/15/前奏 (15键).txt,/Users/dong/Desktop/Learn/muios/public/前奏 (15键).txt
WakeUp-Travis-Scott和The-Weeknd,/Users/dong/Music/15/WakeUp-Travis-Scott和The-Weeknd (15键).txt,/Users/dong/Desktop/Learn/muios/public/WakeUp-Travis-Scott和The-Weeknd (15键).txt
太阳系disco,/Users/dong/Music/15/太阳系disco (15键).txt,/Users/dong/Desktop/Learn/muios/public/太阳系disco (15键).txt
花西子,/Users/dong/Music/15/花西子 (15键).txt,/Users/dong/Desktop/Learn/muios/public/花西子 (15键).txt
相遇天使天使にふれたよ-轻音少女,/Users/dong/Music/15/相遇天使天使にふれたよ--轻音少女- (15键).txt,/Users/dong/Desktop/Learn/muios/public/相遇天使天使にふれたよ--轻音少女- (15键).txt
死性不改,/Users/dong/Music/15/死性不改 (15键).txt,/Users/dong/Desktop/Learn/muios/public/死性不改 (15键).txt
分分钟需要你,/Users/dong/Music/15/分分钟需要你 (15键).txt,/Users/dong/Desktop/Learn/muios/public/分分钟需要你 (15键).txt
番凩MEIKO-KAITO,/Users/dong/Music/15/番凩MEIKO-KAITO (15键).txt,/Users/dong/Desktop/Learn/muios/public/番凩MEIKO-KAITO (15键).txt
传奇,/Users/dong/Music/15/传奇 (15键).txt,/Users/dong/Desktop/Learn/muios/public/传奇 (15键).txt
ImmortalThomas-Bergersen,/Users/dong/Music/15/ImmortalThomas-Bergersen (15键).txt,/Users/dong/Desktop/Learn/muios/public/ImmortalThomas-Bergersen (15键).txt
练习曲12Midi版EOP自学速成班第二季-孩子们的拜厄-上,/Users/dong/Music/15/练习曲12Midi版EOP自学速成班第二季-孩子们的拜厄-上- (15键).txt,/Users/dong/Desktop/Learn/muios/public/练习曲12Midi版EOP自学速成班第二季-孩子们的拜厄-上- (15键).txt
元气少女缘结神(一半,/Users/dong/Music/15/元气少女缘结神(一半 (15键).txt,/Users/dong/Desktop/Learn/muios/public/元气少女缘结神(一半 (15键).txt
魔道祖师-东风志,/Users/dong/Music/15/魔道祖师-东风志 (15键).txt,/Users/dong/Desktop/Learn/muios/public/魔道祖师-东风志 (15键).txt
请笃信一个梦姜子牙片尾曲,/Users/dong/Music/15/请笃信一个梦姜子牙片尾曲 (15键).txt,/Users/dong/Desktop/Learn/muios/public/请笃信一个梦姜子牙片尾曲 (15键).txt
陈奕迅十年,/Users/dong/Music/15/陈奕迅十年 (15键).txt,/Users/dong/Desktop/Learn/muios/public/陈奕迅十年 (15键).txt
艾密莉,/Users/dong/Music/15/艾密莉 (15键).txt,/Users/dong/Desktop/Learn/muios/public/艾密莉 (15键).txt
Cocoon三角迷踪插曲,/Users/dong/Music/15/Cocoon三角迷踪插曲 (15键).txt,/Users/dong/Desktop/Learn/muios/public/Cocoon三角迷踪插曲 (15键).txt
一分糖的歌汤普森现代钢琴第一册,/Users/dong/Music/15/一分糖的歌汤普森现代钢琴第一册 (15键).txt,/Users/dong/Desktop/Learn/muios/public/一分糖的歌汤普森现代钢琴第一册 (15键).txt
Lady Gaga,/Users/dong/Music/15/Lady.Gaga (15键).txt,/Users/dong/Desktop/Learn/muios/public/Lady.Gaga (15键).txt
Lady Gaga,/Users/dong/Music/15/Lady Gaga (15键).txt,/Users/dong/Desktop/Learn/muios/public/Lady Gaga (15键).txt
落子有悔,/Users/dong/Music/15/落子有悔 (15键).txt,/Users/dong/Desktop/Learn/muios/public/落子有悔 (15键).txt
Hope-海贼王,/Users/dong/Music/15/Hope-海贼王 (15键).txt,/Users/dong/Desktop/Learn/muios/public/Hope-海贼王 (15键).txt
满江红射雕英雄传插曲,/Users/dong/Music/15/满江红射雕英雄传插曲 (15键).txt,/Users/dong/Desktop/Learn/muios/public/满江红射雕英雄传插曲 (15键).txt
星河万里,/Users/dong/Music/15/星河万里 (15键).txt,/Users/dong/Desktop/Learn/muios/public/星河万里 (15键).txt
纸短情长高潮部分,/Users/dong/Music/15/纸短情长高潮部分 (15键).txt,/Users/dong/Desktop/Learn/muios/public/纸短情长高潮部分 (15键).txt
小半 陈粒【,/Users/dong/Music/15/小半陈粒 (15键).txt,/Users/dong/Desktop/Learn/muios/public/小半陈粒 (15键).txt
Naruto Main Theme,/Users/dong/Music/15/Naruto.Main.Theme (15键).txt,/Users/dong/Desktop/Learn/muios/public/Naruto.Main.Theme (15键).txt
Naruto Main Theme,/Users/dong/Music/15/Naruto Main Theme (15键).txt,/Users/dong/Desktop/Learn/muios/public/Naruto Main Theme (15键).txt
恋爱大过天Twins,/Users/dong/Music/15/恋爱大过天Twins (15键).txt,/Users/dong/Desktop/Learn/muios/public/恋爱大过天Twins (15键).txt
慢热双手,/Users/dong/Music/15/慢热双手 (15键).txt,/Users/dong/Desktop/Learn/muios/public/慢热双手 (15键).txt
刺绣,/Users/dong/Music/15/刺绣 (15键).txt,/Users/dong/Desktop/Learn/muios/public/刺绣 (15键).txt
小鸠 即将到来的明天 演奏版 Kobato 烛子ikina,/Users/dong/Music/15/小鸠 即将到来的明天 演奏版 Kobato 烛子ikina (15键).txt,/Users/dong/Desktop/Learn/muios/public/小鸠 即将到来的明天 演奏版 Kobato 烛子ikina (15键).txt
死寂电影插曲,/Users/dong/Music/15/死寂电影插曲 (15键).txt,/Users/dong/Desktop/Learn/muios/public/死寂电影插曲 (15键).txt
飞彩镌流年,/Users/dong/Music/15/飞彩镌流年 (15键).txt,/Users/dong/Desktop/Learn/muios/public/飞彩镌流年 (15键).txt
听爸爸的话钢琴独奏版,/Users/dong/Music/15/听爸爸的话钢琴独奏版 (15键).txt,/Users/dong/Desktop/Learn/muios/public/听爸爸的话钢琴独奏版 (15键).txt
魔法城堡,/Users/dong/Music/15/魔法城堡 (15键).txt,/Users/dong/Desktop/Learn/muios/public/魔法城堡 (15键).txt
ConniesButterfly-康妮的蝴蝶,/Users/dong/Music/15/ConniesButterfly-康妮的蝴蝶 (15键).txt,/Users/dong/Desktop/Learn/muios/public/ConniesButterfly-康妮的蝴蝶 (15键).txt
爱情废柴新,/Users/dong/Music/15/爱情废柴新 (15键).txt,/Users/dong/Desktop/Learn/muios/public/爱情废柴新 (15键).txt
误红装,/Users/dong/Music/15/误红装 (15键).txt,/Users/dong/Desktop/Learn/muios/public/误红装 (15键).txt
DeleteForever-Grimes,/Users/dong/Music/15/DeleteForever-Grimes (15键).txt,/Users/dong/Desktop/Learn/muios/public/DeleteForever-Grimes (15键).txt
【东方】樱花的季节,/Users/dong/Music/15/【东方】樱花的季节 (15键).txt,/Users/dong/Desktop/Learn/muios/public/【东方】樱花的季节 (15键).txt
SummerCalvin-Harris,/Users/dong/Music/15/SummerCalvin-Harris (15键).txt,/Users/dong/Desktop/Learn/muios/public/SummerCalvin-Harris (15键).txt
YesGirl-Bea-Miller,/Users/dong/Music/15/YesGirl-Bea-Miller (15键).txt,/Users/dong/Desktop/Learn/muios/public/YesGirl-Bea-Miller (15键).txt
想大声说喜欢你,/Users/dong/Music/15/想大声说喜欢你 (15键).txt,/Users/dong/Desktop/Learn/muios/public/想大声说喜欢你 (15键).txt
lovestroy,/Users/dong/Music/15/lovestroy (15键).txt,/Users/dong/Desktop/Learn/muios/public/lovestroy (15键).txt
あいとわ弹唱谱-Radwimps,/Users/dong/Music/15/あいとわ弹唱谱-Radwimps (15键).txt,/Users/dong/Desktop/Learn/muios/public/あいとわ弹唱谱-Radwimps (15键).txt
宁然一隅原神-佚落迁忘之岛,/Users/dong/Music/15/宁然一隅原神-佚落迁忘之岛 (15键).txt,/Users/dong/Desktop/Learn/muios/public/宁然一隅原神-佚落迁忘之岛 (15键).txt
God Knows,/Users/dong/Music/15/God.Knows (15键).txt,/Users/dong/Desktop/Learn/muios/public/God.Knows (15键).txt
God Knows,/Users/dong/Music/15/Godknows (15键).txt,/Users/dong/Desktop/Learn/muios/public/Godknows (15键).txt
雨幕,/Users/dong/Music/15/雨幕 (15键).txt,/Users/dong/Desktop/Learn/muios/public/雨幕 (15键).txt
花火大会,/Users/dong/Music/15/花火大会 (15键).txt,/Users/dong/Desktop/Learn/muios/public/花火大会 (15键).txt
花火大会,/Users/dong/Music/15/《花火大会》 (15键).txt,/Users/dong/Desktop/Learn/muios/public/《花火大会》 (15键).txt
风车小镇,/Users/dong/Music/15/风车小镇 (15键).txt,/Users/dong/Desktop/Learn/muios/public/风车小镇 (15键).txt
分你一半,/Users/dong/Music/15/分你一半 (15键).txt,/Users/dong/Desktop/Learn/muios/public/分你一半 (15键).txt
火影lovers,/Users/dong/Music/15/火影lovers (15键).txt,/Users/dong/Desktop/Learn/muios/public/火影lovers (15键).txt
不如txt,/Users/dong/Music/15/不如txt (15键).txt,/Users/dong/Desktop/Learn/muios/public/不如txt (15键).txt
可能否可能我撞了南墙才会回头吧,/Users/dong/Music/15/可能否可能我撞了南墙才会回头吧 (15键).txt,/Users/dong/Desktop/Learn/muios/public/可能否可能我撞了南墙才会回头吧 (15键).txt
黄昏与你,/Users/dong/Music/15/黄昏与你 (15键).txt,/Users/dong/Desktop/Learn/muios/public/黄昏与你 (15键).txt
小机灵之歌,/Users/dong/Music/15/小机灵之歌 (15键).txt,/Users/dong/Desktop/Learn/muios/public/小机灵之歌 (15键).txt
夜的钢琴曲4,/Users/dong/Music/15/夜的钢琴曲4 by 光遇-天使-阳阳 (15键).txt,/Users/dong/Desktop/Learn/muios/public/夜的钢琴曲4 by 光遇-天使-阳阳 (15键).txt
夜的钢琴曲4,/Users/dong/Music/15/夜的钢琴曲4 (15键).txt,/Users/dong/Desktop/Learn/muios/public/夜的钢琴曲4 (15键).txt
YouNever-Know-Blackpink,/Users/dong/Music/15/YouNever-Know-Blackpink (15键).txt,/Users/dong/Desktop/Learn/muios/public/YouNever-Know-Blackpink (15键).txt
ドリームレス・ドリームス(无梦之梦),/Users/dong/Music/15/ドリームレス・ドリームス（无梦之梦） (15键).txt,/Users/dong/Desktop/Learn/muios/public/ドリームレス・ドリームス（无梦之梦） (15键).txt
宠爱,/Users/dong/Music/15/宠爱 (15键).txt,/Users/dong/Desktop/Learn/muios/public/宠爱 (15键).txt
(欧若拉乐器)东京上空三指弹,/Users/dong/Music/15/(欧若拉乐器)东京上空三指弹 (15键).txt,/Users/dong/Desktop/Learn/muios/public/(欧若拉乐器)东京上空三指弹 (15键).txt
(欧若拉乐器)东京上空三指弹,/Users/dong/Music/15/（欧若拉乐器）东京上空三指弹 (15键).txt,/Users/dong/Desktop/Learn/muios/public/（欧若拉乐器）东京上空三指弹 (15键).txt
起风了老旧的琴诗,/Users/dong/Music/15/《起风了》老旧的琴诗 (15键).txt,/Users/dong/Desktop/Learn/muios/public/《起风了》老旧的琴诗 (15键).txt
Louder F調,/Users/dong/Music/15/Louder.F調 (15键).txt,/Users/dong/Desktop/Learn/muios/public/Louder.F調 (15键).txt
命に嫌われている,/Users/dong/Music/15/命に嫌われている (15键).txt,/Users/dong/Desktop/Learn/muios/public/命に嫌われている (15键).txt
雪人范晓萱,/Users/dong/Music/15/雪人范晓萱 (15键).txt,/Users/dong/Desktop/Learn/muios/public/雪人范晓萱 (15键).txt
泰罗奥特曼ウルトラマンタロウ,/Users/dong/Music/15/泰罗奥特曼ウルトラマンタロウ (15键).txt,/Users/dong/Desktop/Learn/muios/public/泰罗奥特曼ウルトラマンタロウ (15键).txt
我想我不够好单色凌,/Users/dong/Music/15/我想我不够好单色凌 (15键).txt,/Users/dong/Desktop/Learn/muios/public/我想我不够好单色凌 (15键).txt
狂妄之人二点零,/Users/dong/Music/15/狂妄之人二点零 (15键).txt,/Users/dong/Desktop/Learn/muios/public/狂妄之人二点零 (15键).txt
夜的钢琴曲10-石进,/Users/dong/Music/15/夜的钢琴曲10-石进 (15键).txt,/Users/dong/Desktop/Learn/muios/public/夜的钢琴曲10-石进 (15键).txt
自愈C调简单版-我试着把你忘记可总在夜里想你,/Users/dong/Music/15/自愈C调简单版-我试着把你忘记可总在夜里想你 (15键).txt,/Users/dong/Desktop/Learn/muios/public/自愈C调简单版-我试着把你忘记可总在夜里想你 (15键).txt
OhYeah-You-Gonna-Cry-Lovejoy,/Users/dong/Music/15/OhYeah-You-Gonna-Cry-Lovejoy (15键).txt,/Users/dong/Desktop/Learn/muios/public/OhYeah-You-Gonna-Cry-Lovejoy (15键).txt
漂亮面对洛天依,/Users/dong/Music/15/漂亮面对洛天依 (15键).txt,/Users/dong/Desktop/Learn/muios/public/漂亮面对洛天依 (15键).txt
堕落星空,/Users/dong/Music/15/堕落星空 (15键).txt,/Users/dong/Desktop/Learn/muios/public/堕落星空 (15键).txt
逗豆钢琴组曲-八幅水彩画的回忆,/Users/dong/Music/15/逗豆钢琴组曲-八幅水彩画的回忆- (15键).txt,/Users/dong/Desktop/Learn/muios/public/逗豆钢琴组曲-八幅水彩画的回忆- (15键).txt
魔法之城Magic-Castle-东方神起,/Users/dong/Music/15/魔法之城Magic-Castle--东方神起 (15键).txt,/Users/dong/Desktop/Learn/muios/public/魔法之城Magic-Castle--东方神起 (15键).txt
步履不停-阿飞,/Users/dong/Music/15/步履不停—阿飞 (15键).txt,/Users/dong/Desktop/Learn/muios/public/步履不停—阿飞 (15键).txt
铃舟,/Users/dong/Music/15/铃舟 (15键).txt,/Users/dong/Desktop/Learn/muios/public/铃舟 (15键).txt
可可托海的牧羊人,/Users/dong/Music/15/可可托海的牧羊人 (15键).txt,/Users/dong/Desktop/Learn/muios/public/可可托海的牧羊人 (15键).txt
Rubia崩坏3渡尘印象曲,/Users/dong/Music/15/Rubia崩坏3渡尘印象曲 (15键).txt,/Users/dong/Desktop/Learn/muios/public/Rubia崩坏3渡尘印象曲 (15键).txt
画情画皮II宣传主题曲,/Users/dong/Music/15/画情画皮Ⅱ宣传主题曲 (15键).txt,/Users/dong/Desktop/Learn/muios/public/画情画皮Ⅱ宣传主题曲 (15键).txt
牧风歌,/Users/dong/Music/15/牧风歌 (15键).txt,/Users/dong/Desktop/Learn/muios/public/牧风歌 (15键).txt
BurnEllie-Goulding,/Users/dong/Music/15/BurnEllie-Goulding (15键).txt,/Users/dong/Desktop/Learn/muios/public/BurnEllie-Goulding (15键).txt
那些花儿,/Users/dong/Music/15/那些花儿 (15键).txt,/Users/dong/Desktop/Learn/muios/public/那些花儿 (15键).txt
相信有你警犬来啦主题曲,/Users/dong/Music/15/相信有你警犬来啦主题曲 (15键).txt,/Users/dong/Desktop/Learn/muios/public/相信有你警犬来啦主题曲 (15键).txt
时光代理人EDOver Think不见昼日,/Users/dong/Music/15/时光代理人ED《Over Think》不见昼日 (15键).txt,/Users/dong/Desktop/Learn/muios/public/时光代理人ED《Over Think》不见昼日 (15键).txt
时光代理人EDOver Think不见昼日,/Users/dong/Music/15/时光代理人EDOver.Think不见昼日 (15键).txt,/Users/dong/Desktop/Learn/muios/public/时光代理人EDOver.Think不见昼日 (15键).txt
时光代理人EDOver Think不见昼日,/Users/dong/Music/15/时光代理人ED《Over Think》不见昼日_ (15键).txt,/Users/dong/Desktop/Learn/muios/public/时光代理人ED《Over Think》不见昼日_ (15键).txt
坠入星河,/Users/dong/Music/15/坠入星河 (15键).txt,/Users/dong/Desktop/Learn/muios/public/坠入星河 (15键).txt
白鸽,/Users/dong/Music/15/白鸽 (15键).txt,/Users/dong/Desktop/Learn/muios/public/白鸽 (15键).txt
别怕我伤心,/Users/dong/Music/15/别怕我伤心 (15键).txt,/Users/dong/Desktop/Learn/muios/public/别怕我伤心 (15键).txt
你怎么说邓丽君,/Users/dong/Music/15/你怎么说邓丽君 (15键).txt,/Users/dong/Desktop/Learn/muios/public/你怎么说邓丽君 (15键).txt
依然爱你王力宏,/Users/dong/Music/15/依然爱你王力宏 (15键).txt,/Users/dong/Desktop/Learn/muios/public/依然爱你王力宏 (15键).txt
依然爱你王力宏,/Users/dong/Music/15/依然爱你～王力宏 (15键).txt,/Users/dong/Desktop/Learn/muios/public/依然爱你～王力宏 (15键).txt
一去不返的时光,/Users/dong/Music/15/一去不返的时光 (15键).txt,/Users/dong/Desktop/Learn/muios/public/一去不返的时光 (15键).txt
NoPromises-Cheat-Codes,/Users/dong/Music/15/NoPromises-Cheat-Codes (15键).txt,/Users/dong/Desktop/Learn/muios/public/NoPromises-Cheat-Codes (15键).txt
爱丫爱丫,/Users/dong/Music/15/爱丫爱丫 (15键).txt,/Users/dong/Desktop/Learn/muios/public/爱丫爱丫 (15键).txt
东方曲*6废狱摇篮曲(SubterraneanAnimism),/Users/dong/Music/15/东方曲*6废狱摇篮曲（SubterraneanAnimism） (15键).txt,/Users/dong/Desktop/Learn/muios/public/东方曲*6废狱摇篮曲（SubterraneanAnimism） (15键).txt
最后是你,/Users/dong/Music/15/最后是你 (15键).txt,/Users/dong/Desktop/Learn/muios/public/最后是你 (15键).txt
RememberDecember-Demi-Lovato,/Users/dong/Music/15/RememberDecember-Demi-Lovato (15键).txt,/Users/dong/Desktop/Learn/muios/public/RememberDecember-Demi-Lovato (15键).txt
没有什么不同,/Users/dong/Music/15/没有什么不同 (15键).txt,/Users/dong/Desktop/Learn/muios/public/没有什么不同 (15键).txt
忘言歌,/Users/dong/Music/15/忘言歌 (15键).txt,/Users/dong/Desktop/Learn/muios/public/忘言歌 (15键).txt
アリスにさよならGUMI,/Users/dong/Music/15/アリスにさよならGUMI (15键).txt,/Users/dong/Desktop/Learn/muios/public/アリスにさよならGUMI (15键).txt
写在风中的信,/Users/dong/Music/15/写在风中的信 (15键).txt,/Users/dong/Desktop/Learn/muios/public/写在风中的信 (15键).txt
ThisOnes-for-You-David-Guetta,/Users/dong/Music/15/ThisOnes-for-You-David-Guetta (15键).txt,/Users/dong/Desktop/Learn/muios/public/ThisOnes-for-You-David-Guetta (15键).txt
狐狸叫(前半部分),/Users/dong/Music/15/狐狸叫（前半部分） (15键).txt,/Users/dong/Desktop/Learn/muios/public/狐狸叫（前半部分） (15键).txt
月老掉线-az,/Users/dong/Music/15/月老掉线-az (15键).txt,/Users/dong/Desktop/Learn/muios/public/月老掉线-az (15键).txt
交界,/Users/dong/Music/15/交界 (15键).txt,/Users/dong/Desktop/Learn/muios/public/交界 (15键).txt
婚礼进行曲选自歌剧罗恩格林,/Users/dong/Music/15/婚礼进行曲选自歌剧罗恩格林 (15键).txt,/Users/dong/Desktop/Learn/muios/public/婚礼进行曲选自歌剧罗恩格林 (15键).txt
星仔走天涯咪咪流浪记主题曲,/Users/dong/Music/15/星仔走天涯咪咪流浪记主题曲 (15键).txt,/Users/dong/Desktop/Learn/muios/public/星仔走天涯咪咪流浪记主题曲 (15键).txt
好心分手卢巧音,/Users/dong/Music/15/好心分手卢巧音 (15键).txt,/Users/dong/Desktop/Learn/muios/public/好心分手卢巧音 (15键).txt
神々が恋した幻想郷,/Users/dong/Music/15/神々が恋した幻想郷 (15键).txt,/Users/dong/Desktop/Learn/muios/public/神々が恋した幻想郷 (15键).txt
又见炊烟邓丽君,/Users/dong/Music/15/又见炊烟邓丽君 (15键).txt,/Users/dong/Desktop/Learn/muios/public/又见炊烟邓丽君 (15键).txt
WowPost-Malone,/Users/dong/Music/15/WowPost-Malone (15键).txt,/Users/dong/Desktop/Learn/muios/public/WowPost-Malone (15键).txt
自由的生活克莱德曼,/Users/dong/Music/15/自由的生活克莱德曼 (15键).txt,/Users/dong/Desktop/Learn/muios/public/自由的生活克莱德曼 (15键).txt
再次爱上你,/Users/dong/Music/15/再次爱上你 (15键).txt,/Users/dong/Desktop/Learn/muios/public/再次爱上你 (15键).txt
同一首歌同一首歌主题曲,/Users/dong/Music/15/同一首歌同一首歌主题曲 (15键).txt,/Users/dong/Desktop/Learn/muios/public/同一首歌同一首歌主题曲 (15键).txt
希望,/Users/dong/Music/15/希望 (15键).txt,/Users/dong/Desktop/Learn/muios/public/希望 (15键).txt
Beliver(bushi),/Users/dong/Music/15/Beliver（bushi） (15键).txt,/Users/dong/Desktop/Learn/muios/public/Beliver（bushi） (15键).txt
TheFox(狐狸叫),/Users/dong/Music/15/TheFox(狐狸叫) (15键).txt,/Users/dong/Desktop/Learn/muios/public/TheFox(狐狸叫) (15键).txt
抬棺神曲,/Users/dong/Music/15/抬棺神曲 (15键).txt,/Users/dong/Desktop/Learn/muios/public/抬棺神曲 (15键).txt
阿拉斯加海湾(欢快版),/Users/dong/Music/15/阿拉斯加海湾（欢快版） (15键).txt,/Users/dong/Desktop/Learn/muios/public/阿拉斯加海湾（欢快版） (15键).txt
学猫叫我们一起学猫叫一起喵喵喵喵喵,/Users/dong/Music/15/学猫叫我们一起学猫叫一起喵喵喵喵喵 (15键).txt,/Users/dong/Desktop/Learn/muios/public/学猫叫我们一起学猫叫一起喵喵喵喵喵 (15键).txt
ひこうき雲AKB48,/Users/dong/Music/15/ひこうき雲AKB48 (15键).txt,/Users/dong/Desktop/Learn/muios/public/ひこうき雲AKB48 (15键).txt
落在生命里的光,/Users/dong/Music/15/落在生命里的光 (15键).txt,/Users/dong/Desktop/Learn/muios/public/落在生命里的光 (15键).txt
AllStar-Smash-Mouth,/Users/dong/Music/15/AllStar-Smash-Mouth (15键).txt,/Users/dong/Desktop/Learn/muios/public/AllStar-Smash-Mouth (15键).txt
暗涌,/Users/dong/Music/15/暗涌 (15键).txt,/Users/dong/Desktop/Learn/muios/public/暗涌 (15键).txt
心做し新,/Users/dong/Music/15/心做し新 (15键).txt,/Users/dong/Desktop/Learn/muios/public/心做し新 (15键).txt
单人券,/Users/dong/Music/15/单人券 (15键).txt,/Users/dong/Desktop/Learn/muios/public/单人券 (15键).txt
夏祭り初音未来,/Users/dong/Music/15/夏祭り初音未来 (15键).txt,/Users/dong/Desktop/Learn/muios/public/夏祭り初音未来 (15键).txt
折枝花满衣,/Users/dong/Music/15/折枝花满衣 (15键).txt,/Users/dong/Desktop/Learn/muios/public/折枝花满衣 (15键).txt
流转莹回,/Users/dong/Music/15/流转莹回 (15键).txt,/Users/dong/Desktop/Learn/muios/public/流转莹回 (15键).txt
嫦娥天宫舞曲,/Users/dong/Music/15/嫦娥天宫舞曲 (15键).txt,/Users/dong/Desktop/Learn/muios/public/嫦娥天宫舞曲 (15键).txt
六七月我才不要和你做朋友呢暗恋主题曲,/Users/dong/Music/15/六七月我才不要和你做朋友呢暗恋主题曲 (15键).txt,/Users/dong/Desktop/Learn/muios/public/六七月我才不要和你做朋友呢暗恋主题曲 (15键).txt
骁,/Users/dong/Music/15/骁 (15键).txt,/Users/dong/Desktop/Learn/muios/public/骁 (15键).txt
从前的我西游记之大圣归来片尾曲,/Users/dong/Music/15/从前的我西游记之大圣归来片尾曲 (15键).txt,/Users/dong/Desktop/Learn/muios/public/从前的我西游记之大圣归来片尾曲 (15键).txt
万里の长城好听版,/Users/dong/Music/15/万里の长城好听版 (15键).txt,/Users/dong/Desktop/Learn/muios/public/万里の长城好听版 (15键).txt
午后的出发午后的旅行-理查德-克莱德曼,/Users/dong/Music/15/午后的出发午后的旅行-理查德-克莱德曼 (15键).txt,/Users/dong/Desktop/Learn/muios/public/午后的出发午后的旅行-理查德-克莱德曼 (15键).txt
月光花传颂之物,/Users/dong/Music/15/月光花传颂之物 (15键).txt,/Users/dong/Desktop/Learn/muios/public/月光花传颂之物 (15键).txt
【FF14】Dragonsong千年龙诗,/Users/dong/Music/15/【FF14】Dragonsong千年龙诗 (15键).txt,/Users/dong/Desktop/Learn/muios/public/【FF14】Dragonsong千年龙诗 (15键).txt
traveleres,/Users/dong/Music/15/traveleres (15键).txt,/Users/dong/Desktop/Learn/muios/public/traveleres (15键).txt
春娇与志明,/Users/dong/Music/15/春娇与志明 (15键).txt,/Users/dong/Desktop/Learn/muios/public/春娇与志明 (15键).txt
青花瓷(华彩高难版),/Users/dong/Music/15/青花瓷（华彩高难版） (15键).txt,/Users/dong/Desktop/Learn/muios/public/青花瓷（华彩高难版） (15键).txt
太空吴青峰,/Users/dong/Music/15/太空吴青峰 (15键).txt,/Users/dong/Desktop/Learn/muios/public/太空吴青峰 (15键).txt
悲伤还是快乐(mysoul),/Users/dong/Music/15/悲伤还是快乐(mysoul) (15键).txt,/Users/dong/Desktop/Learn/muios/public/悲伤还是快乐(mysoul) (15键).txt
the terminal show,/Users/dong/Music/15/the.terminal.show (15键).txt,/Users/dong/Desktop/Learn/muios/public/the.terminal.show (15键).txt
暗影刺客,/Users/dong/Music/15/暗影刺客 (15键).txt,/Users/dong/Desktop/Learn/muios/public/暗影刺客 (15键).txt
SavedMyLife,/Users/dong/Music/15/SavedMyLife (15键).txt,/Users/dong/Desktop/Learn/muios/public/SavedMyLife (15键).txt
SavedMyLife,/Users/dong/Music/15/Saved My Life (15键).txt,/Users/dong/Desktop/Learn/muios/public/Saved My Life (15键).txt
九万字【天刀】,/Users/dong/Music/15/九万字【天刀】 (15键).txt,/Users/dong/Desktop/Learn/muios/public/九万字【天刀】 (15键).txt
如果有你在キミがいれば,/Users/dong/Music/15/如果有你在キミがいれば (15键).txt,/Users/dong/Desktop/Learn/muios/public/如果有你在キミがいれば (15键).txt
MamitaCNCO,/Users/dong/Music/15/MamitaCNCO (15键).txt,/Users/dong/Desktop/Learn/muios/public/MamitaCNCO (15键).txt
Travel to edinburgh,/Users/dong/Music/15/Travel.to.edinburgh (15键).txt,/Users/dong/Desktop/Learn/muios/public/Travel.to.edinburgh (15键).txt
听妈妈讲那过去的事情,/Users/dong/Music/15/听妈妈讲那过去的事情 (15键).txt,/Users/dong/Desktop/Learn/muios/public/听妈妈讲那过去的事情 (15键).txt
BesameMucho-Consuelo-Velazquez,/Users/dong/Music/15/BesameMucho-Consuelo-Velazquez (15键).txt,/Users/dong/Desktop/Learn/muios/public/BesameMucho-Consuelo-Velazquez (15键).txt
黑猫警长,/Users/dong/Music/15/黑猫警长 (15键).txt,/Users/dong/Desktop/Learn/muios/public/黑猫警长 (15键).txt
You are my sunshine,/Users/dong/Music/15/You.are.my.sunshine (15键).txt,/Users/dong/Desktop/Learn/muios/public/You.are.my.sunshine (15键).txt
ローリングガール(rollinggirl翻滚的少女),/Users/dong/Music/15/ローリングガール（rollinggirl翻滚的少女） (15键).txt,/Users/dong/Desktop/Learn/muios/public/ローリングガール（rollinggirl翻滚的少女） (15键).txt
千秋令唯美古风,/Users/dong/Music/15/千秋令唯美古风 (15键).txt,/Users/dong/Desktop/Learn/muios/public/千秋令唯美古风 (15键).txt
第七年,/Users/dong/Music/15/第七年 (15键).txt,/Users/dong/Desktop/Learn/muios/public/第七年 (15键).txt
苦尽甘来,/Users/dong/Music/15/苦尽甘来 (15键).txt,/Users/dong/Desktop/Learn/muios/public/苦尽甘来 (15键).txt
我可以忘记你张碧晨,/Users/dong/Music/15/我可以忘记你张碧晨 (15键).txt,/Users/dong/Desktop/Learn/muios/public/我可以忘记你张碧晨 (15键).txt
Princess Mononoke Theme Song,/Users/dong/Music/15/Princess.Mononoke.Theme.Song (15键).txt,/Users/dong/Desktop/Learn/muios/public/Princess.Mononoke.Theme.Song (15键).txt
トリノコシティ初音ミク,/Users/dong/Music/15/トリノコシティ初音ミク (15键).txt,/Users/dong/Desktop/Learn/muios/public/トリノコシティ初音ミク (15键).txt
RememberI-Told-You-Nick-Jonas,/Users/dong/Music/15/RememberI-Told-You-Nick-Jonas (15键).txt,/Users/dong/Desktop/Learn/muios/public/RememberI-Told-You-Nick-Jonas (15键).txt
他还是走了,/Users/dong/Music/15/他还是走了 (15键).txt,/Users/dong/Desktop/Learn/muios/public/他还是走了 (15键).txt
一剪梅(试听版),/Users/dong/Music/15/一剪梅(试听版) (15键).txt,/Users/dong/Desktop/Learn/muios/public/一剪梅(试听版) (15键).txt
周杰伦晴天,/Users/dong/Music/15/周杰伦晴天 (15键).txt,/Users/dong/Desktop/Learn/muios/public/周杰伦晴天 (15键).txt
树洞小欢喜插曲,/Users/dong/Music/15/树洞小欢喜插曲 (15键).txt,/Users/dong/Desktop/Learn/muios/public/树洞小欢喜插曲 (15键).txt
RitualTiësto和Jonas-Blue和Rita-Ora,/Users/dong/Music/15/RitualTiësto和Jonas-Blue和Rita-Ora (15键).txt,/Users/dong/Desktop/Learn/muios/public/RitualTiësto和Jonas-Blue和Rita-Ora (15键).txt
心欲止水三生三世枕上书插曲,/Users/dong/Music/15/心欲止水三生三世枕上书插曲 (15键).txt,/Users/dong/Desktop/Learn/muios/public/心欲止水三生三世枕上书插曲 (15键).txt
HarlemsNocturne-Alicia-Keys,/Users/dong/Music/15/HarlemsNocturne-Alicia-Keys (15键).txt,/Users/dong/Desktop/Learn/muios/public/HarlemsNocturne-Alicia-Keys (15键).txt
BlessedDaniel-Caesar,/Users/dong/Music/15/BlessedDaniel-Caesar (15键).txt,/Users/dong/Desktop/Learn/muios/public/BlessedDaniel-Caesar (15键).txt
爱不会绝迹,/Users/dong/Music/15/爱不会绝迹 (15键).txt,/Users/dong/Desktop/Learn/muios/public/爱不会绝迹 (15键).txt
一起向未来(2022冬奥宣传曲),/Users/dong/Music/15/一起向未来(2022冬奥宣传曲) (15键).txt,/Users/dong/Desktop/Learn/muios/public/一起向未来(2022冬奥宣传曲) (15键).txt
城南花已开愿他城南花已开愿君永常在,/Users/dong/Music/15/城南花已开愿他城南花已开愿君永常在 (15键).txt,/Users/dong/Desktop/Learn/muios/public/城南花已开愿他城南花已开愿君永常在 (15键).txt
啷个哩个啷鹏泊,/Users/dong/Music/15/啷个哩个啷鹏泊 (15键).txt,/Users/dong/Desktop/Learn/muios/public/啷个哩个啷鹏泊 (15键).txt
亲爱的小孩(单指),/Users/dong/Music/15/亲爱的小孩（单指） (15键).txt,/Users/dong/Desktop/Learn/muios/public/亲爱的小孩（单指） (15键).txt
玛丽与魔女之花主题曲,/Users/dong/Music/15/玛丽与魔女之花主题曲 (15键).txt,/Users/dong/Desktop/Learn/muios/public/玛丽与魔女之花主题曲 (15键).txt
大鱼单指,/Users/dong/Music/15/大鱼单指 (15键).txt,/Users/dong/Desktop/Learn/muios/public/大鱼单指 (15键).txt
怪诞小镇,/Users/dong/Music/15/怪诞小镇 (15键).txt,/Users/dong/Desktop/Learn/muios/public/怪诞小镇 (15键).txt
皎洁的笑颜,/Users/dong/Music/15/皎洁的笑颜 (15键).txt,/Users/dong/Desktop/Learn/muios/public/皎洁的笑颜 (15键).txt
大宝贝,/Users/dong/Music/15/大宝贝 (15键).txt,/Users/dong/Desktop/Learn/muios/public/大宝贝 (15键).txt
NemoNightwish,/Users/dong/Music/15/NemoNightwish (15键).txt,/Users/dong/Desktop/Learn/muios/public/NemoNightwish (15键).txt
TA(,/Users/dong/Music/15/《TA》 (15键).txt,/Users/dong/Desktop/Learn/muios/public/《TA》 (15键).txt
TA(,/Users/dong/Music/15/TA (15键).txt,/Users/dong/Desktop/Learn/muios/public/TA (15键).txt
家有女友op 声嘶力竭 crying for rain,/Users/dong/Music/15/家有女友op.声嘶力竭.crying.for.rain (15键).txt,/Users/dong/Desktop/Learn/muios/public/家有女友op.声嘶力竭.crying.for.rain (15键).txt
夜的钢琴曲17-石进,/Users/dong/Music/15/夜的钢琴曲17-石进 (15键).txt,/Users/dong/Desktop/Learn/muios/public/夜的钢琴曲17-石进 (15键).txt
带我去夜生活,/Users/dong/Music/15/带我去夜生活 (15键).txt,/Users/dong/Desktop/Learn/muios/public/带我去夜生活 (15键).txt
EveryBreath-You-Take,/Users/dong/Music/15/EveryBreath-You-Take (15键).txt,/Users/dong/Desktop/Learn/muios/public/EveryBreath-You-Take (15键).txt
小小葫芦娃,/Users/dong/Music/15/小小葫芦娃 (15键).txt,/Users/dong/Desktop/Learn/muios/public/小小葫芦娃 (15键).txt
假面舞会,/Users/dong/Music/15/假面舞会 (15键).txt,/Users/dong/Desktop/Learn/muios/public/假面舞会 (15键).txt
星月楚乔传情感主题曲,/Users/dong/Music/15/星月楚乔传情感主题曲 (15键).txt,/Users/dong/Desktop/Learn/muios/public/星月楚乔传情感主题曲 (15键).txt
海の涙,/Users/dong/Music/15/海の涙 (15键).txt,/Users/dong/Desktop/Learn/muios/public/海の涙 (15键).txt
Nightglow,/Users/dong/Music/15/Nightglow (15键).txt,/Users/dong/Desktop/Learn/muios/public/Nightglow (15键).txt
火影忍者op 剪影,/Users/dong/Music/15/火影忍者op.剪影 (15键).txt,/Users/dong/Desktop/Learn/muios/public/火影忍者op.剪影 (15键).txt
MarryMe-Thomas-Rhett,/Users/dong/Music/15/MarryMe-Thomas-Rhett (15键).txt,/Users/dong/Desktop/Learn/muios/public/MarryMe-Thomas-Rhett (15键).txt
你的名字前前前世,/Users/dong/Music/15/你的名字前前前世 (15键).txt,/Users/dong/Desktop/Learn/muios/public/你的名字前前前世 (15键).txt
妈妈宝贝李冰冰,/Users/dong/Music/15/妈妈宝贝李冰冰 (15键).txt,/Users/dong/Desktop/Learn/muios/public/妈妈宝贝李冰冰 (15键).txt
Outlaws of love,/Users/dong/Music/15/Outlaws.of.love (15键).txt,/Users/dong/Desktop/Learn/muios/public/Outlaws.of.love (15键).txt
七月上Jam,/Users/dong/Music/15/七月上Jam (15键).txt,/Users/dong/Desktop/Learn/muios/public/七月上Jam (15键).txt
来自遥远的呼唤,/Users/dong/Music/15/来自遥远的呼唤 (15键).txt,/Users/dong/Desktop/Learn/muios/public/来自遥远的呼唤 (15键).txt
生活大爆炸TBBT主题曲The-Big-Bang-Theory-Theme,/Users/dong/Music/15/生活大爆炸TBBT主题曲The-Big-Bang-Theory-Theme (15键).txt,/Users/dong/Desktop/Learn/muios/public/生活大爆炸TBBT主题曲The-Big-Bang-Theory-Theme (15键).txt
ArabesqueNo-1-Claude-Debussy,/Users/dong/Music/15/ArabesqueNo--1-Claude-Debussy (15键).txt,/Users/dong/Desktop/Learn/muios/public/ArabesqueNo--1-Claude-Debussy (15键).txt
百年孤寂C调简单版-王菲,/Users/dong/Music/15/百年孤寂C调简单版-王菲 (15键).txt,/Users/dong/Desktop/Learn/muios/public/百年孤寂C调简单版-王菲 (15键).txt
SimmerHayley-Williams,/Users/dong/Music/15/SimmerHayley-Williams (15键).txt,/Users/dong/Desktop/Learn/muios/public/SimmerHayley-Williams (15键).txt
我不愿让你一个人,/Users/dong/Music/15/我不愿让你一个人 (15键).txt,/Users/dong/Desktop/Learn/muios/public/我不愿让你一个人 (15键).txt
流浪诗人周杰伦,/Users/dong/Music/15/流浪诗人周杰伦 (15键).txt,/Users/dong/Desktop/Learn/muios/public/流浪诗人周杰伦 (15键).txt
柯南处刑曲,/Users/dong/Music/15/柯南处刑曲 (15键).txt,/Users/dong/Desktop/Learn/muios/public/柯南处刑曲 (15键).txt
aLIEz,/Users/dong/Music/15/aLIEz (15键).txt,/Users/dong/Desktop/Learn/muios/public/aLIEz (15键).txt
DeepSeaGirl,/Users/dong/Music/15/DeepSeaGirl (15键).txt,/Users/dong/Desktop/Learn/muios/public/DeepSeaGirl (15键).txt
最美的夜晚赵海洋,/Users/dong/Music/15/最美的夜晚赵海洋 (15键).txt,/Users/dong/Desktop/Learn/muios/public/最美的夜晚赵海洋 (15键).txt
みくみくにしてあげる#把你mikumiku掉(M WAV),/Users/dong/Music/15/みくみくにしてあげる＃把你mikumiku掉（M.WAV） (15键).txt,/Users/dong/Desktop/Learn/muios/public/みくみくにしてあげる＃把你mikumiku掉（M.WAV） (15键).txt
我还有点小糊涂(单手),/Users/dong/Music/15/我还有点小糊涂(单手) (15键).txt,/Users/dong/Desktop/Learn/muios/public/我还有点小糊涂(单手) (15键).txt
云深不知处(单指),/Users/dong/Music/15/云深不知处（单指） (15键).txt,/Users/dong/Desktop/Learn/muios/public/云深不知处（单指） (15键).txt
TheMermaid-雅尼,/Users/dong/Music/15/TheMermaid-雅尼 (15键).txt,/Users/dong/Desktop/Learn/muios/public/TheMermaid-雅尼 (15键).txt
再见再见栀子花开毕业季推广曲,/Users/dong/Music/15/再见再见栀子花开毕业季推广曲 (15键).txt,/Users/dong/Desktop/Learn/muios/public/再见再见栀子花开毕业季推广曲 (15键).txt
Next To YouMicles,/Users/dong/Music/15/Next.To.YouMicles (15键).txt,/Users/dong/Desktop/Learn/muios/public/Next.To.YouMicles (15键).txt
Next To YouMicles,/Users/dong/Music/15/Next To You-Micles (15键).txt,/Users/dong/Desktop/Learn/muios/public/Next To You-Micles (15键).txt
SnowHalation,/Users/dong/Music/15/SnowHalation (15键).txt,/Users/dong/Desktop/Learn/muios/public/SnowHalation (15键).txt
夜的钢琴曲12,/Users/dong/Music/15/夜的钢琴曲12 (15键).txt,/Users/dong/Desktop/Learn/muios/public/夜的钢琴曲12 (15键).txt
夜的钢琴曲12,/Users/dong/Music/15/夜的钢琴曲12 by 光遇-天使-阳阳 (15键).txt,/Users/dong/Desktop/Learn/muios/public/夜的钢琴曲12 by 光遇-天使-阳阳 (15键).txt
Summer爵士版菊次郎的夏天-我们心里永远的夏天,/Users/dong/Music/15/Summer爵士版菊次郎的夏天-我们心里永远的夏天 (15键).txt,/Users/dong/Desktop/Learn/muios/public/Summer爵士版菊次郎的夏天-我们心里永远的夏天 (15键).txt
关机又关机,/Users/dong/Music/15/关机又关机 (15键).txt,/Users/dong/Desktop/Learn/muios/public/关机又关机 (15键).txt
夜车,/Users/dong/Music/15/夜车 (15键).txt,/Users/dong/Desktop/Learn/muios/public/夜车 (15键).txt
曲终人亦散,/Users/dong/Music/15/曲终人亦散 (15键).txt,/Users/dong/Desktop/Learn/muios/public/曲终人亦散 (15键).txt
花海原调简单版-周杰伦,/Users/dong/Music/15/花海原调简单版-周杰伦 (15键).txt,/Users/dong/Desktop/Learn/muios/public/花海原调简单版-周杰伦 (15键).txt
天上的星星不说话,/Users/dong/Music/15/天上的星星不说话 (15键).txt,/Users/dong/Desktop/Learn/muios/public/天上的星星不说话 (15键).txt
M07空之境界原声音乐,/Users/dong/Music/15/M07空之境界原声音乐 (15键).txt,/Users/dong/Desktop/Learn/muios/public/M07空之境界原声音乐 (15键).txt
克罗地亚狂想曲C调简化版,/Users/dong/Music/15/克罗地亚狂想曲C调简化版 (15键).txt,/Users/dong/Desktop/Learn/muios/public/克罗地亚狂想曲C调简化版 (15键).txt
坠落星空 falling stars,/Users/dong/Music/15/坠落星空.falling.stars (15键).txt,/Users/dong/Desktop/Learn/muios/public/坠落星空.falling.stars (15键).txt
chiru,/Users/dong/Music/15/chiru (15键).txt,/Users/dong/Desktop/Learn/muios/public/chiru (15键).txt
囚鸟,/Users/dong/Music/15/囚鸟 (15键).txt,/Users/dong/Desktop/Learn/muios/public/囚鸟 (15键).txt
98k,/Users/dong/Music/15/98k (15键).txt,/Users/dong/Desktop/Learn/muios/public/98k (15键).txt
渐渐被你吸引(龙珠GT),/Users/dong/Music/15/渐渐被你吸引（龙珠GT） (15键).txt,/Users/dong/Desktop/Learn/muios/public/渐渐被你吸引（龙珠GT） (15键).txt
原神雪掩的往事,/Users/dong/Music/15/原神雪掩的往事 (15键).txt,/Users/dong/Desktop/Learn/muios/public/原神雪掩的往事 (15键).txt
幽灵盛典电子曲风,/Users/dong/Music/15/幽灵盛典电子曲风 (15键).txt,/Users/dong/Desktop/Learn/muios/public/幽灵盛典电子曲风 (15键).txt
NeverBack-Down-Two-Steps-From-Hell,/Users/dong/Music/15/NeverBack-Down-Two-Steps-From-Hell (15键).txt,/Users/dong/Desktop/Learn/muios/public/NeverBack-Down-Two-Steps-From-Hell (15键).txt
ScarboroughFair-斯卡布罗集市,/Users/dong/Music/15/ScarboroughFair-斯卡布罗集市 (15键).txt,/Users/dong/Desktop/Learn/muios/public/ScarboroughFair-斯卡布罗集市 (15键).txt
INeed-Your-Love-Calvin-Harris-ft-Ellie-Goulding,/Users/dong/Music/15/INeed-Your-Love-Calvin-Harris-ft--Ellie-Goulding (15键).txt,/Users/dong/Desktop/Learn/muios/public/INeed-Your-Love-Calvin-Harris-ft--Ellie-Goulding (15键).txt
Lonely Christmas陈奕迅,/Users/dong/Music/15/Lonely.Christmas陈奕迅 (15键).txt,/Users/dong/Desktop/Learn/muios/public/Lonely.Christmas陈奕迅 (15键).txt
给我一个理由忘记,/Users/dong/Music/15/给我一个理由忘记 (15键).txt,/Users/dong/Desktop/Learn/muios/public/给我一个理由忘记 (15键).txt
长街万象,/Users/dong/Music/15/长街万象 (15键).txt,/Users/dong/Desktop/Learn/muios/public/长街万象 (15键).txt
Work简单版Rihanna,/Users/dong/Music/15/Work简单版Rihanna (15键).txt,/Users/dong/Desktop/Learn/muios/public/Work简单版Rihanna (15键).txt
人鱼的眼泪,/Users/dong/Music/15/人鱼的眼泪 (15键).txt,/Users/dong/Desktop/Learn/muios/public/人鱼的眼泪 (15键).txt
BounceMan-Twenty-One-Pilots,/Users/dong/Music/15/BounceMan-Twenty-One-Pilots (15键).txt,/Users/dong/Desktop/Learn/muios/public/BounceMan-Twenty-One-Pilots (15键).txt
北国之春蒋大为,/Users/dong/Music/15/北国之春蒋大为 (15键).txt,/Users/dong/Desktop/Learn/muios/public/北国之春蒋大为 (15键).txt
勾指起誓新,/Users/dong/Music/15/勾指起誓新 (15键).txt,/Users/dong/Desktop/Learn/muios/public/勾指起誓新 (15键).txt
玛卡巴卡之歌,/Users/dong/Music/15/玛卡巴卡之歌 (15键).txt,/Users/dong/Desktop/Learn/muios/public/玛卡巴卡之歌 (15键).txt
突然好想你-五月天,/Users/dong/Music/15/突然好想你—五月天 (15键).txt,/Users/dong/Desktop/Learn/muios/public/突然好想你—五月天 (15键).txt
TheRun-And-Go-Twenty-One-Pilots,/Users/dong/Music/15/TheRun-And-Go-Twenty-One-Pilots (15键).txt,/Users/dong/Desktop/Learn/muios/public/TheRun-And-Go-Twenty-One-Pilots (15键).txt
テオ#将手(Omoi),/Users/dong/Music/15/テオ#将手（Omoi） (15键).txt,/Users/dong/Desktop/Learn/muios/public/テオ#将手（Omoi） (15键).txt
テオ#将手(Omoi),/Users/dong/Music/15/テオ将手.Omoi (15键).txt,/Users/dong/Desktop/Learn/muios/public/テオ将手.Omoi (15键).txt
原来占据你内心的人不是我抖音神曲,/Users/dong/Music/15/原来占据你内心的人不是我抖音神曲 (15键).txt,/Users/dong/Desktop/Learn/muios/public/原来占据你内心的人不是我抖音神曲 (15键).txt
晴天-周杰伦,/Users/dong/Music/15/晴天-周杰伦 (15键).txt,/Users/dong/Desktop/Learn/muios/public/晴天-周杰伦 (15键).txt
万疆,/Users/dong/Music/15/万疆 (15键).txt,/Users/dong/Desktop/Learn/muios/public/万疆 (15键).txt
Playwith-Fire-Black-Pink,/Users/dong/Music/15/Playwith-Fire-Black-Pink (15键).txt,/Users/dong/Desktop/Learn/muios/public/Playwith-Fire-Black-Pink (15键).txt
Hometownand-miss-醉美轻音乐只为打动你,/Users/dong/Music/15/Hometownand-miss-醉美轻音乐只为打动你 (15键).txt,/Users/dong/Desktop/Learn/muios/public/Hometownand-miss-醉美轻音乐只为打动你 (15键).txt
我害怕薛之谦,/Users/dong/Music/15/我害怕薛之谦 (15键).txt,/Users/dong/Desktop/Learn/muios/public/我害怕薛之谦 (15键).txt
Ringof-Fortune,/Users/dong/Music/15/Ringoffortune (15键).txt,/Users/dong/Desktop/Learn/muios/public/Ringoffortune (15键).txt
Home蔡徐坤致敬抗疫英雄家一直都在,/Users/dong/Music/15/Home蔡徐坤致敬抗疫英雄家一直都在 (15键).txt,/Users/dong/Desktop/Learn/muios/public/Home蔡徐坤致敬抗疫英雄家一直都在 (15键).txt
好久不见前奏,/Users/dong/Music/15/好久不见前奏 (15键).txt,/Users/dong/Desktop/Learn/muios/public/好久不见前奏 (15键).txt
安河桥,/Users/dong/Music/15/安河桥 (15键).txt,/Users/dong/Desktop/Learn/muios/public/安河桥 (15键).txt
孟姜女江苏民歌,/Users/dong/Music/15/孟姜女江苏民歌 (15键).txt,/Users/dong/Desktop/Learn/muios/public/孟姜女江苏民歌 (15键).txt
敕勒歌,/Users/dong/Music/15/敕勒歌 (15键).txt,/Users/dong/Desktop/Learn/muios/public/敕勒歌 (15键).txt
星河不可及-CMJ,/Users/dong/Music/15/《星河不可及》-CMJ (15键).txt,/Users/dong/Desktop/Learn/muios/public/《星河不可及》-CMJ (15键).txt
圣诞歌,/Users/dong/Music/15/圣诞歌 (15键).txt,/Users/dong/Desktop/Learn/muios/public/圣诞歌 (15键).txt
小跳蛙,/Users/dong/Music/15/小跳蛙 (15键).txt,/Users/dong/Desktop/Learn/muios/public/小跳蛙 (15键).txt
更替的四季,/Users/dong/Music/15/更替的四季 (15键).txt,/Users/dong/Desktop/Learn/muios/public/更替的四季 (15键).txt
和你一样我和你一样一样的坚强一样的全力以赴追逐我的梦想,/Users/dong/Music/15/和你一样我和你一样一样的坚强一样的全力以赴追逐我的梦想 (15键).txt,/Users/dong/Desktop/Learn/muios/public/和你一样我和你一样一样的坚强一样的全力以赴追逐我的梦想 (15键).txt
岸上的金鱼姬(maintheme),/Users/dong/Music/15/岸上的金鱼姬（maintheme） (15键).txt,/Users/dong/Desktop/Learn/muios/public/岸上的金鱼姬（maintheme） (15键).txt
nottheone,/Users/dong/Music/15/nottheone (15键).txt,/Users/dong/Desktop/Learn/muios/public/nottheone (15键).txt
P S 我爱你,/Users/dong/Music/15/P.S.我爱你 (15键).txt,/Users/dong/Desktop/Learn/muios/public/P.S.我爱你 (15键).txt
P S 我爱你,/Users/dong/Music/15/PS我爱你 (15键).txt,/Users/dong/Desktop/Learn/muios/public/PS我爱你 (15键).txt
请不要做那情郎,/Users/dong/Music/15/请不要做那情郎 (15键).txt,/Users/dong/Desktop/Learn/muios/public/请不要做那情郎 (15键).txt
明月天涯,/Users/dong/Music/15/明月天涯 (15键).txt,/Users/dong/Desktop/Learn/muios/public/明月天涯 (15键).txt
我们都被忘了我爱你爱你爱我片尾曲,/Users/dong/Music/15/我们都被忘了我爱你爱你爱我片尾曲 (15键).txt,/Users/dong/Desktop/Learn/muios/public/我们都被忘了我爱你爱你爱我片尾曲 (15键).txt
练习曲25Midi版EOP自学速成班第二季-孩子们的拜厄-上,/Users/dong/Music/15/练习曲25Midi版EOP自学速成班第二季-孩子们的拜厄-上- (15键).txt,/Users/dong/Desktop/Learn/muios/public/练习曲25Midi版EOP自学速成班第二季-孩子们的拜厄-上- (15键).txt
青花瓷简谱,/Users/dong/Music/15/青花瓷简谱 (15键).txt,/Users/dong/Desktop/Learn/muios/public/青花瓷简谱 (15键).txt
白云测试,/Users/dong/Music/15/白云测试 (15键).txt,/Users/dong/Desktop/Learn/muios/public/白云测试 (15键).txt
半城烟沙完美好听版,/Users/dong/Music/15/半城烟沙完美好听版 (15键).txt,/Users/dong/Desktop/Learn/muios/public/半城烟沙完美好听版 (15键).txt
黑暗森林,/Users/dong/Music/15/黑暗森林 (15键).txt,/Users/dong/Desktop/Learn/muios/public/黑暗森林 (15键).txt
夏天,/Users/dong/Music/15/夏天 (15键).txt,/Users/dong/Desktop/Learn/muios/public/夏天 (15键).txt
有没有薛之谦,/Users/dong/Music/15/有没有薛之谦 (15键).txt,/Users/dong/Desktop/Learn/muios/public/有没有薛之谦 (15键).txt
人质,/Users/dong/Music/15/人质 (15键).txt,/Users/dong/Desktop/Learn/muios/public/人质 (15键).txt
希望的光八分钟的温暖插曲,/Users/dong/Music/15/希望的光八分钟的温暖插曲 (15键).txt,/Users/dong/Desktop/Learn/muios/public/希望的光八分钟的温暖插曲 (15键).txt
WriteMe-A-Letter-Endless-Melancholy,/Users/dong/Music/15/WriteMe-A-Letter-Endless-Melancholy (15键).txt,/Users/dong/Desktop/Learn/muios/public/WriteMe-A-Letter-Endless-Melancholy (15键).txt
BreakUp-Song-Little-Mix,/Users/dong/Music/15/BreakUp-Song-Little-Mix (15键).txt,/Users/dong/Desktop/Learn/muios/public/BreakUp-Song-Little-Mix (15键).txt
KingYears-Years,/Users/dong/Music/15/KingYears---Years (15键).txt,/Users/dong/Desktop/Learn/muios/public/KingYears---Years (15键).txt
红莲の弓矢,/Users/dong/Music/15/红莲の弓矢 (15键).txt,/Users/dong/Desktop/Learn/muios/public/红莲の弓矢 (15键).txt
总以为来日方长,/Users/dong/Music/15/总以为来日方长 (15键).txt,/Users/dong/Desktop/Learn/muios/public/总以为来日方长 (15键).txt
Alone棉花糖,/Users/dong/Music/15/Alone棉花糖 (15键).txt,/Users/dong/Desktop/Learn/muios/public/Alone棉花糖 (15键).txt
LastChristmas-Wham,/Users/dong/Music/15/LastChristmas-Wham (15键).txt,/Users/dong/Desktop/Learn/muios/public/LastChristmas-Wham (15键).txt
BridgesBroods,/Users/dong/Music/15/BridgesBroods (15键).txt,/Users/dong/Desktop/Learn/muios/public/BridgesBroods (15键).txt
成全,/Users/dong/Music/15/成全 (15键).txt,/Users/dong/Desktop/Learn/muios/public/成全 (15键).txt
夏日最后的玫瑰玛尔塔OST-弗洛托,/Users/dong/Music/15/夏日最后的玫瑰玛尔塔OST-弗洛托 (15键).txt,/Users/dong/Desktop/Learn/muios/public/夏日最后的玫瑰玛尔塔OST-弗洛托 (15键).txt
为你钟情,/Users/dong/Music/15/为你钟情 (15键).txt,/Users/dong/Desktop/Learn/muios/public/为你钟情 (15键).txt
小雨天气,/Users/dong/Music/15/小雨天气 (15键).txt,/Users/dong/Desktop/Learn/muios/public/小雨天气 (15键).txt
鸢尾之梦,/Users/dong/Music/15/鸢尾之梦 (15键).txt,/Users/dong/Desktop/Learn/muios/public/鸢尾之梦 (15键).txt
重逢局中人插曲,/Users/dong/Music/15/重逢局中人插曲 (15键).txt,/Users/dong/Desktop/Learn/muios/public/重逢局中人插曲 (15键).txt
SaySomething,/Users/dong/Music/15/SaySomething (15键).txt,/Users/dong/Desktop/Learn/muios/public/SaySomething (15键).txt
SaySomething,/Users/dong/Music/15/Say.Something (15键).txt,/Users/dong/Desktop/Learn/muios/public/Say.Something (15键).txt
人间烟火,/Users/dong/Music/15/人间烟火 (15键).txt,/Users/dong/Desktop/Learn/muios/public/人间烟火 (15键).txt
海色,/Users/dong/Music/15/海色 (15键).txt,/Users/dong/Desktop/Learn/muios/public/海色 (15键).txt
SakuraTears-樱花泪,/Users/dong/Music/15/SakuraTears-樱花泪 (15键).txt,/Users/dong/Desktop/Learn/muios/public/SakuraTears-樱花泪 (15键).txt
SakuraTears-樱花泪,/Users/dong/Music/15/Sakura.Tears.樱花泪 (15键).txt,/Users/dong/Desktop/Learn/muios/public/Sakura.Tears.樱花泪 (15键).txt
SakuraTears-樱花泪,/Users/dong/Music/15/Sakura Tears (樱花泪) (15键).txt,/Users/dong/Desktop/Learn/muios/public/Sakura Tears (樱花泪) (15键).txt
其实都没有杨宗纬,/Users/dong/Music/15/其实都没有杨宗纬 (15键).txt,/Users/dong/Desktop/Learn/muios/public/其实都没有杨宗纬 (15键).txt
钻石泡沫之夏片尾曲,/Users/dong/Music/15/钻石泡沫之夏片尾曲 (15键).txt,/Users/dong/Desktop/Learn/muios/public/钻石泡沫之夏片尾曲 (15键).txt
Mylove-西城男孩,/Users/dong/Music/15/Mylove-西城男孩 (15键).txt,/Users/dong/Desktop/Learn/muios/public/Mylove-西城男孩 (15键).txt
Hanana,/Users/dong/Music/15/Hanana (15键).txt,/Users/dong/Desktop/Learn/muios/public/Hanana (15键).txt
海绵宝宝片头曲,/Users/dong/Music/15/海绵宝宝片头曲 (15键).txt,/Users/dong/Desktop/Learn/muios/public/海绵宝宝片头曲 (15键).txt
溯,/Users/dong/Music/15/溯 (15键).txt,/Users/dong/Desktop/Learn/muios/public/溯 (15键).txt
暖暖,/Users/dong/Music/15/暖暖 (15键).txt,/Users/dong/Desktop/Learn/muios/public/暖暖 (15键).txt
BraveShineFate/staynight片头曲,/Users/dong/Music/15/BraveShineFate／staynight片头曲 (15键).txt,/Users/dong/Desktop/Learn/muios/public/BraveShineFate／staynight片头曲 (15键).txt
撒野开头,/Users/dong/Music/15/撒野开头 (15键).txt,/Users/dong/Desktop/Learn/muios/public/撒野开头 (15键).txt
蝴蝶少女,/Users/dong/Music/15/蝴蝶少女 (15键).txt,/Users/dong/Desktop/Learn/muios/public/蝴蝶少女 (15键).txt
核爆神曲,/Users/dong/Music/15/核爆神曲 (15键).txt,/Users/dong/Desktop/Learn/muios/public/核爆神曲 (15键).txt
山海,/Users/dong/Music/15/山海 (15键).txt,/Users/dong/Desktop/Learn/muios/public/山海 (15键).txt
我喜欢你C调简单版-时代少年团,/Users/dong/Music/15/我喜欢你C调简单版-时代少年团 (15键).txt,/Users/dong/Desktop/Learn/muios/public/我喜欢你C调简单版-时代少年团 (15键).txt
向快乐出发,/Users/dong/Music/15/向快乐出发 (15键).txt,/Users/dong/Desktop/Learn/muios/public/向快乐出发 (15键).txt
sunflower,/Users/dong/Music/15/sunflower (15键).txt,/Users/dong/Desktop/Learn/muios/public/sunflower (15键).txt
旧情绵绵林文信版,/Users/dong/Music/15/旧情绵绵林文信版 (15键).txt,/Users/dong/Desktop/Learn/muios/public/旧情绵绵林文信版 (15键).txt
走西口C调简单版-阿宝,/Users/dong/Music/15/走西口C调简单版-阿宝 (15键).txt,/Users/dong/Desktop/Learn/muios/public/走西口C调简单版-阿宝 (15键).txt
OneDay-Tate-McRae,/Users/dong/Music/15/OneDay-Tate-McRae (15键).txt,/Users/dong/Desktop/Learn/muios/public/OneDay-Tate-McRae (15键).txt
kugutu,/Users/dong/Music/15/kugutu (15键).txt,/Users/dong/Desktop/Learn/muios/public/kugutu (15键).txt
Mirage海市蜃楼,/Users/dong/Music/15/Mirage海市蜃楼 (15键).txt,/Users/dong/Desktop/Learn/muios/public/Mirage海市蜃楼 (15键).txt
EXO歌曲串烧,/Users/dong/Music/15/EXO歌曲串烧 (15键).txt,/Users/dong/Desktop/Learn/muios/public/EXO歌曲串烧 (15键).txt
LetYou-Go-华晨宇,/Users/dong/Music/15/LetYou-Go-华晨宇 (15键).txt,/Users/dong/Desktop/Learn/muios/public/LetYou-Go-华晨宇 (15键).txt
微风悄悄,/Users/dong/Music/15/微风悄悄 (15键).txt,/Users/dong/Desktop/Learn/muios/public/微风悄悄 (15键).txt
生活大爆炸主题曲,/Users/dong/Music/15/《生活大爆炸》主题曲 (15键).txt,/Users/dong/Desktop/Learn/muios/public/《生活大爆炸》主题曲 (15键).txt
生活大爆炸主题曲,/Users/dong/Music/15/生活大爆炸主题曲 (15键).txt,/Users/dong/Desktop/Learn/muios/public/生活大爆炸主题曲 (15键).txt
Eutupia,/Users/dong/Music/15/Eutupia (15键).txt,/Users/dong/Desktop/Learn/muios/public/Eutupia (15键).txt
把根留住童安格,/Users/dong/Music/15/把根留住童安格 (15键).txt,/Users/dong/Desktop/Learn/muios/public/把根留住童安格 (15键).txt
小情歌(单弦),/Users/dong/Music/15/小情歌(单弦) (15键).txt,/Users/dong/Desktop/Learn/muios/public/小情歌(单弦) (15键).txt
IPhone马林巴琴,/Users/dong/Music/15/IPhone马林巴琴 (15键).txt,/Users/dong/Desktop/Learn/muios/public/IPhone马林巴琴 (15键).txt
黑夜问白天,/Users/dong/Music/15/黑夜问白天 (15键).txt,/Users/dong/Desktop/Learn/muios/public/黑夜问白天 (15键).txt
Upupu,/Users/dong/Music/15/Upupu (15键).txt,/Users/dong/Desktop/Learn/muios/public/Upupu (15键).txt
LouderThan-Bombs-防弹少年团,/Users/dong/Music/15/LouderThan-Bombs-防弹少年团 (15键).txt,/Users/dong/Desktop/Learn/muios/public/LouderThan-Bombs-防弹少年团 (15键).txt
活动小丑,/Users/dong/Music/15/活动小丑 (15键).txt,/Users/dong/Desktop/Learn/muios/public/活动小丑 (15键).txt
如果我是陈奕迅,/Users/dong/Music/15/如果我是陈奕迅 (15键).txt,/Users/dong/Desktop/Learn/muios/public/如果我是陈奕迅 (15键).txt
Horizon简单好听版,/Users/dong/Music/15/Horizon简单好听版 (15键).txt,/Users/dong/Desktop/Learn/muios/public/Horizon简单好听版 (15键).txt
Evolve(淬炼),/Users/dong/Music/15/Evolve(淬炼) (15键).txt,/Users/dong/Desktop/Learn/muios/public/Evolve(淬炼) (15键).txt
鬼怪round and round 烛子ikina,/Users/dong/Music/15/鬼怪round and round 烛子ikina (15键).txt,/Users/dong/Desktop/Learn/muios/public/鬼怪round and round 烛子ikina (15键).txt
小曲儿,/Users/dong/Music/15/小曲儿 (15键).txt,/Users/dong/Desktop/Learn/muios/public/小曲儿 (15键).txt
桜色桜风长野博,/Users/dong/Music/15/桜色桜风长野博 (15键).txt,/Users/dong/Desktop/Learn/muios/public/桜色桜风长野博 (15键).txt
喜欢你,/Users/dong/Music/15/喜欢你 (15键).txt,/Users/dong/Desktop/Learn/muios/public/喜欢你 (15键).txt
百花香,/Users/dong/Music/15/百花香 (15键).txt,/Users/dong/Desktop/Learn/muios/public/百花香 (15键).txt
西风的话,/Users/dong/Music/15/西风的话 (15键).txt,/Users/dong/Desktop/Learn/muios/public/西风的话 (15键).txt
僕の戰爭(进击的巨人),/Users/dong/Music/15/僕の戰爭（进击的巨人） (15键).txt,/Users/dong/Desktop/Learn/muios/public/僕の戰爭（进击的巨人） (15键).txt
曹操,/Users/dong/Music/15/曹操 (15键).txt,/Users/dong/Desktop/Learn/muios/public/曹操 (15键).txt
如见青山,/Users/dong/Music/15/如见青山 (15键).txt,/Users/dong/Desktop/Learn/muios/public/如见青山 (15键).txt
SwallaJason-Derulo,/Users/dong/Music/15/SwallaJason-Derulo (15键).txt,/Users/dong/Desktop/Learn/muios/public/SwallaJason-Derulo (15键).txt
夜的钢琴曲5,/Users/dong/Music/15/夜的钢琴曲5 (15键).txt,/Users/dong/Desktop/Learn/muios/public/夜的钢琴曲5 (15键).txt
意大利歌曲意大利随想曲-柴可夫斯基,/Users/dong/Music/15/意大利歌曲意大利随想曲-柴可夫斯基 (15键).txt,/Users/dong/Desktop/Learn/muios/public/意大利歌曲意大利随想曲-柴可夫斯基 (15键).txt
白昼之夜,/Users/dong/Music/15/白昼之夜 (15键).txt,/Users/dong/Desktop/Learn/muios/public/白昼之夜 (15键).txt
歌唱二小放牛郎,/Users/dong/Music/15/歌唱二小放牛郎 (15键).txt,/Users/dong/Desktop/Learn/muios/public/歌唱二小放牛郎 (15键).txt
Once Again再次见到你,/Users/dong/Music/15/Once.Again再次见到你 (15键).txt,/Users/dong/Desktop/Learn/muios/public/Once.Again再次见到你 (15键).txt
再也没有,/Users/dong/Music/15/《再也没有》 (15键).txt,/Users/dong/Desktop/Learn/muios/public/《再也没有》 (15键).txt
再也没有,/Users/dong/Music/15/再也没有 (15键).txt,/Users/dong/Desktop/Learn/muios/public/再也没有 (15键).txt
反方向的钟弹唱版-周杰伦,/Users/dong/Music/15/反方向的钟弹唱版-周杰伦 (15键).txt,/Users/dong/Desktop/Learn/muios/public/反方向的钟弹唱版-周杰伦 (15键).txt
青春修炼手册,/Users/dong/Music/15/青春修炼手册 (15键).txt,/Users/dong/Desktop/Learn/muios/public/青春修炼手册 (15键).txt
if,/Users/dong/Music/15/if (15键).txt,/Users/dong/Desktop/Learn/muios/public/if (15键).txt
DOWN吸血鬼日记插曲,/Users/dong/Music/15/DOWN吸血鬼日记插曲 (15键).txt,/Users/dong/Desktop/Learn/muios/public/DOWN吸血鬼日记插曲 (15键).txt
最甜情歌,/Users/dong/Music/15/最甜情歌 (15键).txt,/Users/dong/Desktop/Learn/muios/public/最甜情歌 (15键).txt
瞬间的永恒瞬间即是永恒轻轻流淌回味无穷,/Users/dong/Music/15/瞬间的永恒瞬间即是永恒轻轻流淌回味无穷 (15键).txt,/Users/dong/Desktop/Learn/muios/public/瞬间的永恒瞬间即是永恒轻轻流淌回味无穷 (15键).txt
Old Town Road,/Users/dong/Music/15/Old.Town.Road (15键).txt,/Users/dong/Desktop/Learn/muios/public/Old.Town.Road (15键).txt
巴赫旧约,/Users/dong/Music/15/巴赫旧约 (15键).txt,/Users/dong/Desktop/Learn/muios/public/巴赫旧约 (15键).txt
CalifornicationRed-Hot-Chili-Peppers,/Users/dong/Music/15/CalifornicationRed-Hot-Chili-Peppers (15键).txt,/Users/dong/Desktop/Learn/muios/public/CalifornicationRed-Hot-Chili-Peppers (15键).txt
Travis Tears,/Users/dong/Music/15/Travis_Tears (15键).txt,/Users/dong/Desktop/Learn/muios/public/Travis_Tears (15键).txt
Travis Tears,/Users/dong/Music/15/Travis.Tears (15键).txt,/Users/dong/Desktop/Learn/muios/public/Travis.Tears (15键).txt
Music of dream,/Users/dong/Music/15/Music.of.dream (15键).txt,/Users/dong/Desktop/Learn/muios/public/Music.of.dream (15键).txt
Shelter动画MV,/Users/dong/Music/15/Shelter动画MV (15键).txt,/Users/dong/Desktop/Learn/muios/public/Shelter动画MV (15键).txt
盛世回首,/Users/dong/Music/15/盛世回首 (15键).txt,/Users/dong/Desktop/Learn/muios/public/盛世回首 (15键).txt
DoorOf-Our-Home-Goldmund,/Users/dong/Music/15/DoorOf-Our-Home-Goldmund (15键).txt,/Users/dong/Desktop/Learn/muios/public/DoorOf-Our-Home-Goldmund (15键).txt
芜湖!!!,/Users/dong/Music/15/芜湖!!! (15键).txt,/Users/dong/Desktop/Learn/muios/public/芜湖!!! (15键).txt
走向复兴,/Users/dong/Music/15/走向复兴 (15键).txt,/Users/dong/Desktop/Learn/muios/public/走向复兴 (15键).txt
遇萤,/Users/dong/Music/15/遇萤 (15键).txt,/Users/dong/Desktop/Learn/muios/public/遇萤 (15键).txt
イカサマライフゲイムGUMI,/Users/dong/Music/15/イカサマライフゲイムGUMI (15键).txt,/Users/dong/Desktop/Learn/muios/public/イカサマライフゲイムGUMI (15键).txt
Believer,/Users/dong/Music/15/Believer (15键).txt,/Users/dong/Desktop/Learn/muios/public/Believer (15键).txt
StayRihanna-ft-Mikky-Ekko,/Users/dong/Music/15/StayRihanna-ft--Mikky-Ekko (15键).txt,/Users/dong/Desktop/Learn/muios/public/StayRihanna-ft--Mikky-Ekko (15键).txt
吉祥三宝,/Users/dong/Music/15/吉祥三宝 (15键).txt,/Users/dong/Desktop/Learn/muios/public/吉祥三宝 (15键).txt
核爆,/Users/dong/Music/15/核爆 (15键).txt,/Users/dong/Desktop/Learn/muios/public/核爆 (15键).txt
UnBreak-My-Heart-Toni-Braxton,/Users/dong/Music/15/UnBreak-My-Heart-Toni-Braxton (15键).txt,/Users/dong/Desktop/Learn/muios/public/UnBreak-My-Heart-Toni-Braxton (15键).txt
七百个日夜,/Users/dong/Music/15/七百个日夜 (15键).txt,/Users/dong/Desktop/Learn/muios/public/七百个日夜 (15键).txt
小蓝花,/Users/dong/Music/15/小蓝花 (15键).txt,/Users/dong/Desktop/Learn/muios/public/小蓝花 (15键).txt
爱你没差周杰伦新专辑十二新作,/Users/dong/Music/15/爱你没差周杰伦新专辑十二新作 (15键).txt,/Users/dong/Desktop/Learn/muios/public/爱你没差周杰伦新专辑十二新作 (15键).txt
你从未离去(熊出没雪岭熊风)插曲,/Users/dong/Music/15/你从未离去(熊出没雪岭熊风）插曲 (15键).txt,/Users/dong/Desktop/Learn/muios/public/你从未离去(熊出没雪岭熊风）插曲 (15键).txt
新手上路试下水,/Users/dong/Music/15/新手上路试下水 (15键).txt,/Users/dong/Desktop/Learn/muios/public/新手上路试下水 (15键).txt
无人知晓,/Users/dong/Music/15/无人知晓 (15键).txt,/Users/dong/Desktop/Learn/muios/public/无人知晓 (15键).txt
12分钟周杰伦串烧,/Users/dong/Music/15/12分钟周杰伦串烧 (15键).txt,/Users/dong/Desktop/Learn/muios/public/12分钟周杰伦串烧 (15键).txt
VicesMothica,/Users/dong/Music/15/VicesMothica (15键).txt,/Users/dong/Desktop/Learn/muios/public/VicesMothica (15键).txt
恶作剧恶作剧之吻原声带,/Users/dong/Music/15/恶作剧恶作剧之吻原声带 (15键).txt,/Users/dong/Desktop/Learn/muios/public/恶作剧恶作剧之吻原声带 (15键).txt
雨边,/Users/dong/Music/15/雨边 (15键).txt,/Users/dong/Desktop/Learn/muios/public/雨边 (15键).txt
ScarsTo-Your-Beautiful-Alessia-Cara,/Users/dong/Music/15/ScarsTo-Your-Beautiful-Alessia-Cara (15键).txt,/Users/dong/Desktop/Learn/muios/public/ScarsTo-Your-Beautiful-Alessia-Cara (15键).txt
InThe-Arms-Of-A-Stranger-Mike-PosnerGrey,/Users/dong/Music/15/InThe-Arms-Of-A-Stranger-Mike-PosnerGrey (15键).txt,/Users/dong/Desktop/Learn/muios/public/InThe-Arms-Of-A-Stranger-Mike-PosnerGrey (15键).txt
Nobodyto-Love-Sigma,/Users/dong/Music/15/Nobodyto-Love-Sigma (15键).txt,/Users/dong/Desktop/Learn/muios/public/Nobodyto-Love-Sigma (15键).txt
天空单指,/Users/dong/Music/15/天空单指 (15键).txt,/Users/dong/Desktop/Learn/muios/public/天空单指 (15键).txt
渔舟唱晚 一碗什锦饭,/Users/dong/Music/15/渔舟唱晚_一碗什锦饭 (15键).txt,/Users/dong/Desktop/Learn/muios/public/渔舟唱晚_一碗什锦饭 (15键).txt
沧海一声笑(节选),/Users/dong/Music/15/沧海一声笑（节选） (15键).txt,/Users/dong/Desktop/Learn/muios/public/沧海一声笑（节选） (15键).txt
小村之恋邓丽君,/Users/dong/Music/15/小村之恋邓丽君 (15键).txt,/Users/dong/Desktop/Learn/muios/public/小村之恋邓丽君 (15键).txt
夏天的风温岚,/Users/dong/Music/15/夏天的风温岚 (15键).txt,/Users/dong/Desktop/Learn/muios/public/夏天的风温岚 (15键).txt
夏天的风温岚,/Users/dong/Music/15/夏天的风-温岚 (15键).txt,/Users/dong/Desktop/Learn/muios/public/夏天的风-温岚 (15键).txt
小星星变奏曲DEMON,/Users/dong/Music/15/小星星变奏曲DEMON (15键).txt,/Users/dong/Desktop/Learn/muios/public/小星星变奏曲DEMON (15键).txt
赤伶微改,/Users/dong/Music/15/《赤伶》微改 (15键).txt,/Users/dong/Desktop/Learn/muios/public/《赤伶》微改 (15键).txt
送花行动,/Users/dong/Music/15/送花行动 (15键).txt,/Users/dong/Desktop/Learn/muios/public/送花行动 (15键).txt
楚留香华山地图音乐,/Users/dong/Music/15/楚留香华山地图音乐 (15键).txt,/Users/dong/Desktop/Learn/muios/public/楚留香华山地图音乐 (15键).txt
NotAnother-Love-Song-Ella-Mai,/Users/dong/Music/15/NotAnother-Love-Song-Ella-Mai (15键).txt,/Users/dong/Desktop/Learn/muios/public/NotAnother-Love-Song-Ella-Mai (15键).txt
萤火之森ed遇见夏天,/Users/dong/Music/15/萤火之森ed遇见夏天 (15键).txt,/Users/dong/Desktop/Learn/muios/public/萤火之森ed遇见夏天 (15键).txt
那些花儿(和弦完整版),/Users/dong/Music/15/那些花儿（和弦完整版） (15键).txt,/Users/dong/Desktop/Learn/muios/public/那些花儿（和弦完整版） (15键).txt
PrayingKesha,/Users/dong/Music/15/PrayingKesha (15键).txt,/Users/dong/Desktop/Learn/muios/public/PrayingKesha (15键).txt
Hollow Knight-空洞骑士,/Users/dong/Music/15/Hollow Knight-空洞骑士 (15键).txt,/Users/dong/Desktop/Learn/muios/public/Hollow Knight-空洞骑士 (15键).txt
Hollow Knight-空洞骑士,/Users/dong/Music/15/Hollow.Knight空洞骑士 (15键).txt,/Users/dong/Desktop/Learn/muios/public/Hollow.Knight空洞骑士 (15键).txt
童话光良,/Users/dong/Music/15/童话光良 (15键).txt,/Users/dong/Desktop/Learn/muios/public/童话光良 (15键).txt
出埃及记柔情版Exodus,/Users/dong/Music/15/出埃及记柔情版Exodus (15键).txt,/Users/dong/Desktop/Learn/muios/public/出埃及记柔情版Exodus (15键).txt
你还追着光吗,/Users/dong/Music/15/你还追着光吗 (15键).txt,/Users/dong/Desktop/Learn/muios/public/你还追着光吗 (15键).txt
Pure White,/Users/dong/Music/15/Pure.White (15键).txt,/Users/dong/Desktop/Learn/muios/public/Pure.White (15键).txt
凉凉,/Users/dong/Music/15/凉凉 (15键).txt,/Users/dong/Desktop/Learn/muios/public/凉凉 (15键).txt
一个美丽的传说木鱼石的传说主题曲,/Users/dong/Music/15/一个美丽的传说木鱼石的传说主题曲 (15键).txt,/Users/dong/Desktop/Learn/muios/public/一个美丽的传说木鱼石的传说主题曲 (15键).txt
回忆的沙漏-G-E-M,/Users/dong/Music/15/回忆的沙漏-G-E-M-- (15键).txt,/Users/dong/Desktop/Learn/muios/public/回忆的沙漏-G-E-M-- (15键).txt
DownFifth-Harmony,/Users/dong/Music/15/DownFifth-Harmony (15键).txt,/Users/dong/Desktop/Learn/muios/public/DownFifth-Harmony (15键).txt
ember,/Users/dong/Music/15/ember (15键).txt,/Users/dong/Desktop/Learn/muios/public/ember (15键).txt
flowerdance(花之舞),/Users/dong/Music/15/flowerdance(花之舞) (15键).txt,/Users/dong/Desktop/Learn/muios/public/flowerdance(花之舞) (15键).txt
怎叹,/Users/dong/Music/15/怎叹 (15键).txt,/Users/dong/Desktop/Learn/muios/public/怎叹 (15键).txt
盗墓笔记十年人间(单键),/Users/dong/Music/15/盗墓笔记十年人间（单键） (15键).txt,/Users/dong/Desktop/Learn/muios/public/盗墓笔记十年人间（单键） (15键).txt
似是故人来梅艳芳,/Users/dong/Music/15/似是故人来梅艳芳 (15键).txt,/Users/dong/Desktop/Learn/muios/public/似是故人来梅艳芳 (15键).txt
NewBoy,/Users/dong/Music/15/new.boy (15键).txt,/Users/dong/Desktop/Learn/muios/public/new.boy (15键).txt
NewBoy,/Users/dong/Music/15/new boy  by小社 (15键).txt,/Users/dong/Desktop/Learn/muios/public/new boy  by小社 (15键).txt
NewBoy,/Users/dong/Music/15/Newboy (15键).txt,/Users/dong/Desktop/Learn/muios/public/Newboy (15键).txt
Without me,/Users/dong/Music/15/Without me (15键).txt,/Users/dong/Desktop/Learn/muios/public/Without me (15键).txt
Without me,/Users/dong/Music/15/Withoutme (15键).txt,/Users/dong/Desktop/Learn/muios/public/Withoutme (15键).txt
对面的女孩看过来,/Users/dong/Music/15/对面的女孩看过来 (15键).txt,/Users/dong/Desktop/Learn/muios/public/对面的女孩看过来 (15键).txt
问心,/Users/dong/Music/15/问心 (15键).txt,/Users/dong/Desktop/Learn/muios/public/问心 (15键).txt
红星照我去战斗闪闪的红星插曲-李双江,/Users/dong/Music/15/红星照我去战斗闪闪的红星插曲-李双江 (15键).txt,/Users/dong/Desktop/Learn/muios/public/红星照我去战斗闪闪的红星插曲-李双江 (15键).txt
Lilium妖精的旋律主题曲,/Users/dong/Music/15/Lilium妖精的旋律主题曲 (15键).txt,/Users/dong/Desktop/Learn/muios/public/Lilium妖精的旋律主题曲 (15键).txt
丹青客,/Users/dong/Music/15/丹青客 (15键).txt,/Users/dong/Desktop/Learn/muios/public/丹青客 (15键).txt
Inthe-Mirror-雅尼,/Users/dong/Music/15/Inthe-Mirror-雅尼 (15键).txt,/Users/dong/Desktop/Learn/muios/public/Inthe-Mirror-雅尼 (15键).txt
一样的月光,/Users/dong/Music/15/一样的月光 (15键).txt,/Users/dong/Desktop/Learn/muios/public/一样的月光 (15键).txt
R,/Users/dong/Music/15/R (15键).txt,/Users/dong/Desktop/Learn/muios/public/R (15键).txt
约定之初,/Users/dong/Music/15/约定之初 (15键).txt,/Users/dong/Desktop/Learn/muios/public/约定之初 (15键).txt
我的世界已坠入爱河,/Users/dong/Music/15/我的世界已坠入爱河 (15键).txt,/Users/dong/Desktop/Learn/muios/public/我的世界已坠入爱河 (15键).txt
舞娘蔡依林,/Users/dong/Music/15/舞娘蔡依林 (15键).txt,/Users/dong/Desktop/Learn/muios/public/舞娘蔡依林 (15键).txt
明日方舟Bluish Light,/Users/dong/Music/15/明日方舟Bluish.Light (15键).txt,/Users/dong/Desktop/Learn/muios/public/明日方舟Bluish.Light (15键).txt
最长的电影,/Users/dong/Music/15/最长的电影 (15键).txt,/Users/dong/Desktop/Learn/muios/public/最长的电影 (15键).txt
九重现实(前半段),/Users/dong/Music/15/九重现实（前半段） (15键).txt,/Users/dong/Desktop/Learn/muios/public/九重现实（前半段） (15键).txt
威风堂堂(四分钟完整版烛子谱),/Users/dong/Music/15/威风堂堂(四分钟完整版烛子谱) (15键).txt,/Users/dong/Desktop/Learn/muios/public/威风堂堂(四分钟完整版烛子谱) (15键).txt
BangAJR,/Users/dong/Music/15/BangAJR (15键).txt,/Users/dong/Desktop/Learn/muios/public/BangAJR (15键).txt
超级玛丽主题曲The-Super-Mario,/Users/dong/Music/15/超级玛丽主题曲The-Super-Mario (15键).txt,/Users/dong/Desktop/Learn/muios/public/超级玛丽主题曲The-Super-Mario (15键).txt
Riverfollowsinyour,/Users/dong/Music/15/Riverfollowsinyour (15键).txt,/Users/dong/Desktop/Learn/muios/public/Riverfollowsinyour (15键).txt
いーあるふぁんくらぶGUMI-鏡音リン,/Users/dong/Music/15/いーあるふぁんくらぶGUMI---鏡音リン (15键).txt,/Users/dong/Desktop/Learn/muios/public/いーあるふぁんくらぶGUMI---鏡音リン (15键).txt
小事,/Users/dong/Music/15/小事 (15键).txt,/Users/dong/Desktop/Learn/muios/public/小事 (15键).txt
我喜欢,/Users/dong/Music/15/我喜欢 (15键).txt,/Users/dong/Desktop/Learn/muios/public/我喜欢 (15键).txt
第几个一百天,/Users/dong/Music/15/第几个一百天 (15键).txt,/Users/dong/Desktop/Learn/muios/public/第几个一百天 (15键).txt
友共情古巨基,/Users/dong/Music/15/友共情古巨基 (15键).txt,/Users/dong/Desktop/Learn/muios/public/友共情古巨基 (15键).txt
Attention【,/Users/dong/Music/15/Attention (15键).txt,/Users/dong/Desktop/Learn/muios/public/Attention (15键).txt
测试,/Users/dong/Music/15/测试 (15键).txt,/Users/dong/Desktop/Learn/muios/public/测试 (15键).txt
圆舞曲Waltz,/Users/dong/Music/15/圆舞曲Waltz- (15键).txt,/Users/dong/Desktop/Learn/muios/public/圆舞曲Waltz- (15键).txt
圆舞曲Waltz,/Users/dong/Music/15/圆舞曲Waltz (15键).txt,/Users/dong/Desktop/Learn/muios/public/圆舞曲Waltz (15键).txt
FindMe-SIGMABirdy,/Users/dong/Music/15/FindMe-SIGMABirdy (15键).txt,/Users/dong/Desktop/Learn/muios/public/FindMe-SIGMABirdy (15键).txt
光阴独白,/Users/dong/Music/15/光阴独白 (15键).txt,/Users/dong/Desktop/Learn/muios/public/光阴独白 (15键).txt
mopemope,/Users/dong/Music/15/mopemope (15键).txt,/Users/dong/Desktop/Learn/muios/public/mopemope (15键).txt
Reset-Yumi喵,/Users/dong/Music/15/Reset-Yumi喵 (15键).txt,/Users/dong/Desktop/Learn/muios/public/Reset-Yumi喵 (15键).txt
Reset-Yumi喵,/Users/dong/Music/15/ResetYumi喵 (15键).txt,/Users/dong/Desktop/Learn/muios/public/ResetYumi喵 (15键).txt
彩虹翅膀(节选),/Users/dong/Music/15/彩虹翅膀（节选） (15键).txt,/Users/dong/Desktop/Learn/muios/public/彩虹翅膀（节选） (15键).txt
平凡的一天毛不易,/Users/dong/Music/15/平凡的一天毛不易 (15键).txt,/Users/dong/Desktop/Learn/muios/public/平凡的一天毛不易 (15键).txt
KeepingYour-Head-Up-Birdy,/Users/dong/Music/15/KeepingYour-Head-Up-Birdy (15键).txt,/Users/dong/Desktop/Learn/muios/public/KeepingYour-Head-Up-Birdy (15键).txt
年轮说,/Users/dong/Music/15/年轮说 (15键).txt,/Users/dong/Desktop/Learn/muios/public/年轮说 (15键).txt
爱如樱幻城插曲,/Users/dong/Music/15/爱如樱幻城插曲 (15键).txt,/Users/dong/Desktop/Learn/muios/public/爱如樱幻城插曲 (15键).txt
青石巷原版,/Users/dong/Music/15/青石巷原版 (15键).txt,/Users/dong/Desktop/Learn/muios/public/青石巷原版 (15键).txt
斯瓦尼河故乡的亲人-福斯特,/Users/dong/Music/15/斯瓦尼河故乡的亲人-福斯特 (15键).txt,/Users/dong/Desktop/Learn/muios/public/斯瓦尼河故乡的亲人-福斯特 (15键).txt
Blinding Lights,/Users/dong/Music/15/Blinding.Lights (15键).txt,/Users/dong/Desktop/Learn/muios/public/Blinding.Lights (15键).txt
橄榄树齐豫,/Users/dong/Music/15/橄榄树齐豫 (15键).txt,/Users/dong/Desktop/Learn/muios/public/橄榄树齐豫 (15键).txt
下雨了是我在想你,/Users/dong/Music/15/下雨了是我在想你 (15键).txt,/Users/dong/Desktop/Learn/muios/public/下雨了是我在想你 (15键).txt
自作多情音乐背后的伤感,/Users/dong/Music/15/自作多情音乐背后的伤感 (15键).txt,/Users/dong/Desktop/Learn/muios/public/自作多情音乐背后的伤感 (15键).txt
远方的天空,/Users/dong/Music/15/远方的天空 (15键).txt,/Users/dong/Desktop/Learn/muios/public/远方的天空 (15键).txt
好爱这世界,/Users/dong/Music/15/好爱这世界 (15键).txt,/Users/dong/Desktop/Learn/muios/public/好爱这世界 (15键).txt
如何不再让我去想你C调简单版-难道要停止我的呼吸,/Users/dong/Music/15/如何不再让我去想你C调简单版-难道要停止我的呼吸 (15键).txt,/Users/dong/Desktop/Learn/muios/public/如何不再让我去想你C调简单版-难道要停止我的呼吸 (15键).txt
盛夏毛不易,/Users/dong/Music/15/盛夏毛不易 (15键).txt,/Users/dong/Desktop/Learn/muios/public/盛夏毛不易 (15键).txt
AhPuh-李知恩-IU,/Users/dong/Music/15/AhPuh-李知恩-IU (15键).txt,/Users/dong/Desktop/Learn/muios/public/AhPuh-李知恩-IU (15键).txt
妈妈的话,/Users/dong/Music/15/妈妈的话 (15键).txt,/Users/dong/Desktop/Learn/muios/public/妈妈的话 (15键).txt
breath and life,/Users/dong/Music/15/breath.and.life (15键).txt,/Users/dong/Desktop/Learn/muios/public/breath.and.life (15键).txt
breath and life,/Users/dong/Music/15/Breathand-Life (15键).txt,/Users/dong/Desktop/Learn/muios/public/Breathand-Life (15键).txt
情书 luv letter 简单easy,/Users/dong/Music/15/情书.luv.letter.简单easy (15键).txt,/Users/dong/Desktop/Learn/muios/public/情书.luv.letter.简单easy (15键).txt
point the Star,/Users/dong/Music/15/point.the.Star (15键).txt,/Users/dong/Desktop/Learn/muios/public/point.the.Star (15键).txt
神のまにまに[大触版本],/Users/dong/Music/15/神のまにまに[大触版本] (15键).txt,/Users/dong/Desktop/Learn/muios/public/神のまにまに[大触版本] (15键).txt
scarsong,/Users/dong/Music/15/scarsong (15键).txt,/Users/dong/Desktop/Learn/muios/public/scarsong (15键).txt
三十里铺,/Users/dong/Music/15/三十里铺 (15键).txt,/Users/dong/Desktop/Learn/muios/public/三十里铺 (15键).txt
兰亭序,/Users/dong/Music/15/《兰亭序》by陆沉光 (15键).txt,/Users/dong/Desktop/Learn/muios/public/《兰亭序》by陆沉光 (15键).txt
Room初音ミク,/Users/dong/Music/15/Room初音ミク (15键).txt,/Users/dong/Desktop/Learn/muios/public/Room初音ミク (15键).txt
采薇HITA,/Users/dong/Music/15/采薇HITA (15键).txt,/Users/dong/Desktop/Learn/muios/public/采薇HITA (15键).txt
风云之歌风云雄霸天下插曲,/Users/dong/Music/15/风云之歌风云雄霸天下插曲 (15键).txt,/Users/dong/Desktop/Learn/muios/public/风云之歌风云雄霸天下插曲 (15键).txt
很奇怪我爱你张杰,/Users/dong/Music/15/很奇怪我爱你张杰 (15键).txt,/Users/dong/Desktop/Learn/muios/public/很奇怪我爱你张杰 (15键).txt
被雨伤透苏打绿,/Users/dong/Music/15/被雨伤透苏打绿 (15键).txt,/Users/dong/Desktop/Learn/muios/public/被雨伤透苏打绿 (15键).txt
儿童献花舞,/Users/dong/Music/15/儿童献花舞 (15键).txt,/Users/dong/Desktop/Learn/muios/public/儿童献花舞 (15键).txt
渐渐被你吸引龙珠GT片头曲,/Users/dong/Music/15/渐渐被你吸引龙珠GT片头曲 (15键).txt,/Users/dong/Desktop/Learn/muios/public/渐渐被你吸引龙珠GT片头曲 (15键).txt
Pompeii完整版Bastille,/Users/dong/Music/15/Pompeii完整版Bastille (15键).txt,/Users/dong/Desktop/Learn/muios/public/Pompeii完整版Bastille (15键).txt
那是你离开了北京的生活深层挖掘平凡又戳人的回忆杀,/Users/dong/Music/15/那是你离开了北京的生活深层挖掘平凡又戳人的回忆杀 (15键).txt,/Users/dong/Desktop/Learn/muios/public/那是你离开了北京的生活深层挖掘平凡又戳人的回忆杀 (15键).txt
一生独一,/Users/dong/Music/15/一生独一 (15键).txt,/Users/dong/Desktop/Learn/muios/public/一生独一 (15键).txt
Oblivious,/Users/dong/Music/15/Oblivious (15键).txt,/Users/dong/Desktop/Learn/muios/public/Oblivious (15键).txt
探窗-az,/Users/dong/Music/15/探窗-az (15键).txt,/Users/dong/Desktop/Learn/muios/public/探窗-az (15键).txt
有一个地方有一个地方只有我们知道主题曲,/Users/dong/Music/15/有一个地方有一个地方只有我们知道主题曲 (15键).txt,/Users/dong/Desktop/Learn/muios/public/有一个地方有一个地方只有我们知道主题曲 (15键).txt
平成狸合战也称百变狸猫,/Users/dong/Music/15/平成狸合战也称百变狸猫 (15键).txt,/Users/dong/Desktop/Learn/muios/public/平成狸合战也称百变狸猫 (15键).txt
天空之城插曲(巴斯用小号吹的一小段,/Users/dong/Music/15/天空之城插曲（巴斯用小号吹的一小段 (15键).txt,/Users/dong/Desktop/Learn/muios/public/天空之城插曲（巴斯用小号吹的一小段 (15键).txt
YouBelongWithMe,/Users/dong/Music/15/YouBelongWithMe (15键).txt,/Users/dong/Desktop/Learn/muios/public/YouBelongWithMe (15键).txt
secret base~你给我的所有,/Users/dong/Music/15/secret base~你给我的所有 (15键).txt,/Users/dong/Desktop/Learn/muios/public/secret base~你给我的所有 (15键).txt
secret base~你给我的所有,/Users/dong/Music/15/secret.base~你给我的所有 (15键).txt,/Users/dong/Desktop/Learn/muios/public/secret.base~你给我的所有 (15键).txt
secret base~你给我的所有,/Users/dong/Music/15/secretbase~你给我的所有~ (15键).txt,/Users/dong/Desktop/Learn/muios/public/secretbase~你给我的所有~ (15键).txt
戏言スピーカー戏言Speaker,/Users/dong/Music/15/戏言スピーカー戏言Speaker (15键).txt,/Users/dong/Desktop/Learn/muios/public/戏言スピーカー戏言Speaker (15键).txt
windhill,/Users/dong/Music/15/windhill (15键).txt,/Users/dong/Desktop/Learn/muios/public/windhill (15键).txt
回忆观影券,/Users/dong/Music/15/回忆观影券 (15键).txt,/Users/dong/Desktop/Learn/muios/public/回忆观影券 (15键).txt
YouAreBeautiful(寒武纪),/Users/dong/Music/15/YouAreBeautiful（寒武纪） (15键).txt,/Users/dong/Desktop/Learn/muios/public/YouAreBeautiful（寒武纪） (15键).txt
圣诞快乐劳伦斯先生【新】,/Users/dong/Music/15/圣诞快乐劳伦斯先生【新】 (15键).txt,/Users/dong/Desktop/Learn/muios/public/圣诞快乐劳伦斯先生【新】 (15键).txt
难生恨(笛),/Users/dong/Music/15/难生恨（笛） (15键).txt,/Users/dong/Desktop/Learn/muios/public/难生恨（笛） (15键).txt
三行情书,/Users/dong/Music/15/三行情书 (15键).txt,/Users/dong/Desktop/Learn/muios/public/三行情书 (15键).txt
夜色,/Users/dong/Music/15/夜色 (15键).txt,/Users/dong/Desktop/Learn/muios/public/夜色 (15键).txt
千与千寻简单版-いつも何度でも,/Users/dong/Music/15/千与千寻简单版-いつも何度でも (15键).txt,/Users/dong/Desktop/Learn/muios/public/千与千寻简单版-いつも何度でも (15键).txt
CantTake-My-Eyes-Off-You-Bob-Gaudio,/Users/dong/Music/15/CantTake-My-Eyes-Off-You-Bob-Gaudio (15键).txt,/Users/dong/Desktop/Learn/muios/public/CantTake-My-Eyes-Off-You-Bob-Gaudio (15键).txt
ReplayIyaz,/Users/dong/Music/15/ReplayIyaz (15键).txt,/Users/dong/Desktop/Learn/muios/public/ReplayIyaz (15键).txt
Homesick,/Users/dong/Music/15/Homesick (15键).txt,/Users/dong/Desktop/Learn/muios/public/Homesick (15键).txt
空山新雨后,/Users/dong/Music/15/空山新雨后 (15键).txt,/Users/dong/Desktop/Learn/muios/public/空山新雨后 (15键).txt
江南前奏,/Users/dong/Music/15/江南前奏 (15键).txt,/Users/dong/Desktop/Learn/muios/public/江南前奏 (15键).txt
别了夏天虞美人盛开的山坡主题曲,/Users/dong/Music/15/别了夏天虞美人盛开的山坡主题曲 (15键).txt,/Users/dong/Desktop/Learn/muios/public/别了夏天虞美人盛开的山坡主题曲 (15键).txt
恶魔的爱(不完整版),/Users/dong/Music/15/恶魔的爱（不完整版） (15键).txt,/Users/dong/Desktop/Learn/muios/public/恶魔的爱（不完整版） (15键).txt
深海少女,/Users/dong/Music/15/深海少女 (15键).txt,/Users/dong/Desktop/Learn/muios/public/深海少女 (15键).txt
乙女解剖(吉米,/Users/dong/Music/15/乙女解剖(吉米 (15键).txt,/Users/dong/Desktop/Learn/muios/public/乙女解剖(吉米 (15键).txt
乙女解剖(吉米,/Users/dong/Music/15/乙女解剖吉米 (15键).txt,/Users/dong/Desktop/Learn/muios/public/乙女解剖吉米 (15键).txt
灰姑娘,/Users/dong/Music/15/灰姑娘 (15键).txt,/Users/dong/Desktop/Learn/muios/public/灰姑娘 (15键).txt
Partof-Me-你只是我的另一半-滨崎步,/Users/dong/Music/15/Partof-Me-你只是我的另一半---滨崎步 (15键).txt,/Users/dong/Desktop/Learn/muios/public/Partof-Me-你只是我的另一半---滨崎步 (15键).txt
给你给我一生一世插曲,/Users/dong/Music/15/给你给我一生一世插曲 (15键).txt,/Users/dong/Desktop/Learn/muios/public/给你给我一生一世插曲 (15键).txt
ヒバナ火花 deco,/Users/dong/Music/15/ヒバナ火花.deco (15键).txt,/Users/dong/Desktop/Learn/muios/public/ヒバナ火花.deco (15键).txt
4123,/Users/dong/Music/15/4123 (15键).txt,/Users/dong/Desktop/Learn/muios/public/4123 (15键).txt
被风吹过的夏天钢琴演奏版,/Users/dong/Music/15/被风吹过的夏天钢琴演奏版 (15键).txt,/Users/dong/Desktop/Learn/muios/public/被风吹过的夏天钢琴演奏版 (15键).txt
ドラマツルギー拟剧论,/Users/dong/Music/15/ドラマツルギー拟剧论 (15键).txt,/Users/dong/Desktop/Learn/muios/public/ドラマツルギー拟剧论 (15键).txt
游京,/Users/dong/Music/15/游京 (15键).txt,/Users/dong/Desktop/Learn/muios/public/游京 (15键).txt
ExhaleSabrina-Carpenter,/Users/dong/Music/15/ExhaleSabrina-Carpenter (15键).txt,/Users/dong/Desktop/Learn/muios/public/ExhaleSabrina-Carpenter (15键).txt
Visions of Gideon,/Users/dong/Music/15/Visions.of.Gideon (15键).txt,/Users/dong/Desktop/Learn/muios/public/Visions.of.Gideon (15键).txt
你离开的事实,/Users/dong/Music/15/你离开的事实 (15键).txt,/Users/dong/Desktop/Learn/muios/public/你离开的事实 (15键).txt
JustiΦs假面骑士555主题曲,/Users/dong/Music/15/JustiΦs假面骑士555主题曲 (15键).txt,/Users/dong/Desktop/Learn/muios/public/JustiΦs假面骑士555主题曲 (15键).txt
落霜,/Users/dong/Music/15/落霜 (15键).txt,/Users/dong/Desktop/Learn/muios/public/落霜 (15键).txt
枕边童话,/Users/dong/Music/15/枕边童话 (15键).txt,/Users/dong/Desktop/Learn/muios/public/枕边童话 (15键).txt
小小恋歌Micles,/Users/dong/Music/15/小小恋歌Micles (15键).txt,/Users/dong/Desktop/Learn/muios/public/小小恋歌Micles (15键).txt
小小恋歌Micles,/Users/dong/Music/15/小小恋歌-Micles (15键).txt,/Users/dong/Desktop/Learn/muios/public/小小恋歌-Micles (15键).txt
醉清风,/Users/dong/Music/15/醉清风 (15键).txt,/Users/dong/Desktop/Learn/muios/public/醉清风 (15键).txt
此心正年少,/Users/dong/Music/15/此心正年少 (15键).txt,/Users/dong/Desktop/Learn/muios/public/此心正年少 (15键).txt
青春白皮书小情书告白版推广曲,/Users/dong/Music/15/青春白皮书小情书告白版推广曲 (15键).txt,/Users/dong/Desktop/Learn/muios/public/青春白皮书小情书告白版推广曲 (15键).txt
YOASOBI怪物,/Users/dong/Music/15/YOASOBI怪物 (15键).txt,/Users/dong/Desktop/Learn/muios/public/YOASOBI怪物 (15键).txt
你要结婚了,/Users/dong/Music/15/你要结婚了 (15键).txt,/Users/dong/Desktop/Learn/muios/public/你要结婚了 (15键).txt
ImmortalsFall-Out-Boy,/Users/dong/Music/15/ImmortalsFall-Out-Boy (15键).txt,/Users/dong/Desktop/Learn/muios/public/ImmortalsFall-Out-Boy (15键).txt
夏の唤,/Users/dong/Music/15/夏の唤 (15键).txt,/Users/dong/Desktop/Learn/muios/public/夏の唤 (15键).txt
往下跳重启之极海听雷插曲,/Users/dong/Music/15/往下跳重启之极海听雷插曲 (15键).txt,/Users/dong/Desktop/Learn/muios/public/往下跳重启之极海听雷插曲 (15键).txt
PanamaMatteo,/Users/dong/Music/15/PanamaMatteo (15键).txt,/Users/dong/Desktop/Learn/muios/public/PanamaMatteo (15键).txt
逆插玫瑰,/Users/dong/Music/15/逆插玫瑰 (15键).txt,/Users/dong/Desktop/Learn/muios/public/逆插玫瑰 (15键).txt
我们的爱飞儿乐团,/Users/dong/Music/15/我们的爱飞儿乐团 (15键).txt,/Users/dong/Desktop/Learn/muios/public/我们的爱飞儿乐团 (15键).txt
ティアオイエツォン东方妖妖梦,/Users/dong/Music/15/ティアオイエツォン东方妖妖梦 (15键).txt,/Users/dong/Desktop/Learn/muios/public/ティアオイエツォン东方妖妖梦 (15键).txt
IfI-Was-Your-Woman-Walk-On,/Users/dong/Music/15/IfI-Was-Your-Woman-Walk-On-By-Alicia-Keys (15键).txt,/Users/dong/Desktop/Learn/muios/public/IfI-Was-Your-Woman-Walk-On-By-Alicia-Keys (15键).txt
Manon-the-Moon,/Users/dong/Music/15/Manon-the-Moon (15键).txt,/Users/dong/Desktop/Learn/muios/public/Manon-the-Moon (15键).txt
半句浓墨,/Users/dong/Music/15/半句浓墨 (15键).txt,/Users/dong/Desktop/Learn/muios/public/半句浓墨 (15键).txt
My Soul Your Beasts,/Users/dong/Music/15/My Soul Your Beasts (15键).txt,/Users/dong/Desktop/Learn/muios/public/My Soul Your Beasts (15键).txt
My Soul Your Beasts,/Users/dong/Music/15/My.Soul.Your.Beasts (15键).txt,/Users/dong/Desktop/Learn/muios/public/My.Soul.Your.Beasts (15键).txt
Valderfields,/Users/dong/Music/15/Valderfields (15键).txt,/Users/dong/Desktop/Learn/muios/public/Valderfields (15键).txt
Valderfields,/Users/dong/Music/15/Valder Fields (15键).txt,/Users/dong/Desktop/Learn/muios/public/Valder Fields (15键).txt
心无所扰小桃,/Users/dong/Music/15/心无所扰小桃 (15键).txt,/Users/dong/Desktop/Learn/muios/public/心无所扰小桃 (15键).txt
Asphyxia,/Users/dong/Music/15/Asphyxia (15键).txt,/Users/dong/Desktop/Learn/muios/public/Asphyxia (15键).txt
光年之外-何以解忧,/Users/dong/Music/15/《光年之外》-何以解忧 (15键).txt,/Users/dong/Desktop/Learn/muios/public/《光年之外》-何以解忧 (15键).txt
Monsters抖音热歌-爱你不止三千遍,/Users/dong/Music/15/Monsters抖音热歌-爱你不止三千遍 (15键).txt,/Users/dong/Desktop/Learn/muios/public/Monsters抖音热歌-爱你不止三千遍 (15键).txt
十年人间,/Users/dong/Music/15/十年人间 (15键).txt,/Users/dong/Desktop/Learn/muios/public/十年人间 (15键).txt
假如爱有天意,/Users/dong/Music/15/假如爱有天意 (15键).txt,/Users/dong/Desktop/Learn/muios/public/假如爱有天意 (15键).txt
唐伯虎点秋香片头曲周星驰经典电影插曲,/Users/dong/Music/15/唐伯虎点秋香片头曲周星驰经典电影插曲 (15键).txt,/Users/dong/Desktop/Learn/muios/public/唐伯虎点秋香片头曲周星驰经典电影插曲 (15键).txt
这个世界蔡蓝钦,/Users/dong/Music/15/这个世界蔡蓝钦 (15键).txt,/Users/dong/Desktop/Learn/muios/public/这个世界蔡蓝钦 (15键).txt
the way that l still love you,/Users/dong/Music/15/the.way.that.l.still.love.you (15键).txt,/Users/dong/Desktop/Learn/muios/public/the.way.that.l.still.love.you (15键).txt
あなたとクリスマスイブ你和圣诞节前夜-AKB48,/Users/dong/Music/15/あなたとクリスマスイブ你和圣诞节前夜-AKB48 (15键).txt,/Users/dong/Desktop/Learn/muios/public/あなたとクリスマスイブ你和圣诞节前夜-AKB48 (15键).txt
生日快乐Happy-Birthday,/Users/dong/Music/15/生日快乐Happy-Birthday (15键).txt,/Users/dong/Desktop/Learn/muios/public/生日快乐Happy-Birthday (15键).txt
齐天悟空传主题曲,/Users/dong/Music/15/齐天悟空传主题曲 (15键).txt,/Users/dong/Desktop/Learn/muios/public/齐天悟空传主题曲 (15键).txt
刀剑如梦,/Users/dong/Music/15/刀剑如梦 (15键).txt,/Users/dong/Desktop/Learn/muios/public/刀剑如梦 (15键).txt
就是爱你,/Users/dong/Music/15/就是爱你 (15键).txt,/Users/dong/Desktop/Learn/muios/public/就是爱你 (15键).txt
DumbBlonde-Avril-Lavigne,/Users/dong/Music/15/DumbBlonde-Avril-Lavigne (15键).txt,/Users/dong/Desktop/Learn/muios/public/DumbBlonde-Avril-Lavigne (15键).txt
blackheart,/Users/dong/Music/15/blackheart (15键).txt,/Users/dong/Desktop/Learn/muios/public/blackheart (15键).txt
LaneBoy-Twenty-One-Pilots,/Users/dong/Music/15/LaneBoy-Twenty-One-Pilots (15键).txt,/Users/dong/Desktop/Learn/muios/public/LaneBoy-Twenty-One-Pilots (15键).txt
云烟成雨我是江小白片尾曲,/Users/dong/Music/15/云烟成雨我是江小白片尾曲 (15键).txt,/Users/dong/Desktop/Learn/muios/public/云烟成雨我是江小白片尾曲 (15键).txt
昨日重现Yesterday-Once-More,/Users/dong/Music/15/昨日重现Yesterday-Once-More (15键).txt,/Users/dong/Desktop/Learn/muios/public/昨日重现Yesterday-Once-More (15键).txt
昨日重现Yesterday-Once-More,/Users/dong/Music/15/昨日重现_YesterdayOnceMore (15键).txt,/Users/dong/Desktop/Learn/muios/public/昨日重现_YesterdayOnceMore (15键).txt
DNALittle-Mix,/Users/dong/Music/15/DNALittle-Mix (15键).txt,/Users/dong/Desktop/Learn/muios/public/DNALittle-Mix (15键).txt
从前说,/Users/dong/Music/15/从前说 (15键).txt,/Users/dong/Desktop/Learn/muios/public/从前说 (15键).txt
鸟之诗(复原,/Users/dong/Music/15/鸟之诗（复原 (15键).txt,/Users/dong/Desktop/Learn/muios/public/鸟之诗（复原 (15键).txt
鸟之诗(复原,/Users/dong/Music/15/鸟之诗（复原) (15键).txt,/Users/dong/Desktop/Learn/muios/public/鸟之诗（复原) (15键).txt
友谊地久天长Auld-Lang-Syne,/Users/dong/Music/15/友谊地久天长Auld-Lang-Syne (15键).txt,/Users/dong/Desktop/Learn/muios/public/友谊地久天长Auld-Lang-Syne (15键).txt
情书 luv letter 烛子ikina,/Users/dong/Music/15/情书 luv letter 烛子ikina (15键).txt,/Users/dong/Desktop/Learn/muios/public/情书 luv letter 烛子ikina (15键).txt
孤独颂歌,/Users/dong/Music/15/孤独颂歌 (15键).txt,/Users/dong/Desktop/Learn/muios/public/孤独颂歌 (15键).txt
"大悲咒,号角版",/Users/dong/Music/15/大悲咒，号角版 (15键).txt,/Users/dong/Desktop/Learn/muios/public/大悲咒，号角版 (15键).txt
世界沉睡童话,/Users/dong/Music/15/世界沉睡童话 (15键).txt,/Users/dong/Desktop/Learn/muios/public/世界沉睡童话 (15键).txt
极乐净土2,/Users/dong/Music/15/极乐净土 (2) (15键).txt,/Users/dong/Desktop/Learn/muios/public/极乐净土 (2) (15键).txt
极乐净土2,/Users/dong/Music/15/极乐净土2 (15键).txt,/Users/dong/Desktop/Learn/muios/public/极乐净土2 (15键).txt
镜心之歌,/Users/dong/Music/15/镜心之歌 (15键).txt,/Users/dong/Desktop/Learn/muios/public/镜心之歌 (15键).txt
缲り返し一粒,/Users/dong/Music/15/缲り返し一粒 (15键).txt,/Users/dong/Desktop/Learn/muios/public/缲り返し一粒 (15键).txt
四张机射雕英雄传之华山论剑插曲,/Users/dong/Music/15/四张机射雕英雄传之华山论剑插曲 (15键).txt,/Users/dong/Desktop/Learn/muios/public/四张机射雕英雄传之华山论剑插曲 (15键).txt
天竺少女,/Users/dong/Music/15/天竺少女 (15键).txt,/Users/dong/Desktop/Learn/muios/public/天竺少女 (15键).txt
糸 aimer ito,/Users/dong/Music/15/糸.aimer.ito (15键).txt,/Users/dong/Desktop/Learn/muios/public/糸.aimer.ito (15键).txt
言叶之庭开头,/Users/dong/Music/15/言叶之庭开头 (15键).txt,/Users/dong/Desktop/Learn/muios/public/言叶之庭开头 (15键).txt
P△R△DISE,/Users/dong/Music/15/P△R△DISE (15键).txt,/Users/dong/Desktop/Learn/muios/public/P△R△DISE (15键).txt
夜空是否全然知晓,/Users/dong/Music/15/夜空是否全然知晓 (15键).txt,/Users/dong/Desktop/Learn/muios/public/夜空是否全然知晓 (15键).txt
AThousand-Years,/Users/dong/Music/15/A.Thousand.Years (15键).txt,/Users/dong/Desktop/Learn/muios/public/A.Thousand.Years (15键).txt
AThousand-Years,/Users/dong/Music/15/athousandyears (15键).txt,/Users/dong/Desktop/Learn/muios/public/athousandyears (15键).txt
Lost Umbrella,/Users/dong/Music/15/Lost.Umbrella (15键).txt,/Users/dong/Desktop/Learn/muios/public/Lost.Umbrella (15键).txt
音你心动,/Users/dong/Music/15/音你心动 (15键).txt,/Users/dong/Desktop/Learn/muios/public/音你心动 (15键).txt
新闻联播片头曲,/Users/dong/Music/15/新闻联播片头曲 (15键).txt,/Users/dong/Desktop/Learn/muios/public/新闻联播片头曲 (15键).txt
willow,/Users/dong/Music/15/willow (15键).txt,/Users/dong/Desktop/Learn/muios/public/willow (15键).txt
咲夜,/Users/dong/Music/15/咲夜 (15键).txt,/Users/dong/Desktop/Learn/muios/public/咲夜 (15键).txt
幸福了然后呢,/Users/dong/Music/15/幸福了然后呢 (15键).txt,/Users/dong/Desktop/Learn/muios/public/幸福了然后呢 (15键).txt
时雨,/Users/dong/Music/15/时雨 (15键).txt,/Users/dong/Desktop/Learn/muios/public/时雨 (15键).txt
与我无关,/Users/dong/Music/15/与我无关 (15键).txt,/Users/dong/Desktop/Learn/muios/public/与我无关 (15键).txt
我的世界,/Users/dong/Music/15/我的世界 (15键).txt,/Users/dong/Desktop/Learn/muios/public/我的世界 (15键).txt
十送红军,/Users/dong/Music/15/十送红军 (15键).txt,/Users/dong/Desktop/Learn/muios/public/十送红军 (15键).txt
YouAre-Not-Alone-Michael-Jackson,/Users/dong/Music/15/YouAre-Not-Alone-Michael-Jackson (15键).txt,/Users/dong/Desktop/Learn/muios/public/YouAre-Not-Alone-Michael-Jackson (15键).txt
起风了ヤキモチ,/Users/dong/Music/15/起风了ヤキモチ (15键).txt,/Users/dong/Desktop/Learn/muios/public/起风了ヤキモチ (15键).txt
你的名字 ''约会'' デート 插曲(Rem02),/Users/dong/Music/15/《你的名字》 ''约会'' デート 插曲（Rem02） (15键).txt,/Users/dong/Desktop/Learn/muios/public/《你的名字》 ''约会'' デート 插曲（Rem02） (15键).txt
你的名字,/Users/dong/Music/15/你的名字 (15键).txt,/Users/dong/Desktop/Learn/muios/public/你的名字 (15键).txt
怪咖,/Users/dong/Music/15/怪咖 (15键).txt,/Users/dong/Desktop/Learn/muios/public/怪咖 (15键).txt
命运,/Users/dong/Music/15/命运 (15键).txt,/Users/dong/Desktop/Learn/muios/public/命运 (15键).txt
帰るから天降之物F片尾曲,/Users/dong/Music/15/帰るから天降之物F片尾曲 (15键).txt,/Users/dong/Desktop/Learn/muios/public/帰るから天降之物F片尾曲 (15键).txt
对你说,/Users/dong/Music/15/对你说 (15键).txt,/Users/dong/Desktop/Learn/muios/public/对你说 (15键).txt
忍者棒棒にんじゃりばんばん,/Users/dong/Music/15/忍者棒棒にんじゃりばんばん (15键).txt,/Users/dong/Desktop/Learn/muios/public/忍者棒棒にんじゃりばんばん (15键).txt
真的傻一吻定情追爱版主题曲,/Users/dong/Music/15/真的傻一吻定情追爱版主题曲 (15键).txt,/Users/dong/Desktop/Learn/muios/public/真的傻一吻定情追爱版主题曲 (15键).txt
我喜欢你陈意涵,/Users/dong/Music/15/我喜欢你陈意涵 (15键).txt,/Users/dong/Desktop/Learn/muios/public/我喜欢你陈意涵 (15键).txt
时光背面的我,/Users/dong/Music/15/时光背面的我 (15键).txt,/Users/dong/Desktop/Learn/muios/public/时光背面的我 (15键).txt
花想曲,/Users/dong/Music/15/花想曲 (15键).txt,/Users/dong/Desktop/Learn/muios/public/花想曲 (15键).txt
游京(新版),/Users/dong/Music/15/游京（新版） (15键).txt,/Users/dong/Desktop/Learn/muios/public/游京（新版） (15键).txt
游京(新版),/Users/dong/Music/15/游京.新版 (15键).txt,/Users/dong/Desktop/Learn/muios/public/游京.新版 (15键).txt
狂妄之人,/Users/dong/Music/15/狂妄之人 (15键).txt,/Users/dong/Desktop/Learn/muios/public/狂妄之人 (15键).txt
孤寂星球,/Users/dong/Music/15/孤寂星球 (15键).txt,/Users/dong/Desktop/Learn/muios/public/孤寂星球 (15键).txt
雨爱新,/Users/dong/Music/15/雨爱新 (15键).txt,/Users/dong/Desktop/Learn/muios/public/雨爱新 (15键).txt
友谊地久天长新,/Users/dong/Music/15/友谊地久天长新 (15键).txt,/Users/dong/Desktop/Learn/muios/public/友谊地久天长新 (15键).txt
烟花易冷K,/Users/dong/Music/15/烟花易冷K (15键).txt,/Users/dong/Desktop/Learn/muios/public/烟花易冷K (15键).txt
城南花已开新,/Users/dong/Music/15/城南花已开新 (15键).txt,/Users/dong/Desktop/Learn/muios/public/城南花已开新 (15键).txt
龙猫,/Users/dong/Music/15/龙猫 (15键).txt,/Users/dong/Desktop/Learn/muios/public/龙猫 (15键).txt
七彩旋律,/Users/dong/Music/15/七彩旋律 (15键).txt,/Users/dong/Desktop/Learn/muios/public/七彩旋律 (15键).txt
天线宝宝,/Users/dong/Music/15/天线宝宝 (15键).txt,/Users/dong/Desktop/Learn/muios/public/天线宝宝 (15键).txt
你怕不怕失去我刘增瞳,/Users/dong/Music/15/你怕不怕失去我刘增瞳 (15键).txt,/Users/dong/Desktop/Learn/muios/public/你怕不怕失去我刘增瞳 (15键).txt
人间不值得,/Users/dong/Music/15/人间不值得 (15键).txt,/Users/dong/Desktop/Learn/muios/public/人间不值得 (15键).txt
掀起你的盖头来,/Users/dong/Music/15/掀起你的盖头来 (15键).txt,/Users/dong/Desktop/Learn/muios/public/掀起你的盖头来 (15键).txt
世上只有妈妈好,/Users/dong/Music/15/世上只有妈妈好 (15键).txt,/Users/dong/Desktop/Learn/muios/public/世上只有妈妈好 (15键).txt
心做(求爱的回归线),/Users/dong/Music/15/心做（求爱的回归线） (15键).txt,/Users/dong/Desktop/Learn/muios/public/心做（求爱的回归线） (15键).txt
吉普赛营地贝尔,/Users/dong/Music/15/吉普赛营地贝尔 (15键).txt,/Users/dong/Desktop/Learn/muios/public/吉普赛营地贝尔 (15键).txt
クリスマスソング朝5晚9帅气和尚爱上我主题曲,/Users/dong/Music/15/クリスマスソング朝5晚9帅气和尚爱上我主题曲 (15键).txt,/Users/dong/Desktop/Learn/muios/public/クリスマスソング朝5晚9帅气和尚爱上我主题曲 (15键).txt
birthday piano theme,/Users/dong/Music/15/birthday piano theme (15键).txt,/Users/dong/Desktop/Learn/muios/public/birthday piano theme (15键).txt
birthday piano theme,/Users/dong/Music/15/birthday.piano.theme (15键).txt,/Users/dong/Desktop/Learn/muios/public/birthday.piano.theme (15键).txt
把耳朵叫醒金海心,/Users/dong/Music/15/把耳朵叫醒金海心 (15键).txt,/Users/dong/Desktop/Learn/muios/public/把耳朵叫醒金海心 (15键).txt
余年,/Users/dong/Music/15/余年 (15键).txt,/Users/dong/Desktop/Learn/muios/public/余年 (15键).txt
大调Nyan Cat,/Users/dong/Music/15/大调Nyan.Cat (15键).txt,/Users/dong/Desktop/Learn/muios/public/大调Nyan.Cat (15键).txt
阿童木,/Users/dong/Music/15/阿童木 (15键).txt,/Users/dong/Desktop/Learn/muios/public/阿童木 (15键).txt
乌鸦原调简单版-许嵩新歌,/Users/dong/Music/15/乌鸦原调简单版-许嵩新歌 (15键).txt,/Users/dong/Desktop/Learn/muios/public/乌鸦原调简单版-许嵩新歌 (15键).txt
花仙子The-Flower-Child-Lunlun,/Users/dong/Music/15/花仙子The-Flower-Child-Lunlun (15键).txt,/Users/dong/Desktop/Learn/muios/public/花仙子The-Flower-Child-Lunlun (15键).txt
簇拥烈日的花,/Users/dong/Music/15/簇拥烈日的花 (15键).txt,/Users/dong/Desktop/Learn/muios/public/簇拥烈日的花 (15键).txt
月若流金杀破狼主题曲,/Users/dong/Music/15/月若流金杀破狼主题曲 (15键).txt,/Users/dong/Desktop/Learn/muios/public/月若流金杀破狼主题曲 (15键).txt
One way love 水谱,/Users/dong/Music/15/One way love 水谱 (15键).txt,/Users/dong/Desktop/Learn/muios/public/One way love 水谱 (15键).txt
One way love 水谱,/Users/dong/Music/15/One.way.love.水谱 (15键).txt,/Users/dong/Desktop/Learn/muios/public/One.way.love.水谱 (15键).txt
被生命所厌恶(命に嫌われている),/Users/dong/Music/15/被生命所厌恶（命に嫌われている） (15键).txt,/Users/dong/Desktop/Learn/muios/public/被生命所厌恶（命に嫌われている） (15键).txt
Intro,/Users/dong/Music/15/Intro (15键).txt,/Users/dong/Desktop/Learn/muios/public/Intro (15键).txt
HerBright-Smile-Haunts-Me-Still-她的微笑令人心往,/Users/dong/Music/15/HerBright-Smile-Haunts-Me-Still-她的微笑令人心往 (15键).txt,/Users/dong/Desktop/Learn/muios/public/HerBright-Smile-Haunts-Me-Still-她的微笑令人心往 (15键).txt
SIREN,/Users/dong/Music/15/SIREN (15键).txt,/Users/dong/Desktop/Learn/muios/public/SIREN (15键).txt
辉夜大小姐op love is war,/Users/dong/Music/15/辉夜大小姐op.love.is.war (15键).txt,/Users/dong/Desktop/Learn/muios/public/辉夜大小姐op.love.is.war (15键).txt
ComingHome-S-E-N-S,/Users/dong/Music/15/ComingHome-S-E-N-S- (15键).txt,/Users/dong/Desktop/Learn/muios/public/ComingHome-S-E-N-S- (15键).txt
ThatFunny-Feeling-Bo-Burnham,/Users/dong/Music/15/ThatFunny-Feeling-Bo-Burnham (15键).txt,/Users/dong/Desktop/Learn/muios/public/ThatFunny-Feeling-Bo-Burnham (15键).txt
像雾,/Users/dong/Music/15/像雾 (15键).txt,/Users/dong/Desktop/Learn/muios/public/像雾 (15键).txt
刀剑神域op音乐,/Users/dong/Music/15/刀剑神域op音乐 (15键).txt,/Users/dong/Desktop/Learn/muios/public/刀剑神域op音乐 (15键).txt
TimeAfter-Time,/Users/dong/Music/15/《time after time》 (15键).txt,/Users/dong/Desktop/Learn/muios/public/《time after time》 (15键).txt
TimeAfter-Time,/Users/dong/Music/15/Time.After.Time (15键).txt,/Users/dong/Desktop/Learn/muios/public/Time.After.Time (15键).txt
步步惊心丽(为了你),/Users/dong/Music/15/步步惊心丽（为了你） (15键).txt,/Users/dong/Desktop/Learn/muios/public/步步惊心丽（为了你） (15键).txt
hero,/Users/dong/Music/15/hero (15键).txt,/Users/dong/Desktop/Learn/muios/public/hero (15键).txt
瑞克和莫蒂小钢琴,/Users/dong/Music/15/瑞克和莫蒂小钢琴 (15键).txt,/Users/dong/Desktop/Learn/muios/public/瑞克和莫蒂小钢琴 (15键).txt
海边的街道,/Users/dong/Music/15/海边的街道 (15键).txt,/Users/dong/Desktop/Learn/muios/public/海边的街道 (15键).txt
一梦千宵,/Users/dong/Music/15/一梦千宵 (15键).txt,/Users/dong/Desktop/Learn/muios/public/一梦千宵 (15键).txt
AintNobody-Loves-Me-Better,/Users/dong/Music/15/AintNobody--Loves-Me-Better- (15键).txt,/Users/dong/Desktop/Learn/muios/public/AintNobody--Loves-Me-Better- (15键).txt
ItsAll-Futile-Its-All-Pointless-Wilbur-Soot,/Users/dong/Music/15/ItsAll-Futile-Its-All-Pointless-Wilbur-Soot (15键).txt,/Users/dong/Desktop/Learn/muios/public/ItsAll-Futile-Its-All-Pointless-Wilbur-Soot (15键).txt
夜曲,/Users/dong/Music/15/夜曲 (15键).txt,/Users/dong/Desktop/Learn/muios/public/夜曲 (15键).txt
命门,/Users/dong/Music/15/命门 (15键).txt,/Users/dong/Desktop/Learn/muios/public/命门 (15键).txt
DragonDays-Alicia-Keys,/Users/dong/Music/15/DragonDays-Alicia-Keys (15键).txt,/Users/dong/Desktop/Learn/muios/public/DragonDays-Alicia-Keys (15键).txt
LetsPlayAgain(王者荣耀),/Users/dong/Music/15/LetsPlayAgain(王者荣耀) (15键).txt,/Users/dong/Desktop/Learn/muios/public/LetsPlayAgain(王者荣耀) (15键).txt
RAS Burn out,/Users/dong/Music/15/RAS.Burn.out (15键).txt,/Users/dong/Desktop/Learn/muios/public/RAS.Burn.out (15键).txt
无问,/Users/dong/Music/15/无问 (15键).txt,/Users/dong/Desktop/Learn/muios/public/无问 (15键).txt
红莲华千本樱,/Users/dong/Music/15/红莲华千本樱 (15键).txt,/Users/dong/Desktop/Learn/muios/public/红莲华千本樱 (15键).txt
CruelSummer,/Users/dong/Music/15/CruelSummer (15键).txt,/Users/dong/Desktop/Learn/muios/public/CruelSummer (15键).txt
言ったじゃないか对不起青春主题曲,/Users/dong/Music/15/言ったじゃないか对不起青春主题曲 (15键).txt,/Users/dong/Desktop/Learn/muios/public/言ったじゃないか对不起青春主题曲 (15键).txt
像天堂的悬崖主君的太阳主题曲,/Users/dong/Music/15/像天堂的悬崖主君的太阳主题曲 (15键).txt,/Users/dong/Desktop/Learn/muios/public/像天堂的悬崖主君的太阳主题曲 (15键).txt
凤凰于飞,/Users/dong/Music/15/凤凰于飞 (15键).txt,/Users/dong/Desktop/Learn/muios/public/凤凰于飞 (15键).txt
StayC调简单版-Blackpink,/Users/dong/Music/15/StayC调简单版-Blackpink (15键).txt,/Users/dong/Desktop/Learn/muios/public/StayC调简单版-Blackpink (15键).txt
星空完整版-Lyphard-Melodie,/Users/dong/Music/15/星空完整版-Lyphard-Melodie (15键).txt,/Users/dong/Desktop/Learn/muios/public/星空完整版-Lyphard-Melodie (15键).txt
ThePiano,/Users/dong/Music/15/ThePiano (15键).txt,/Users/dong/Desktop/Learn/muios/public/ThePiano (15键).txt
ToxicBritney-Spears,/Users/dong/Music/15/ToxicBritney-Spears (15键).txt,/Users/dong/Desktop/Learn/muios/public/ToxicBritney-Spears (15键).txt
chopsticks duet low pitch,/Users/dong/Music/15/chopsticks.duet.low.pitch (15键).txt,/Users/dong/Desktop/Learn/muios/public/chopsticks.duet.low.pitch (15键).txt
chopsticks duet low pitch,/Users/dong/Music/15/chopsticks duet low pitch (15键).txt,/Users/dong/Desktop/Learn/muios/public/chopsticks duet low pitch (15键).txt
亲爱的 下雨了,/Users/dong/Music/15/亲爱的.下雨了 (15键).txt,/Users/dong/Desktop/Learn/muios/public/亲爱的.下雨了 (15键).txt
郁金香利什内,/Users/dong/Music/15/郁金香利什内 (15键).txt,/Users/dong/Desktop/Learn/muios/public/郁金香利什内 (15键).txt
创造回忆流星花园插曲,/Users/dong/Music/15/创造回忆流星花园插曲 (15键).txt,/Users/dong/Desktop/Learn/muios/public/创造回忆流星花园插曲 (15键).txt
爱我就别伤害我刘嘉亮,/Users/dong/Music/15/爱我就别伤害我刘嘉亮 (15键).txt,/Users/dong/Desktop/Learn/muios/public/爱我就别伤害我刘嘉亮 (15键).txt
MGS-合金装备2-主旋律,/Users/dong/Music/15/MGS-合金装备2-主旋律 (15键).txt,/Users/dong/Desktop/Learn/muios/public/MGS-合金装备2-主旋律 (15键).txt
TheSound-of-Silence-寂静之声,/Users/dong/Music/15/TheSound-of-Silence-寂静之声 (15键).txt,/Users/dong/Desktop/Learn/muios/public/TheSound-of-Silence-寂静之声 (15键).txt
DieHard-Refeci和Emelie-Cyréus,/Users/dong/Music/15/DieHard-Refeci和Emelie-Cyréus (15键).txt,/Users/dong/Desktop/Learn/muios/public/DieHard-Refeci和Emelie-Cyréus (15键).txt
初恋 回春丹 【,/Users/dong/Music/15/初恋回春丹 (15键).txt,/Users/dong/Desktop/Learn/muios/public/初恋回春丹 (15键).txt
我曾遇到一束光,/Users/dong/Music/15/我曾遇到一束光 (15键).txt,/Users/dong/Desktop/Learn/muios/public/我曾遇到一束光 (15键).txt
缘之空半成品,/Users/dong/Music/15/缘之空半成品 (15键).txt,/Users/dong/Desktop/Learn/muios/public/缘之空半成品 (15键).txt
两只老虎法国儿歌,/Users/dong/Music/15/两只老虎法国儿歌 (15键).txt,/Users/dong/Desktop/Learn/muios/public/两只老虎法国儿歌 (15键).txt
星际穿越Cornfield chase节选,/Users/dong/Music/15/星际穿越Cornfield.chase节选 (15键).txt,/Users/dong/Desktop/Learn/muios/public/星际穿越Cornfield.chase节选 (15键).txt
悪魔の子,/Users/dong/Music/15/悪魔の子 (15键).txt,/Users/dong/Desktop/Learn/muios/public/悪魔の子 (15键).txt
漂洋过海来看你,/Users/dong/Music/15/漂洋过海来看你 (15键).txt,/Users/dong/Desktop/Learn/muios/public/漂洋过海来看你 (15键).txt
囍(单键版),/Users/dong/Music/15/囍（单键版） (15键).txt,/Users/dong/Desktop/Learn/muios/public/囍（单键版） (15键).txt
我的祖国妈妈施光南,/Users/dong/Music/15/我的祖国妈妈施光南 (15键).txt,/Users/dong/Desktop/Learn/muios/public/我的祖国妈妈施光南 (15键).txt
青虹C调简单版-流年化作青虹烟雨过往如梦,/Users/dong/Music/15/青虹C调简单版-流年化作青虹烟雨过往如梦 (15键).txt,/Users/dong/Desktop/Learn/muios/public/青虹C调简单版-流年化作青虹烟雨过往如梦 (15键).txt
上邪小曲儿,/Users/dong/Music/15/上邪小曲儿 (15键).txt,/Users/dong/Desktop/Learn/muios/public/上邪小曲儿 (15键).txt
春节序曲(雪烛之城),/Users/dong/Music/15/春节序曲（雪烛之城） (15键).txt,/Users/dong/Desktop/Learn/muios/public/春节序曲（雪烛之城） (15键).txt
植物大战僵尸白天草坪背景音乐,/Users/dong/Music/15/植物大战僵尸白天草坪背景音乐 (15键).txt,/Users/dong/Desktop/Learn/muios/public/植物大战僵尸白天草坪背景音乐 (15键).txt
月光奏鸣曲三,/Users/dong/Music/15/月光奏鸣曲三 (15键).txt,/Users/dong/Desktop/Learn/muios/public/月光奏鸣曲三 (15键).txt
悲伤FM,/Users/dong/Music/15/悲伤FM (15键).txt,/Users/dong/Desktop/Learn/muios/public/悲伤FM (15键).txt
Undertale Hope and Dreams,/Users/dong/Music/15/Undertale..Hope.and.Dreams (15键).txt,/Users/dong/Desktop/Learn/muios/public/Undertale..Hope.and.Dreams (15键).txt
绿野仙踪琴箫合奏,/Users/dong/Music/15/绿野仙踪琴箫合奏 (15键).txt,/Users/dong/Desktop/Learn/muios/public/绿野仙踪琴箫合奏 (15键).txt
残酷月光林宥嘉-神秘嘉宾,/Users/dong/Music/15/残酷月光林宥嘉-神秘嘉宾 (15键).txt,/Users/dong/Desktop/Learn/muios/public/残酷月光林宥嘉-神秘嘉宾 (15键).txt
房间刘瑞琪,/Users/dong/Music/15/房间刘瑞琪 (15键).txt,/Users/dong/Desktop/Learn/muios/public/房间刘瑞琪 (15键).txt
当爱在靠近,/Users/dong/Music/15/当爱在靠近 (15键).txt,/Users/dong/Desktop/Learn/muios/public/当爱在靠近 (15键).txt
SpookyScary-Skeletons-Andrew-Gold,/Users/dong/Music/15/SpookyScary-Skeletons-Andrew-Gold (15键).txt,/Users/dong/Desktop/Learn/muios/public/SpookyScary-Skeletons-Andrew-Gold (15键).txt
将军周杰伦,/Users/dong/Music/15/将军周杰伦 (15键).txt,/Users/dong/Desktop/Learn/muios/public/将军周杰伦 (15键).txt
Youand-I-One-Direction,/Users/dong/Music/15/Youand-I-One-Direction (15键).txt,/Users/dong/Desktop/Learn/muios/public/Youand-I-One-Direction (15键).txt
光の旋律ソ・ラ・ノ・ヲ・トOP-Kalafina,/Users/dong/Music/15/光の旋律ソ・ラ・ノ・ヲ・トOP-Kalafina (15键).txt,/Users/dong/Desktop/Learn/muios/public/光の旋律ソ・ラ・ノ・ヲ・トOP-Kalafina (15键).txt
潮鸣り,/Users/dong/Music/15/潮鸣り (15键).txt,/Users/dong/Desktop/Learn/muios/public/潮鸣り (15键).txt
潮鸣り,/Users/dong/Music/15/《潮鸣り》 (15键).txt,/Users/dong/Desktop/Learn/muios/public/《潮鸣り》 (15键).txt
山河不可平-CMJ,/Users/dong/Music/15/《山河不可平》-CMJ (15键).txt,/Users/dong/Desktop/Learn/muios/public/《山河不可平》-CMJ (15键).txt
NoChances-Twenty-One-Pilots,/Users/dong/Music/15/NoChances-Twenty-One-Pilots (15键).txt,/Users/dong/Desktop/Learn/muios/public/NoChances-Twenty-One-Pilots (15键).txt
Bios,/Users/dong/Music/15/Bios (15键).txt,/Users/dong/Desktop/Learn/muios/public/Bios (15键).txt
cityofstars爱乐之城,/Users/dong/Music/15/cityofstars爱乐之城 (15键).txt,/Users/dong/Desktop/Learn/muios/public/cityofstars爱乐之城 (15键).txt
cityofstars爱乐之城,/Users/dong/Music/15/Cityofstars[爱乐之城]♡ (15键).txt,/Users/dong/Desktop/Learn/muios/public/Cityofstars[爱乐之城]♡ (15键).txt
天堂,/Users/dong/Music/15/天堂 (15键).txt,/Users/dong/Desktop/Learn/muios/public/天堂 (15键).txt
尚好的青春孙燕姿,/Users/dong/Music/15/尚好的青春孙燕姿 (15键).txt,/Users/dong/Desktop/Learn/muios/public/尚好的青春孙燕姿 (15键).txt
耻じらい零之使魔插曲,/Users/dong/Music/15/耻じらい零之使魔插曲 (15键).txt,/Users/dong/Desktop/Learn/muios/public/耻じらい零之使魔插曲 (15键).txt
アイリス,/Users/dong/Music/15/アイリス (15键).txt,/Users/dong/Desktop/Learn/muios/public/アイリス (15键).txt
算什么男人周杰伦,/Users/dong/Music/15/算什么男人周杰伦 (15键).txt,/Users/dong/Desktop/Learn/muios/public/算什么男人周杰伦 (15键).txt
寂难永劫仙剑奇侠传四游戏配乐,/Users/dong/Music/15/寂难永劫仙剑奇侠传四游戏配乐 (15键).txt,/Users/dong/Desktop/Learn/muios/public/寂难永劫仙剑奇侠传四游戏配乐 (15键).txt
来生愿做一朵莲魏新雨,/Users/dong/Music/15/来生愿做一朵莲魏新雨 (15键).txt,/Users/dong/Desktop/Learn/muios/public/来生愿做一朵莲魏新雨 (15键).txt
你走,/Users/dong/Music/15/你走 (15键).txt,/Users/dong/Desktop/Learn/muios/public/你走 (15键).txt
浪漫爱,/Users/dong/Music/15/浪漫爱 (15键).txt,/Users/dong/Desktop/Learn/muios/public/浪漫爱 (15键).txt
C大调四对舞,/Users/dong/Music/15/C大调四对舞 (15键).txt,/Users/dong/Desktop/Learn/muios/public/C大调四对舞 (15键).txt
成都赵雷,/Users/dong/Music/15/成都赵雷 (15键).txt,/Users/dong/Desktop/Learn/muios/public/成都赵雷 (15键).txt
星星点灯,/Users/dong/Music/15/星星点灯 (15键).txt,/Users/dong/Desktop/Learn/muios/public/星星点灯 (15键).txt
老男孩,/Users/dong/Music/15/老男孩 (15键).txt,/Users/dong/Desktop/Learn/muios/public/老男孩 (15键).txt
暗恋夜的钢琴曲-II,/Users/dong/Music/15/暗恋夜的钢琴曲-II (15键).txt,/Users/dong/Desktop/Learn/muios/public/暗恋夜的钢琴曲-II (15键).txt
全家加长版,/Users/dong/Music/15/全家加长版 (15键).txt,/Users/dong/Desktop/Learn/muios/public/全家加长版 (15键).txt
卡路里,/Users/dong/Music/15/卡路里 (15键).txt,/Users/dong/Desktop/Learn/muios/public/卡路里 (15键).txt
HeatstrokeCalvin-Harris,/Users/dong/Music/15/HeatstrokeCalvin-Harris (15键).txt,/Users/dong/Desktop/Learn/muios/public/HeatstrokeCalvin-Harris (15键).txt
Neon霓虹-滚动的天空,/Users/dong/Music/15/Neon霓虹-滚动的天空 (15键).txt,/Users/dong/Desktop/Learn/muios/public/Neon霓虹-滚动的天空 (15键).txt
你是我的玫瑰花庞龙,/Users/dong/Music/15/你是我的玫瑰花庞龙 (15键).txt,/Users/dong/Desktop/Learn/muios/public/你是我的玫瑰花庞龙 (15键).txt
please don't go,/Users/dong/Music/15/please.don't.go (15键).txt,/Users/dong/Desktop/Learn/muios/public/please.don't.go (15键).txt
Alone,/Users/dong/Music/15/Alone (15键).txt,/Users/dong/Desktop/Learn/muios/public/Alone (15键).txt
植物大战僵尸草地关卡背景音乐,/Users/dong/Music/15/植物大战僵尸草地关卡背景音乐 (15键).txt,/Users/dong/Desktop/Learn/muios/public/植物大战僵尸草地关卡背景音乐 (15键).txt
棋子,/Users/dong/Music/15/棋子 (15键).txt,/Users/dong/Desktop/Learn/muios/public/棋子 (15键).txt
ITook-A-Pill-In-Ibiza-Mike-Posner,/Users/dong/Music/15/ITook-A-Pill-In-Ibiza-Mike-Posner (15键).txt,/Users/dong/Desktop/Learn/muios/public/ITook-A-Pill-In-Ibiza-Mike-Posner (15键).txt
海市蜃楼简单版-带不走的就留下So-Calm-Down梦里海市云霞,/Users/dong/Music/15/海市蜃楼简单版-带不走的就留下So-Calm-Down梦里海市云霞 (15键).txt,/Users/dong/Desktop/Learn/muios/public/海市蜃楼简单版-带不走的就留下So-Calm-Down梦里海市云霞 (15键).txt
promise(光遇),/Users/dong/Music/15/promise（光遇） (15键).txt,/Users/dong/Desktop/Learn/muios/public/promise（光遇） (15键).txt
我们都一样,/Users/dong/Music/15/我们都一样 (15键).txt,/Users/dong/Desktop/Learn/muios/public/我们都一样 (15键).txt
循迹,/Users/dong/Music/15/循迹 (15键).txt,/Users/dong/Desktop/Learn/muios/public/循迹 (15键).txt
LittleTalks-Of-Monsters-and-Men,/Users/dong/Music/15/LittleTalks-Of-Monsters-and-Men (15键).txt,/Users/dong/Desktop/Learn/muios/public/LittleTalks-Of-Monsters-and-Men (15键).txt
Rubia(周深),/Users/dong/Music/15/Rubia（周深) (15键).txt,/Users/dong/Desktop/Learn/muios/public/Rubia（周深) (15键).txt
SlowDown-Alicia-Keys,/Users/dong/Music/15/SlowDown-Alicia-Keys (15键).txt,/Users/dong/Desktop/Learn/muios/public/SlowDown-Alicia-Keys (15键).txt
练习曲36Midi版EOP自学速成班第二季-孩子们的拜厄-上,/Users/dong/Music/15/练习曲36Midi版EOP自学速成班第二季-孩子们的拜厄-上- (15键).txt,/Users/dong/Desktop/Learn/muios/public/练习曲36Midi版EOP自学速成班第二季-孩子们的拜厄-上- (15键).txt
Addictedto-You-Avicii,/Users/dong/Music/15/Addictedto-You-Avicii (15键).txt,/Users/dong/Desktop/Learn/muios/public/Addictedto-You-Avicii (15键).txt
LAccordeur调音师插曲,/Users/dong/Music/15/LAccordeur调音师插曲 (15键).txt,/Users/dong/Desktop/Learn/muios/public/LAccordeur调音师插曲 (15键).txt
幽灵公主片尾曲宫崎骏动画,/Users/dong/Music/15/幽灵公主片尾曲宫崎骏动画 (15键).txt,/Users/dong/Desktop/Learn/muios/public/幽灵公主片尾曲宫崎骏动画 (15键).txt
六月的雨,/Users/dong/Music/15/六月的雨 (15键).txt,/Users/dong/Desktop/Learn/muios/public/六月的雨 (15键).txt
花园宝宝,/Users/dong/Music/15/花园宝宝 (15键).txt,/Users/dong/Desktop/Learn/muios/public/花园宝宝 (15键).txt
Fuego2018欧洲歌唱大赛,/Users/dong/Music/15/Fuego2018欧洲歌唱大赛 (15键).txt,/Users/dong/Desktop/Learn/muios/public/Fuego2018欧洲歌唱大赛 (15键).txt
约束,/Users/dong/Music/15/约束 (15键).txt,/Users/dong/Desktop/Learn/muios/public/约束 (15键).txt
最伟大的作品 斗琴,/Users/dong/Music/15/最伟大的作品.斗琴 (15键).txt,/Users/dong/Desktop/Learn/muios/public/最伟大的作品.斗琴 (15键).txt
记得两个女人的战争片头曲,/Users/dong/Music/15/记得两个女人的战争片头曲 (15键).txt,/Users/dong/Desktop/Learn/muios/public/记得两个女人的战争片头曲 (15键).txt
爱尔兰画眉漫步神秘园-Joanie-Madden,/Users/dong/Music/15/爱尔兰画眉漫步神秘园--Joanie-Madden (15键).txt,/Users/dong/Desktop/Learn/muios/public/爱尔兰画眉漫步神秘园--Joanie-Madden (15键).txt
她的睫毛周杰伦,/Users/dong/Music/15/她的睫毛周杰伦 (15键).txt,/Users/dong/Desktop/Learn/muios/public/她的睫毛周杰伦 (15键).txt
生日礼物,/Users/dong/Music/15/生日礼物 (15键).txt,/Users/dong/Desktop/Learn/muios/public/生日礼物 (15键).txt
南山南,/Users/dong/Music/15/南山南 (15键).txt,/Users/dong/Desktop/Learn/muios/public/南山南 (15键).txt
心的冲动理查德•克莱德曼,/Users/dong/Music/15/心的冲动理查德•克莱德曼 (15键).txt,/Users/dong/Desktop/Learn/muios/public/心的冲动理查德•克莱德曼 (15键).txt
TitaniumDavid-Guetta-2012快乐大本营,/Users/dong/Music/15/TitaniumDavid-Guetta-2012快乐大本营 (15键).txt,/Users/dong/Desktop/Learn/muios/public/TitaniumDavid-Guetta-2012快乐大本营 (15键).txt
羊羊小心愿,/Users/dong/Music/15/羊羊小心愿 (15键).txt,/Users/dong/Desktop/Learn/muios/public/羊羊小心愿 (15键).txt
大天蓬,/Users/dong/Music/15/大天蓬 (15键).txt,/Users/dong/Desktop/Learn/muios/public/大天蓬 (15键).txt
爱是无畏的冒险,/Users/dong/Music/15/爱是无畏的冒险 (15键).txt,/Users/dong/Desktop/Learn/muios/public/爱是无畏的冒险 (15键).txt
蝶々结びAimer,/Users/dong/Music/15/蝶々结びAimer (15键).txt,/Users/dong/Desktop/Learn/muios/public/蝶々结びAimer (15键).txt
何妨,/Users/dong/Music/15/何妨 (15键).txt,/Users/dong/Desktop/Learn/muios/public/何妨 (15键).txt
五月雨恋歌初音未来,/Users/dong/Music/15/五月雨恋歌初音未来 (15键).txt,/Users/dong/Desktop/Learn/muios/public/五月雨恋歌初音未来 (15键).txt
Usseewa,/Users/dong/Music/15/Usseewa (15键).txt,/Users/dong/Desktop/Learn/muios/public/Usseewa (15键).txt
ForRiver,/Users/dong/Music/15/ForRiver (15键).txt,/Users/dong/Desktop/Learn/muios/public/ForRiver (15键).txt
ForRiver,/Users/dong/Music/15/For river (15键).txt,/Users/dong/Desktop/Learn/muios/public/For river (15键).txt
HopeIs-a-Dangerous-Thing-for-a-Woman-Like-Me-to-Have-but-I-Have-It,/Users/dong/Music/15/HopeIs-a-Dangerous-Thing-for-a-Woman-Like-Me-to-Have-–-but-I-Have-It (15键).txt,/Users/dong/Desktop/Learn/muios/public/HopeIs-a-Dangerous-Thing-for-a-Woman-Like-Me-to-Have-–-but-I-Have-It (15键).txt
BloomThe-Paper-Kites,/Users/dong/Music/15/BloomThe-Paper-Kites (15键).txt,/Users/dong/Desktop/Learn/muios/public/BloomThe-Paper-Kites (15键).txt
三月里的小雨刘文正,/Users/dong/Music/15/三月里的小雨刘文正 (15键).txt,/Users/dong/Desktop/Learn/muios/public/三月里的小雨刘文正 (15键).txt
大花轿,/Users/dong/Music/15/大花轿 (15键).txt,/Users/dong/Desktop/Learn/muios/public/大花轿 (15键).txt
Slump,/Users/dong/Music/15/Slump (15键).txt,/Users/dong/Desktop/Learn/muios/public/Slump (15键).txt
扰人清梦石进,/Users/dong/Music/15/扰人清梦石进 (15键).txt,/Users/dong/Desktop/Learn/muios/public/扰人清梦石进 (15键).txt
雨下一整晚,/Users/dong/Music/15/雨下一整晚 (15键).txt,/Users/dong/Desktop/Learn/muios/public/雨下一整晚 (15键).txt
洛城C调简单版-薛之谦,/Users/dong/Music/15/洛城C调简单版-薛之谦 (15键).txt,/Users/dong/Desktop/Learn/muios/public/洛城C调简单版-薛之谦 (15键).txt
Memoria,/Users/dong/Music/15/Memoria (15键).txt,/Users/dong/Desktop/Learn/muios/public/Memoria (15键).txt
爱的飞行日记周杰伦,/Users/dong/Music/15/爱的飞行日记周杰伦 (15键).txt,/Users/dong/Desktop/Learn/muios/public/爱的飞行日记周杰伦 (15键).txt
过火-张信哲,/Users/dong/Music/15/过火-张信哲 (15键).txt,/Users/dong/Desktop/Learn/muios/public/过火-张信哲 (15键).txt
过火-张信哲,/Users/dong/Music/15/过火张信哲 (15键).txt,/Users/dong/Desktop/Learn/muios/public/过火张信哲 (15键).txt
春节序曲,/Users/dong/Music/15/春节序曲 (15键).txt,/Users/dong/Desktop/Learn/muios/public/春节序曲 (15键).txt
badapple(烛子),/Users/dong/Music/15/badapple（烛子） (15键).txt,/Users/dong/Desktop/Learn/muios/public/badapple（烛子） (15键).txt
其实都没有,/Users/dong/Music/15/其实都没有 (15键).txt,/Users/dong/Desktop/Learn/muios/public/其实都没有 (15键).txt
一千年以后林俊杰,/Users/dong/Music/15/一千年以后林俊杰 (15键).txt,/Users/dong/Desktop/Learn/muios/public/一千年以后林俊杰 (15键).txt
小小的歌卡尔-车尔尼,/Users/dong/Music/15/小小的歌卡尔-车尔尼 (15键).txt,/Users/dong/Desktop/Learn/muios/public/小小的歌卡尔-车尔尼 (15键).txt
怀念青春怀念啊我们的青春啊-副歌部分,/Users/dong/Music/15/怀念青春怀念啊我们的青春啊-副歌部分 (15键).txt,/Users/dong/Desktop/Learn/muios/public/怀念青春怀念啊我们的青春啊-副歌部分 (15键).txt
纺歌镜音双子,/Users/dong/Music/15/纺歌镜音双子 (15键).txt,/Users/dong/Desktop/Learn/muios/public/纺歌镜音双子 (15键).txt
可莉ep,/Users/dong/Music/15/可莉ep (15键).txt,/Users/dong/Desktop/Learn/muios/public/可莉ep (15键).txt
只要平凡,/Users/dong/Music/15/只要平凡 (15键).txt,/Users/dong/Desktop/Learn/muios/public/只要平凡 (15键).txt
原神蒲苇如丝,/Users/dong/Music/15/原神蒲苇如丝 (15键).txt,/Users/dong/Desktop/Learn/muios/public/原神蒲苇如丝 (15键).txt
你的名字 ''约会'' デート 插曲 简易版(Rem02),/Users/dong/Music/15/《你的名字》 ''约会'' デート 插曲 简易版（Rem02） (15键).txt,/Users/dong/Desktop/Learn/muios/public/《你的名字》 ''约会'' デート 插曲 简易版（Rem02） (15键).txt
p@n罪vers-Absolon,/Users/dong/Music/15/p@n罪vers—Absolon (15键).txt,/Users/dong/Desktop/Learn/muios/public/p@n罪vers—Absolon (15键).txt
爱在记忆中找你,/Users/dong/Music/15/爱在记忆中找你 (15键).txt,/Users/dong/Desktop/Learn/muios/public/爱在记忆中找你 (15键).txt
等下一个天亮,/Users/dong/Music/15/等下一个天亮 (15键).txt,/Users/dong/Desktop/Learn/muios/public/等下一个天亮 (15键).txt
演员薛之谦,/Users/dong/Music/15/演员薛之谦 (15键).txt,/Users/dong/Desktop/Learn/muios/public/演员薛之谦 (15键).txt
演员薛之谦,/Users/dong/Music/15/演员-薛之谦 (15键).txt,/Users/dong/Desktop/Learn/muios/public/演员-薛之谦 (15键).txt
夜空中最亮的星,/Users/dong/Music/15/夜空中最亮的星 (15键).txt,/Users/dong/Desktop/Learn/muios/public/夜空中最亮的星 (15键).txt
梦,/Users/dong/Music/15/梦 (15键).txt,/Users/dong/Desktop/Learn/muios/public/梦 (15键).txt
虹色蝶々初音ミク,/Users/dong/Music/15/虹色蝶々初音ミク (15键).txt,/Users/dong/Desktop/Learn/muios/public/虹色蝶々初音ミク (15键).txt
东京テディベア镜音リン,/Users/dong/Music/15/东京テディベア镜音リン (15键).txt,/Users/dong/Desktop/Learn/muios/public/东京テディベア镜音リン (15键).txt
周杰伦三键曲,/Users/dong/Music/15/周杰伦三键曲 (15键).txt,/Users/dong/Desktop/Learn/muios/public/周杰伦三键曲 (15键).txt
MyExs-Best-Friend,/Users/dong/Music/15/MyExs-Best-Friend (15键).txt,/Users/dong/Desktop/Learn/muios/public/MyExs-Best-Friend (15键).txt
绿袖子英国民谣,/Users/dong/Music/15/绿袖子英国民谣 (15键).txt,/Users/dong/Desktop/Learn/muios/public/绿袖子英国民谣 (15键).txt
セツナドライブIA,/Users/dong/Music/15/セツナドライブIA (15键).txt,/Users/dong/Desktop/Learn/muios/public/セツナドライブIA (15键).txt
LeOnde-Ludovico-Einaudi,/Users/dong/Music/15/LeOnde-Ludovico-Einaudi (15键).txt,/Users/dong/Desktop/Learn/muios/public/LeOnde-Ludovico-Einaudi (15键).txt
邻家的龙猫龙猫ED-My-Neighbor-Totoro,/Users/dong/Music/15/邻家的龙猫龙猫ED-My-Neighbor-Totoro (15键).txt,/Users/dong/Desktop/Learn/muios/public/邻家的龙猫龙猫ED-My-Neighbor-Totoro (15键).txt
marijibi,/Users/dong/Music/15/marijibi (15键).txt,/Users/dong/Desktop/Learn/muios/public/marijibi (15键).txt
"恶魔之子,希望有大佬帮我做一个更好的",/Users/dong/Music/15/恶魔之子，希望有大佬帮我做一个更好的 (15键).txt,/Users/dong/Desktop/Learn/muios/public/恶魔之子，希望有大佬帮我做一个更好的 (15键).txt
Wellerman 水手之歌,/Users/dong/Music/15/Wellerman.水手之歌 (15键).txt,/Users/dong/Desktop/Learn/muios/public/Wellerman.水手之歌 (15键).txt
Numb 林肯公园,/Users/dong/Music/15/Numb 林肯公园 (15键).txt,/Users/dong/Desktop/Learn/muios/public/Numb 林肯公园 (15键).txt
今夜又搁块落雨林文信版,/Users/dong/Music/15/今夜又搁块落雨林文信版 (15键).txt,/Users/dong/Desktop/Learn/muios/public/今夜又搁块落雨林文信版 (15键).txt
耿,/Users/dong/Music/15/耿 (15键).txt,/Users/dong/Desktop/Learn/muios/public/耿 (15键).txt
爱一点,/Users/dong/Music/15/爱一点 (15键).txt,/Users/dong/Desktop/Learn/muios/public/爱一点 (15键).txt
雨的印记,/Users/dong/Music/15/雨的印记 (15键).txt,/Users/dong/Desktop/Learn/muios/public/雨的印记 (15键).txt
可能,/Users/dong/Music/15/可能 (15键).txt,/Users/dong/Desktop/Learn/muios/public/可能 (15键).txt
变废为宝-薛之谦,/Users/dong/Music/15/变废为宝-薛之谦 (15键).txt,/Users/dong/Desktop/Learn/muios/public/变废为宝-薛之谦 (15键).txt
演员,/Users/dong/Music/15/演员 (15键).txt,/Users/dong/Desktop/Learn/muios/public/演员 (15键).txt
天使五月天,/Users/dong/Music/15/天使五月天 (15键).txt,/Users/dong/Desktop/Learn/muios/public/天使五月天 (15键).txt
今后我与自己流浪哪吒之魔童降世片尾曲,/Users/dong/Music/15/今后我与自己流浪哪吒之魔童降世片尾曲 (15键).txt,/Users/dong/Desktop/Learn/muios/public/今后我与自己流浪哪吒之魔童降世片尾曲 (15键).txt
dusk,/Users/dong/Music/15/dusk (15键).txt,/Users/dong/Desktop/Learn/muios/public/dusk (15键).txt
山鬼(求剑魂),/Users/dong/Music/15/山鬼(求剑魂) (15键).txt,/Users/dong/Desktop/Learn/muios/public/山鬼(求剑魂) (15键).txt
海阔天空(信乐团),/Users/dong/Music/15/海阔天空（信乐团） (15键).txt,/Users/dong/Desktop/Learn/muios/public/海阔天空（信乐团） (15键).txt
Meand-My-Broken-Heart-Rixton,/Users/dong/Music/15/Meand-My-Broken-Heart-Rixton (15键).txt,/Users/dong/Desktop/Learn/muios/public/Meand-My-Broken-Heart-Rixton (15键).txt
月出双笙,/Users/dong/Music/15/月出双笙 (15键).txt,/Users/dong/Desktop/Learn/muios/public/月出双笙 (15键).txt
小步舞曲3Minuet-巴赫,/Users/dong/Music/15/小步舞曲3Minuet-巴赫 (15键).txt,/Users/dong/Desktop/Learn/muios/public/小步舞曲3Minuet-巴赫 (15键).txt
阳光宅男,/Users/dong/Music/15/阳光宅男 (15键).txt,/Users/dong/Desktop/Learn/muios/public/阳光宅男 (15键).txt
一步之遥 Por una Cabeza 烛子ikina,/Users/dong/Music/15/一步之遥 Por una Cabeza 烛子ikina (15键).txt,/Users/dong/Desktop/Learn/muios/public/一步之遥 Por una Cabeza 烛子ikina (15键).txt
Undo(珊娜尼尔森),/Users/dong/Music/15/Undo（珊娜尼尔森） (15键).txt,/Users/dong/Desktop/Learn/muios/public/Undo（珊娜尼尔森） (15键).txt
PrettySavage-Blackpink,/Users/dong/Music/15/PrettySavage-Blackpink (15键).txt,/Users/dong/Desktop/Learn/muios/public/PrettySavage-Blackpink (15键).txt
你不要担心,/Users/dong/Music/15/你不要担心 (15键).txt,/Users/dong/Desktop/Learn/muios/public/你不要担心 (15键).txt
串烧,/Users/dong/Music/15/串烧 (15键).txt,/Users/dong/Desktop/Learn/muios/public/串烧 (15键).txt
瞬间邓紫棋,/Users/dong/Music/15/瞬间邓紫棋 (15键).txt,/Users/dong/Desktop/Learn/muios/public/瞬间邓紫棋 (15键).txt
千年幻想乡,/Users/dong/Music/15/千年幻想乡 (15键).txt,/Users/dong/Desktop/Learn/muios/public/千年幻想乡 (15键).txt
Oz二,/Users/dong/Music/15/Oz二 (15键).txt,/Users/dong/Desktop/Learn/muios/public/Oz二 (15键).txt
不问天,/Users/dong/Music/15/不问天 (15键).txt,/Users/dong/Desktop/Learn/muios/public/不问天 (15键).txt
她的悲伤夜的钢琴曲IV,/Users/dong/Music/15/她的悲伤夜的钢琴曲Ⅳ (15键).txt,/Users/dong/Desktop/Learn/muios/public/她的悲伤夜的钢琴曲Ⅳ (15键).txt
好きだから(因为喜欢你),/Users/dong/Music/15/好きだから（因为喜欢你） (15键).txt,/Users/dong/Desktop/Learn/muios/public/好きだから（因为喜欢你） (15键).txt
WhywouldIever,/Users/dong/Music/15/WhywouldIever (15键).txt,/Users/dong/Desktop/Learn/muios/public/WhywouldIever (15键).txt
WhywouldIever,/Users/dong/Music/15/Why would I ever (15键).txt,/Users/dong/Desktop/Learn/muios/public/Why would I ever (15键).txt
china,/Users/dong/Music/15/china (15键).txt,/Users/dong/Desktop/Learn/muios/public/china (15键).txt
淤泥深处的星星,/Users/dong/Music/15/淤泥深处的星星 (15键).txt,/Users/dong/Desktop/Learn/muios/public/淤泥深处的星星 (15键).txt
故乡日本童谣,/Users/dong/Music/15/故乡日本童谣 (15键).txt,/Users/dong/Desktop/Learn/muios/public/故乡日本童谣 (15键).txt
未完成的歌 薛之谦,/Users/dong/Music/15/未完成的歌.薛之谦 (15键).txt,/Users/dong/Desktop/Learn/muios/public/未完成的歌.薛之谦 (15键).txt
134340防弹少年团,/Users/dong/Music/15/134340防弹少年团 (15键).txt,/Users/dong/Desktop/Learn/muios/public/134340防弹少年团 (15键).txt
WhatDo-You-Mean,/Users/dong/Music/15/what.do.you.mean (15键).txt,/Users/dong/Desktop/Learn/muios/public/what.do.you.mean (15键).txt
Beat it,/Users/dong/Music/15/Beat it (15键).txt,/Users/dong/Desktop/Learn/muios/public/Beat it (15键).txt
Beat it,/Users/dong/Music/15/beat.it (15键).txt,/Users/dong/Desktop/Learn/muios/public/beat.it (15键).txt
忘不了C调简单版-童安格,/Users/dong/Music/15/忘不了C调简单版-童安格 (15键).txt,/Users/dong/Desktop/Learn/muios/public/忘不了C调简单版-童安格 (15键).txt
溺,/Users/dong/Music/15/溺 (15键).txt,/Users/dong/Desktop/Learn/muios/public/溺 (15键).txt
落叶归根王力宏,/Users/dong/Music/15/落叶归根王力宏 (15键).txt,/Users/dong/Desktop/Learn/muios/public/落叶归根王力宏 (15键).txt
流光记,/Users/dong/Music/15/流光记 (15键).txt,/Users/dong/Desktop/Learn/muios/public/流光记 (15键).txt
Comptine,/Users/dong/Music/15/Comptine (15键).txt,/Users/dong/Desktop/Learn/muios/public/Comptine (15键).txt
陨落 不是花火呀【,/Users/dong/Music/15/陨落不是花火呀 (15键).txt,/Users/dong/Desktop/Learn/muios/public/陨落不是花火呀 (15键).txt
蓝瘦香菇蓝瘦,/Users/dong/Music/15/蓝瘦香菇蓝瘦 (15键).txt,/Users/dong/Desktop/Learn/muios/public/蓝瘦香菇蓝瘦 (15键).txt
说好的幸福呢,/Users/dong/Music/15/说好的幸福呢 (15键).txt,/Users/dong/Desktop/Learn/muios/public/说好的幸福呢 (15键).txt
もぺもぺ,/Users/dong/Music/15/もぺもぺ (15键).txt,/Users/dong/Desktop/Learn/muios/public/もぺもぺ (15键).txt
一言难尽地下猎人主题曲-张宇,/Users/dong/Music/15/一言难尽地下猎人主题曲-张宇 (15键).txt,/Users/dong/Desktop/Learn/muios/public/一言难尽地下猎人主题曲-张宇 (15键).txt
卡路里西虹市首富插曲,/Users/dong/Music/15/卡路里西虹市首富插曲 (15键).txt,/Users/dong/Desktop/Learn/muios/public/卡路里西虹市首富插曲 (15键).txt
两小无猜,/Users/dong/Music/15/两小无猜 (15键).txt,/Users/dong/Desktop/Learn/muios/public/两小无猜 (15键).txt
*EHCO,/Users/dong/Music/15/*EHCO (15键).txt,/Users/dong/Desktop/Learn/muios/public/*EHCO (15键).txt
半个月亮爬上来王洛宾,/Users/dong/Music/15/半个月亮爬上来王洛宾 (15键).txt,/Users/dong/Desktop/Learn/muios/public/半个月亮爬上来王洛宾 (15键).txt
你我不一隔壁老樊新作超级治愈,/Users/dong/Music/15/你我不一隔壁老樊新作超级治愈 (15键).txt,/Users/dong/Desktop/Learn/muios/public/你我不一隔壁老樊新作超级治愈 (15键).txt
百分之7,/Users/dong/Music/15/百分之7 (15键).txt,/Users/dong/Desktop/Learn/muios/public/百分之7 (15键).txt
林俊杰串烧39首,/Users/dong/Music/15/林俊杰串烧39首 (15键).txt,/Users/dong/Desktop/Learn/muios/public/林俊杰串烧39首 (15键).txt
复仇者联盟,/Users/dong/Music/15/复仇者联盟 (15键).txt,/Users/dong/Desktop/Learn/muios/public/复仇者联盟 (15键).txt
JustLike-You-Louis-Tomlinson,/Users/dong/Music/15/JustLike-You-Louis-Tomlinson (15键).txt,/Users/dong/Desktop/Learn/muios/public/JustLike-You-Louis-Tomlinson (15键).txt
风起云涌倚天屠龙记主题曲,/Users/dong/Music/15/风起云涌倚天屠龙记主题曲 (15键).txt,/Users/dong/Desktop/Learn/muios/public/风起云涌倚天屠龙记主题曲 (15键).txt
milk(约会大作战),/Users/dong/Music/15/milk（约会大作战） (15键).txt,/Users/dong/Desktop/Learn/muios/public/milk（约会大作战） (15键).txt
作为怪物,/Users/dong/Music/15/作为怪物 (15键).txt,/Users/dong/Desktop/Learn/muios/public/作为怪物 (15键).txt
Roadto-Glory-岚,/Users/dong/Music/15/Roadto-Glory-岚 (15键).txt,/Users/dong/Desktop/Learn/muios/public/Roadto-Glory-岚 (15键).txt
青龙永夜(天刀),/Users/dong/Music/15/青龙永夜（天刀） (15键).txt,/Users/dong/Desktop/Learn/muios/public/青龙永夜（天刀） (15键).txt
雨爱海派甜心柿子谱,/Users/dong/Music/15/雨爱《海派甜心》柿子谱 (15键).txt,/Users/dong/Desktop/Learn/muios/public/雨爱《海派甜心》柿子谱 (15键).txt
亲爱的路人刘若英,/Users/dong/Music/15/亲爱的路人刘若英 (15键).txt,/Users/dong/Desktop/Learn/muios/public/亲爱的路人刘若英 (15键).txt
"生日快乐【完美版本,逐渐高潮】",/Users/dong/Music/15/生日快乐【完美版本，逐渐高潮】 (15键).txt,/Users/dong/Desktop/Learn/muios/public/生日快乐【完美版本，逐渐高潮】 (15键).txt
"生日快乐【完美版本,逐渐高潮】",/Users/dong/Music/15/生日快乐(完美版本，逐渐高潮) (15键).txt,/Users/dong/Desktop/Learn/muios/public/生日快乐(完美版本，逐渐高潮) (15键).txt
反方向的钟yyds,/Users/dong/Music/15/反方向的钟yyds (15键).txt,/Users/dong/Desktop/Learn/muios/public/反方向的钟yyds (15键).txt
这天苏打绿,/Users/dong/Music/15/这天苏打绿 (15键).txt,/Users/dong/Desktop/Learn/muios/public/这天苏打绿 (15键).txt
BarbieTingz-Nicki-Minaj,/Users/dong/Music/15/BarbieTingz-Nicki-Minaj (15键).txt,/Users/dong/Desktop/Learn/muios/public/BarbieTingz-Nicki-Minaj (15键).txt
其实你不懂我的心林文信版,/Users/dong/Music/15/其实你不懂我的心林文信版 (15键).txt,/Users/dong/Desktop/Learn/muios/public/其实你不懂我的心林文信版 (15键).txt
鸟语林宸汐缘插曲,/Users/dong/Music/15/鸟语林宸汐缘插曲 (15键).txt,/Users/dong/Desktop/Learn/muios/public/鸟语林宸汐缘插曲 (15键).txt
EwJoji,/Users/dong/Music/15/EwJoji (15键).txt,/Users/dong/Desktop/Learn/muios/public/EwJoji (15键).txt
绘旅人【乐园篇】一路同行,/Users/dong/Music/15/绘旅人【乐园篇】一路同行 (15键).txt,/Users/dong/Desktop/Learn/muios/public/绘旅人【乐园篇】一路同行 (15键).txt
我和我的祖国,/Users/dong/Music/15/《我和我的祖国》 (15键).txt,/Users/dong/Desktop/Learn/muios/public/《我和我的祖国》 (15键).txt
我和我的祖国,/Users/dong/Music/15/我和我的祖国 (15键).txt,/Users/dong/Desktop/Learn/muios/public/我和我的祖国 (15键).txt
让我留在你身边陈奕迅,/Users/dong/Music/15/让我留在你身边陈奕迅 (15键).txt,/Users/dong/Desktop/Learn/muios/public/让我留在你身边陈奕迅 (15键).txt
总有一天你会出现在我身边,/Users/dong/Music/15/总有一天你会出现在我身边 (15键).txt,/Users/dong/Desktop/Learn/muios/public/总有一天你会出现在我身边 (15键).txt
雨蝶,/Users/dong/Music/15/雨蝶 (15键).txt,/Users/dong/Desktop/Learn/muios/public/雨蝶 (15键).txt
いつかのひかり霜月はるか,/Users/dong/Music/15/いつかのひかり霜月はるか (15键).txt,/Users/dong/Desktop/Learn/muios/public/いつかのひかり霜月はるか (15键).txt
她说,/Users/dong/Music/15/她说 (15键).txt,/Users/dong/Desktop/Learn/muios/public/她说 (15键).txt
一首简单的歌王力宏,/Users/dong/Music/15/一首简单的歌王力宏 (15键).txt,/Users/dong/Desktop/Learn/muios/public/一首简单的歌王力宏 (15键).txt
有一种悲伤,/Users/dong/Music/15/有一种悲伤 (15键).txt,/Users/dong/Desktop/Learn/muios/public/有一种悲伤 (15键).txt
EvenIf-MercyMe,/Users/dong/Music/15/EvenIf-MercyMe (15键).txt,/Users/dong/Desktop/Learn/muios/public/EvenIf-MercyMe (15键).txt
开始懂了,/Users/dong/Music/15/开始懂了 (15键).txt,/Users/dong/Desktop/Learn/muios/public/开始懂了 (15键).txt
華のメッセンジャー幽閉サテライト,/Users/dong/Music/15/華のメッセンジャー幽閉サテライト (15键).txt,/Users/dong/Desktop/Learn/muios/public/華のメッセンジャー幽閉サテライト (15键).txt
TeléfonoAitana,/Users/dong/Music/15/TeléfonoAitana (15键).txt,/Users/dong/Desktop/Learn/muios/public/TeléfonoAitana (15键).txt
Itsuka阳光照耀的未来主题曲,/Users/dong/Music/15/Itsuka阳光照耀的未来主题曲 (15键).txt,/Users/dong/Desktop/Learn/muios/public/Itsuka阳光照耀的未来主题曲 (15键).txt
雨降る窓辺で雨降窗边-岸部真明,/Users/dong/Music/15/雨降る窓辺で雨降窗边-岸部真明 (15键).txt,/Users/dong/Desktop/Learn/muios/public/雨降る窓辺で雨降窗边-岸部真明 (15键).txt
学校2015-Reset,/Users/dong/Music/15/《学校2015-Reset》 (15键).txt,/Users/dong/Desktop/Learn/muios/public/《学校2015-Reset》 (15键).txt
断点,/Users/dong/Music/15/断点 (15键).txt,/Users/dong/Desktop/Learn/muios/public/断点 (15键).txt
听悲伤的情歌,/Users/dong/Music/15/听悲伤的情歌 (15键).txt,/Users/dong/Desktop/Learn/muios/public/听悲伤的情歌 (15键).txt
龙战骑士周杰伦,/Users/dong/Music/15/龙战骑士周杰伦 (15键).txt,/Users/dong/Desktop/Learn/muios/public/龙战骑士周杰伦 (15键).txt
ChildhoodDreams,/Users/dong/Music/15/ChildhoodDreams (15键).txt,/Users/dong/Desktop/Learn/muios/public/ChildhoodDreams (15键).txt
"春风再美也比不上你的笑,没见过你的人自然不会明了",/Users/dong/Music/15/春风再美也比不上你的笑，没见过你的人自然不会明了 (15键).txt,/Users/dong/Desktop/Learn/muios/public/春风再美也比不上你的笑，没见过你的人自然不会明了 (15键).txt
陀飞轮,/Users/dong/Music/15/陀飞轮 (15键).txt,/Users/dong/Desktop/Learn/muios/public/陀飞轮 (15键).txt
唉:晚夜微雨问海棠,/Users/dong/Music/15/唉:晚夜微雨问海棠 (15键).txt,/Users/dong/Desktop/Learn/muios/public/唉:晚夜微雨问海棠 (15键).txt
刻在我心底的名字,/Users/dong/Music/15/刻在我心底的名字 (15键).txt,/Users/dong/Desktop/Learn/muios/public/刻在我心底的名字 (15键).txt
Purple Passion,/Users/dong/Music/15/Purple.Passion (15键).txt,/Users/dong/Desktop/Learn/muios/public/Purple.Passion (15键).txt
Purple Passion,/Users/dong/Music/15/Purple Passion (15键).txt,/Users/dong/Desktop/Learn/muios/public/Purple Passion (15键).txt
我的歌声里,/Users/dong/Music/15/我的歌声里 (15键).txt,/Users/dong/Desktop/Learn/muios/public/我的歌声里 (15键).txt
征途,/Users/dong/Music/15/征途 (15键).txt,/Users/dong/Desktop/Learn/muios/public/征途 (15键).txt
Caramelldansen-扭腰舞,/Users/dong/Music/15/Caramelldansen-扭腰舞 (15键).txt,/Users/dong/Desktop/Learn/muios/public/Caramelldansen-扭腰舞 (15键).txt
廻廻奇谭[咒术回战op],/Users/dong/Music/15/廻廻奇谭[咒术回战op] (15键).txt,/Users/dong/Desktop/Learn/muios/public/廻廻奇谭[咒术回战op] (15键).txt
K,/Users/dong/Music/15/K. (15键).txt,/Users/dong/Desktop/Learn/muios/public/K. (15键).txt
K,/Users/dong/Music/15/K (15键).txt,/Users/dong/Desktop/Learn/muios/public/K (15键).txt
SometimesWhen-We-Touch-Dan-Hill,/Users/dong/Music/15/SometimesWhen-We-Touch-Dan-Hill (15键).txt,/Users/dong/Desktop/Learn/muios/public/SometimesWhen-We-Touch-Dan-Hill (15键).txt
扭腰歌初音未来,/Users/dong/Music/15/扭腰歌初音未来 (15键).txt,/Users/dong/Desktop/Learn/muios/public/扭腰歌初音未来 (15键).txt
五月贝尔,/Users/dong/Music/15/五月贝尔 (15键).txt,/Users/dong/Desktop/Learn/muios/public/五月贝尔 (15键).txt
甜甜的,/Users/dong/Music/15/甜甜的 (15键).txt,/Users/dong/Desktop/Learn/muios/public/甜甜的 (15键).txt
卡农疯狂版,/Users/dong/Music/15/卡农疯狂版 (15键).txt,/Users/dong/Desktop/Learn/muios/public/卡农疯狂版 (15键).txt
玫瑰三愿李谷一,/Users/dong/Music/15/玫瑰三愿李谷一 (15键).txt,/Users/dong/Desktop/Learn/muios/public/玫瑰三愿李谷一 (15键).txt
青柠徐秉龙,/Users/dong/Music/15/青柠徐秉龙 (15键).txt,/Users/dong/Desktop/Learn/muios/public/青柠徐秉龙 (15键).txt
地狱把妹王,/Users/dong/Music/15/地狱把妹王 (15键).txt,/Users/dong/Desktop/Learn/muios/public/地狱把妹王 (15键).txt
ThatGril,/Users/dong/Music/15/ThatGril (15键).txt,/Users/dong/Desktop/Learn/muios/public/ThatGril (15键).txt
sign,/Users/dong/Music/15/sign (15键).txt,/Users/dong/Desktop/Learn/muios/public/sign (15键).txt
彩云追月,/Users/dong/Music/15/彩云追月 (15键).txt,/Users/dong/Desktop/Learn/muios/public/彩云追月 (15键).txt
一步之遥(Prounacabeza)闻香识女人,/Users/dong/Music/15/一步之遥《（Prounacabeza）闻香识女人》 (15键).txt,/Users/dong/Desktop/Learn/muios/public/一步之遥《（Prounacabeza）闻香识女人》 (15键).txt
千本樱(华丽版),/Users/dong/Music/15/千本樱（华丽版） (15键).txt,/Users/dong/Desktop/Learn/muios/public/千本樱（华丽版） (15键).txt
AuroraK-391-ft-RØRY,/Users/dong/Music/15/AuroraK-391-ft-RØRY (15键).txt,/Users/dong/Desktop/Learn/muios/public/AuroraK-391-ft-RØRY (15键).txt
故事细腻钢琴简单演奏版林俊杰,/Users/dong/Music/15/故事细腻钢琴简单演奏版林俊杰 (15键).txt,/Users/dong/Desktop/Learn/muios/public/故事细腻钢琴简单演奏版林俊杰 (15键).txt
下一个天亮,/Users/dong/Music/15/下一个天亮 (15键).txt,/Users/dong/Desktop/Learn/muios/public/下一个天亮 (15键).txt
淋雨一直走,/Users/dong/Music/15/淋雨一直走 (15键).txt,/Users/dong/Desktop/Learn/muios/public/淋雨一直走 (15键).txt
月亮里的人汤普森现代钢琴第一册,/Users/dong/Music/15/月亮里的人汤普森现代钢琴第一册 (15键).txt,/Users/dong/Desktop/Learn/muios/public/月亮里的人汤普森现代钢琴第一册 (15键).txt
HowWould-You-Feel-Paean-Ed-Sheeran,/Users/dong/Music/15/HowWould-You-Feel--Paean--Ed-Sheeran (15键).txt,/Users/dong/Desktop/Learn/muios/public/HowWould-You-Feel--Paean--Ed-Sheeran (15键).txt
最美的瞬间,/Users/dong/Music/15/最美的瞬间 (15键).txt,/Users/dong/Desktop/Learn/muios/public/最美的瞬间 (15键).txt
WhatChild-Is-This-圣诞颂歌,/Users/dong/Music/15/WhatChild-Is-This-圣诞颂歌 (15键).txt,/Users/dong/Desktop/Learn/muios/public/WhatChild-Is-This-圣诞颂歌 (15键).txt
梦的光点,/Users/dong/Music/15/梦的光点 (15键).txt,/Users/dong/Desktop/Learn/muios/public/梦的光点 (15键).txt
情书不包邮后弦,/Users/dong/Music/15/情书不包邮后弦 (15键).txt,/Users/dong/Desktop/Learn/muios/public/情书不包邮后弦 (15键).txt
HeyYou-Pink-Floyd,/Users/dong/Music/15/HeyYou-Pink-Floyd (15键).txt,/Users/dong/Desktop/Learn/muios/public/HeyYou-Pink-Floyd (15键).txt
传说,/Users/dong/Music/15/传说 (15键).txt,/Users/dong/Desktop/Learn/muios/public/传说 (15键).txt
泉水,/Users/dong/Music/15/泉水 (15键).txt,/Users/dong/Desktop/Learn/muios/public/泉水 (15键).txt
预谋,/Users/dong/Music/15/预谋 (15键).txt,/Users/dong/Desktop/Learn/muios/public/预谋 (15键).txt
1Sided-Love-Blackbear,/Users/dong/Music/15/1Sided-Love-Blackbear (15键).txt,/Users/dong/Desktop/Learn/muios/public/1Sided-Love-Blackbear (15键).txt
Automatic宇多田光,/Users/dong/Music/15/Automatic宇多田光 (15键).txt,/Users/dong/Desktop/Learn/muios/public/Automatic宇多田光 (15键).txt
CelebrationKool-the-Gang,/Users/dong/Music/15/CelebrationKool---the-Gang (15键).txt,/Users/dong/Desktop/Learn/muios/public/CelebrationKool---the-Gang (15键).txt
塔兰泰拉舞曲皮埃松卡,/Users/dong/Music/15/塔兰泰拉舞曲皮埃松卡 (15键).txt,/Users/dong/Desktop/Learn/muios/public/塔兰泰拉舞曲皮埃松卡 (15键).txt
FindMy-Way-DaBaby,/Users/dong/Music/15/FindMy-Way-DaBaby (15键).txt,/Users/dong/Desktop/Learn/muios/public/FindMy-Way-DaBaby (15键).txt
常回家看看,/Users/dong/Music/15/常回家看看 (15键).txt,/Users/dong/Desktop/Learn/muios/public/常回家看看 (15键).txt
mc,/Users/dong/Music/15/mc (15键).txt,/Users/dong/Desktop/Learn/muios/public/mc (15键).txt
Love李闰珉Yiruma,/Users/dong/Music/15/Love李闰珉Yiruma (15键).txt,/Users/dong/Desktop/Learn/muios/public/Love李闰珉Yiruma (15键).txt
MyWay-理查德-克莱德曼,/Users/dong/Music/15/MyWay-理查德-克莱德曼 (15键).txt,/Users/dong/Desktop/Learn/muios/public/MyWay-理查德-克莱德曼 (15键).txt
